effective_date,code,ticker,company_name,market,sector_33_code,sector_33,sector_17_code,sector_17,scale_category_code,scale_category,is_financial,latest_date,close,adj_close,volume,avg_trading_value_60d,history_days,daily_return_mean,annual_volatility,max_drawdown,return_12m_ex_1m,cumulative_return,price_history_days,company_name_ja,revenue,operating_income,ordinary_income,net_income,total_assets,equity,operating_cf,investing_cf,financing_cf,rd_expense,capex,employees,revenue_growth,operating_income_growth,operating_margin,roe,equity_ratio,ocf_margin,rd_ratio,capex_ratio,market_cap,enterprise_value,trailing_pe,forward_pe,price_to_book,dividend_yield,beta,shares_outstanding,ebitda,dividend_yield_clean,pe_for_score,pbr_for_score,profitability_score,cash_generation_score,stability_score,competitive_position_score,moat_score,transformation_score,ai_infrastructure_exposure,automation_exposure,data_software_exposure,trust_security_exposure,intangible_investment_score,future_moat_score,valuation_score,bb_score,momentum_score,risk_score,adjusted_bb_score,price_available,liquid_20m_60d,operating_loss_years_3y,operating_income_years_available,negative_ocf_years_3y,operating_cf_years_available,is_financial_like,investment_eligible,category,score_rank
20260430,9022,9022.T,Central Japan Railway Company,Prime Market (Domestic),5050,Land Transportation,12,TRANSPORTATION & LOGISTICS,2,TOPIX Large70,False,2026-06-01,3386.0,3386.0,2912500.0,11293249795.0,1222.0,0.0001721863958815,0.2327191119661347,-0.3030610509381947,0.2862562232403768,0.0821336008655786,1222.0,東海旅客鉄道株式会社,2033041000000.0,703824000000.0,649294000000.0,464391000000.0,10640544000000.0,4658550000000.0,624550000000.0,,-95532000000.0,,,29144.0,0.1273747952625106,0.3708956092729525,0.3461927231177334,0.0996857391248349,0.437811262281327,0.307199903986196,,,3234494414848.0,7828844576768.0,5.930986,7.976067,0.6381434,0.92,0.159,955255309.0,1036102991872.0,0.92,5.930986,0.6381434,0.4129531939655757,0.922849052785838,0.8036868230498782,0.6957943761301352,0.6751421209204138,1.8758957916284469,0.0,0.0,0.0,0.0,0.0,-0.411080513804854,2.760599394025213,0.9622823391455616,-0.0092720993553059,-0.7836871543015949,1.0397238446401904,True,True,0.0,3.0,0.0,3.0,False,True,Transformation Moat,1
20260430,9501,9501.T,"Tokyo Electric Power Company Holdings,Incorporated",Prime Market (Domestic),4050,Electric Power and Gas,11,ELECTRIC POWER & GAS,4,TOPIX Mid400,False,2026-06-01,558.9000244140625,558.9000244140625,32028700.0,35605341998.17322,1222.0,0.0008460238439197,0.469940697789284,-0.6648306887521163,0.4121170694053112,0.6535503680889423,1222.0,東京電力ホールディングス株式会社,8917288000000.0,234452000000.0,403481000000.0,161846000000.0,21346787000000.0,3786130000000.0,361249000000.0,,194169000000.0,,,38074.0,-0.0404651953427093,-0.159236308345526,0.0262918501678985,0.0427470794716504,0.177362991442225,0.0405110836388821,,,895750242304.0,6608599908352.0,,2.6368184,0.26426095,,-0.008,1602702047.0,726727983104.0,,2.6368184,0.26426095,-0.6045854679117583,-0.027293645851091,-0.6848251458774542,-0.1679369105621948,-0.3889807365198179,2.040370881651407,1.0986122886681098,0.0,0.0,0.0,0.0,0.2393676809359459,3.2217824040371363,0.9484761643432604,0.2144728556664387,0.830335228733784,0.8868899270365259,True,True,1.0,3.0,1.0,3.0,False,True,Transformation Moat,3
20260430,8309,8309.T,"Sumitomo Mitsui Trust Group,Inc.",Prime Market (Domestic),7050,Banks,15,BANKS,2,TOPIX Large70,True,2026-06-01,5468.0,5468.0,2643900.0,12596604166.666666,1222.0,0.0011813966034256,0.2731632091504134,-0.2606695465210208,0.4604328227115899,2.522715706868909,1222.0,三井住友トラストグループ株式会社,157127000000.0,150244000000.0,367694000000.0,259138000000.0,78247102000000.0,3127317000000.0,3976669000000.0,,-47585000000.0,,,23125.0,0.4183039435272186,0.4474065694311384,0.9561946705531196,0.0828627222632051,0.0399671926507898,25.308629325322823,,,3811114221568.0,-467693010944.0,12.107793,14.723067,1.0710787,0.87,0.334,696985020.0,,0.87,12.107793,1.0710787,0.7716717928632685,2.899583956008088,0.5499092314265771,1.959826919309974,1.4969283466514762,1.1147050320315597,0.0,0.0,0.0,0.0,0.0,-0.411080513804854,1.0208526265275406,0.7575585018410075,0.3003645875255153,-0.7585850389470676,0.8634534644882659,True,True,0.0,3.0,0.0,3.0,True,True,Core Moat,4
20260430,3449,3449.T,TECHNOFLEX CORPORATION,Standard Market(Domestic),3550,Metal Products,3,CONSTRUCTION & MATERIALS,-,,False,2026-06-01,6830.0,6830.0,139100.0,702634568.3333334,1222.0,0.0018707996551113,0.2655215031428141,-0.1479896961605018,4.048340451063108,7.294320707569151,1222.0,株式会社テクノフレックス,26608142000.0,4609699000.0,3924174000.0,3123183000.0,38995023000.0,25688017000.0,5219019000.0,,-2332487000.0,,,809.0,0.1135524323034233,0.5250105424428597,0.173243926614643,0.121581319414418,0.6587511693479448,0.1961436841399899,,,,,,,,,,,,,,,0.4045510372478811,0.5271847115222237,0.5978592137853305,0.2288332041956985,0.4387275245135201,0.1190728255299944,1.0986122886681098,0.0,0.0,0.0,0.0,0.2393676809359459,0.0,0.2331967680173384,5.109614166478054,-1.0533377501226089,0.8494919596774049,True,True,0.0,3.0,0.0,3.0,False,True,Core Moat,5
20260430,8630,8630.T,"Sompo Holdings,Inc.",Prime Market (Domestic),7150,Insurance,16,FINANCIALS (EX BANKS),2,TOPIX Large70,True,2026-06-01,5906.0,5906.0,2798500.0,16838103215.0,1222.0,0.0014873002200741,0.3087939913682631,-0.289548038656869,0.2696448579070625,3.8703222809261297,1222.0,ＳＯＭＰＯホールディングス株式会社,142732000000.0,119448000000.0,117818000000.0,153753000000.0,1428183000000.0,2865132000000.0,473137000000.0,,-87612000000.0,,,54106.0,-0.0170715238004429,-0.0099826230732406,0.8368690973292604,0.0536634961321153,2.00613786888655,3.314862819830171,,,5269587230720.0,5016131731456.0,8.421983,21.636078,1.0196918,3.36,0.177,892243020.0,943981985792.0,0.0336,8.421983,1.0196918,1.8566730603446413,2.899583956008088,0.3263341060454839,1.959826919309974,1.831963765193738,0.4596552435751219,0.0,0.0,0.0,1.0986122886681098,0.0,-0.1926235192046947,1.0991999848863894,0.7715958824234518,-0.0388024044708588,-0.577335781986873,0.8254492201750532,True,True,0.0,3.0,0.0,2.0,True,True,Core Moat,6
20260430,8473,8473.T,"SBI Holdings,Inc.",Prime Market (Domestic),7100,Securities and Commodities Futures,16,FINANCIALS (EX BANKS),4,TOPIX Mid400,True,2026-06-01,2911.0,2911.0,2920900.0,11570306420.0,1222.0,0.0009976879686571,0.3193809469454736,-0.3174396791500968,0.5681549613673558,1.6347975092028215,1222.0,ＳＢＩホールディングス株式会社,176300000000.0,131256000000.0,112730000000.0,59680000000.0,2209943000000.0,571359000000.0,,,,,,19156.0,0.5654236266123918,0.8058963727044945,0.744503686897334,0.1044527171183091,0.2585401523930707,,,,1881560842240.0,-1703848443904.0,4.6614037,7.1542673,1.0482572,3.26,0.45,646362398.0,883399000064.0,0.0326,4.6614037,1.0482572,0.9454094011112968,0.0,0.2599033466502228,1.771232645731125,0.7371204888652234,1.3721741861615424,0.0,0.0,0.0,0.0,0.0,-0.411080513804854,1.897985257366412,0.7255533276634583,0.4918640554124197,-0.4770781136489973,0.8224475445696,True,True,0.0,3.0,0.0,0.0,True,True,Transformation Moat,7
20260430,6178,6178.T,"JAPAN POST HOLDINGS Co.,Ltd.",Prime Market (Domestic),9050,Services,10,"IT & SERVICES, OTHERS",2,TOPIX Large70,False,2026-06-01,2035.0,2035.0,5647800.0,10722098913.333334,1222.0,0.0009533728110344,0.2558217916488027,-0.2807954623732773,0.4301590420339574,1.7256368509806477,1222.0,日本郵政株式会社,207244000000.0,139262000000.0,955906000000.0,599405000000.0,304492161000000.0,15289540000000.0,2794869000000.0,,215896000000.0,,,218718.0,-0.1029789844663696,-0.121962715340067,0.6719712030263844,0.039203599323459,0.0502132467048962,13.485886201771825,,,5710855274496.0,-19740376432640.0,15.770305,16.348007,0.5878693,2.9,0.19,2806316928.0,,0.0289999999999999,15.770305,0.5878693,0.4079455254612867,2.899583956008088,0.6587227165895889,1.5753951819469287,1.314500502620776,0.569405371019038,0.0,0.0,1.0986122886681098,0.6931471805599453,0.0,0.0654440910643846,0.8130709977235504,0.6782953705188403,0.2465463755680128,-0.7646636672278373,0.7794163747984253,True,True,0.0,3.0,2.0,3.0,True,True,Core Moat,9
20260430,6777,6777.T,santec Holdings Corporation,Standard Market(Domestic),3650,Electric Appliances,9,ELECTRIC APPLIANCES & PRECISION INSTRUMENTS,-,,False,2026-06-01,25380.0,25380.0,150300.0,6644598083.333333,1222.0,0.003029606562102,0.5776400668276193,-0.6218053398486106,5.088906370455208,17.217455545476266,1222.0,ｓａｎｔｅｃ　Ｈｏｌｄｉｎｇｓ株式会社,24026716000.0,7429087000.0,7887932000.0,5067844000.0,29527373000.0,21428211000.0,6001678000.0,,-700473000.0,,,350.0,0.2553557856733508,0.3657576332554233,0.3092010993096185,0.2365033646532601,0.7257066519259943,0.2497918566981854,,,298478436352.0,280270340096.0,38.927574,57.394844,12.032057,0.92,1.185,11760380.0,11098999808.0,0.92,38.927574,12.032057,1.0355377253305107,0.7183191557220214,-1.3606144055403482,0.5959171156087733,0.3890785348098691,0.0599310669096628,1.3862943611198906,1.3862943611198906,0.0,0.0,0.0,0.9723460085165826,-0.3948089729194864,0.3641887837874282,5.109614166478054,1.065049150073305,0.7686452854279032,True,True,0.0,3.0,0.0,3.0,False,True,Future Moat,10
20260430,5844,5844.T,"Kyoto Financial Group,Inc.",Prime Market (Domestic),7050,Banks,15,BANKS,4,TOPIX Mid400,True,2026-06-01,4341.0,4341.0,970900.0,5527211130.0,1222.0,0.0012672551397826,0.3237207151558594,-0.3601680526023386,0.8597906951690399,2.6393552344677293,1222.0,株式会社京都フィナンシャルグループ,31329000000.0,30044000000.0,50915000000.0,36554000000.0,12161140000000.0,1083193000000.0,501615000000.0,,-24020000000.0,,,3580.0,1.6236496105853782,1.677957037169088,0.9589836892336174,0.0337465253191259,0.0890700213960204,16.01120367710428,,,1229082460160.0,1030209404928.0,12.807576,31.207764,1.0852517,2.49,0.182,283133476.0,,0.0249,12.807576,1.0852517,0.6921940932244152,2.899583956008088,0.2326722795400596,1.959826919309974,1.405663761400574,1.0288353327158584,0.0,0.0,0.0,0.0,0.0,-0.411080513804854,0.4594327962113272,0.6244987268893798,1.0103098320813748,-0.3607804828250046,0.7616077583800178,True,True,0.0,2.0,1.0,2.0,True,True,Core Moat,11
20260430,6627,6627.T,"Tera Probe,Inc.",Standard Market(Domestic),3650,Electric Appliances,9,ELECTRIC APPLIANCES & PRECISION INSTRUMENTS,-,,False,2026-06-01,11040.0,11040.0,95500.0,1317274283.3333333,1222.0,0.0023263326203263,0.5998656684228829,-0.7400823272046615,3.1645008510296124,6.241571894274277,1222.0,株式会社テラプローブ,41746379000.0,8893949000.0,8750990000.0,6952842000.0,100572987000.0,59928689000.0,20140044000.0,,11838381000.0,,,1127.0,0.0858898018658074,0.1123056961888198,0.2130471962610218,0.1160185900278913,0.5958726173659334,0.4824381055899483,,,,,,,,,,,,,,,0.3918096016134114,1.547177052584381,-1.5000750447413025,0.3363018990736263,0.291172994577254,0.0057916882653901,1.3862943611198906,1.3862943611198906,0.0,0.0,0.0,0.9723460085165826,0.0,0.3805036229944984,5.107432057729099,1.4190347673181185,0.7493433520355965,True,True,0.0,3.0,0.0,3.0,False,True,Future Moat,12
20260430,6524,6524.T,"KOHOKU KOGYO CO.,LTD.",Standard Market(Domestic),3650,Electric Appliances,9,ELECTRIC APPLIANCES & PRECISION INSTRUMENTS,-,,False,2026-06-01,6070.0,6070.0,171400.0,1717554650.0,1084.0,0.0017976296840307,0.5438920731585133,-0.5850666409072383,2.3767692198368775,2.7447741188807093,1084.0,湖北工業株式会社,17454000000.0,4624000000.0,4547000000.0,2992000000.0,28319000000.0,23441000000.0,3343000000.0,,-3646000000.0,641000000.0,,1710.0,0.1382337235828095,0.2823342868880141,0.2649249455712157,0.1276396058188643,0.8277481549489741,0.1915320270425117,0.0367251059928956,,,,,,,,,,,,,,0.7722001105681365,0.5107545802775781,-1.148853353823924,0.8299250392403015,0.3341730208515178,0.0820214316395008,1.3862943611198906,1.3862943611198906,0.0,0.0,0.7071067811865475,1.1491227038132197,0.0,0.4654940753092964,3.7070682133651744,0.8708229281976265,0.7491186038260512,True,True,0.0,3.0,0.0,3.0,False,True,Future Moat,13
20260430,6387,6387.T,SAMCO INC.,Prime Market (Domestic),3600,Machinery,8,MACHINERY,7,TOPIX Small 2,False,2026-06-01,11050.0,11050.0,175200.0,1829675283.3333333,1222.0,0.0015876345592363,0.5170593993152873,-0.7019717216018018,3.5000342331276997,2.6697164395525848,1222.0,サムコ　株式会社,9342282000.0,2342740000.0,2373332000.0,1697328000.0,17774224000.0,13558675000.0,1206003000.0,,-404592000.0,,,191.0,0.092268013589934,0.122594867641957,0.2507674249182373,0.125183913619878,0.762827958058816,0.1290908366927909,,,,,,,,,,,,,,,0.6685296352905628,0.2882929074270931,-0.9804843749412798,0.4381463902499121,0.1975910022701967,0.012722425036287,1.0986122886681098,1.3862943611198906,0.0,0.0,0.0,0.8020199648197579,0.0,0.3030638963860581,5.109614166478054,1.067502982424961,0.7072750147913675,True,True,0.0,3.0,1.0,3.0,False,True,Future Moat,14
20260430,6800,6800.T,"YOKOWO CO.,LTD.",Prime Market (Domestic),3650,Electric Appliances,9,ELECTRIC APPLIANCES & PRECISION INSTRUMENTS,7,TOPIX Small 2,False,2026-06-01,5170.0,5170.0,121000.0,835476995.0,1222.0,0.001117362053713,0.425757660455745,-0.6154404403033261,3.166816847624265,1.5316301037784092,1222.0,株式会社ヨコオ,82884000000.0,4226000000.0,3926000000.0,2240000000.0,76278000000.0,52030000000.0,7239000000.0,,-4615000000.0,,,7733.0,0.0310835666238158,-0.1723297192152675,0.0509869214806235,0.0430520853353834,0.6821101759353942,0.0873389315187491,,,,,,,,,,,,,,,-0.0033299281382772,0.1395417606649832,-0.4075865477695826,-0.1012603006385837,-0.0680494043637845,-0.0981279469503944,1.3862943611198906,1.3862943611198906,0.0,0.0,0.0,0.9723460085165826,0.0,0.2467569945082408,5.109614166478054,0.5729492791584487,0.7004234832402013,True,True,0.0,3.0,0.0,3.0,False,True,Future Moat,16
20260430,9513,9513.T,"Electric Power Development Co.,Ltd.",Prime Market (Domestic),4050,Electric Power and Gas,11,ELECTRIC POWER & GAS,4,TOPIX Mid400,False,2026-06-01,3954.0,3954.0,719900.0,5372123065.0,1222.0,0.0010576501326825,0.2605049348436094,-0.1790906796786056,0.6121708880824486,2.092807224323274,1222.0,電源開発株式会社,1383337000000.0,138310000000.0,140598000000.0,102530000000.0,3931480000000.0,1463502000000.0,250335000000.0,,-133697000000.0,,,7127.0,-0.1783211060872911,-0.1326889179762284,0.0999828675152909,0.0700579842050096,0.3722521798406707,0.1809645805758105,,,695936745472.0,2117931368448.0,12.151945,10.946238,0.49702734,2.74,-0.234,176008295.0,217066995712.0,0.0274,12.151945,0.49702734,-0.183005014419765,0.4731055251334715,0.6293370488668076,0.0310285897323641,0.1862977539562844,0.8468416553871603,1.0986122886681098,0.0,0.0,0.0,0.0,0.2393676809359459,1.312225274398718,0.5362438354742669,0.5701119128136252,-0.9943524596167784,0.6926902727173073,True,True,0.0,3.0,0.0,3.0,False,True,Transformation Moat,17
20260430,8050,8050.T,SEIKO GROUP CORPORATION,Prime Market (Domestic),3750,Precision Instruments,9,ELECTRIC APPLIANCES & PRECISION INSTRUMENTS,6,TOPIX Small 1,False,2026-06-01,7420.0,7420.0,436100.0,1845328000.0,1222.0,0.0019565289157285,0.3862891128609567,-0.3719009043404572,2.3792878497384877,6.611660153170776,1222.0,セイコーグループ株式会社,315445000000.0,30533000000.0,20769000000.0,13508000000.0,369236000000.0,158014000000.0,32609000000.0,,-16520000000.0,,,11367.0,0.0748107111617399,0.2008632106792029,0.0967934188210306,0.0854860961686939,0.4279485207292897,0.103374597790423,,,,,,,,,,,,,,,-0.0854425138952777,0.1966726565381851,-0.1599303098805966,0.0224170889285991,-0.0082393599192004,0.0178164611677985,1.3862943611198906,1.3862943611198906,0.0,0.0,0.0,0.9723460085165826,0.0,0.2936861098711643,3.7115456243410527,-0.1361657663271351,0.6784572489379831,True,True,0.0,3.0,0.0,3.0,False,True,Future Moat,18
20260430,9984,9984.T,SoftBank Group Corp.,Prime Market (Domestic),5250,Information & Communication,10,"IT & SERVICES, OTHERS",1,TOPIX Core30,False,2026-06-01,8541.0,8541.0,100911200.0,348913306723.3333,1222.0,0.0017338407381402,0.52183024514636,-0.5079229021101428,3.057787119251607,3.31157921305771,1222.0,ソフトバンクグループ株式会社,408569000000.0,304715000000.0,-481572000000.0,1082903000000.0,23044859000000.0,5325482000000.0,,,,,,67229.0,-0.2114794671747563,-0.4853925904909555,0.7458103771945498,0.2033436597851612,0.2310919758719287,,,,48674507849728.0,65838660976640.0,9.786868,28.924109,2.7927911,0.15,0.901,5698923701.0,929463009280.0,0.15,9.786868,2.7927911,1.1864464720544774,0.0,-1.010420356933884,1.774760705161896,0.5681243348646695,-0.2685930898171863,0.0,0.0,1.6094379124341005,0.6931471805599453,0.0,0.1854386963944602,0.4741573348461673,0.2300442371503674,4.917725251804855,0.6161922243000091,0.660197539900852,True,True,1.0,3.0,0.0,0.0,True,True,Core Moat,20
20260430,6617,6617.T,"TAKAOKA TOKO CO.,LTD.",Prime Market (Domestic),3650,Electric Appliances,9,ELECTRIC APPLIANCES & PRECISION INSTRUMENTS,7,TOPIX Small 2,False,2026-06-01,8180.0,8180.0,161000.0,971058550.0,1222.0,0.0018243740326068,0.3812551586665256,-0.446317270388011,2.4306687127349313,5.5247138633578015,1222.0,株式会社東光高岳,115222000000.0,11254000000.0,6302000000.0,4280000000.0,113652000000.0,66456000000.0,5039000000.0,,-3349000000.0,,,2547.0,0.0448823419651787,0.0879498305639594,0.0976723195223134,0.0644035151077404,0.5847323408299018,0.0437329676624255,,,,,,,,,,,,,,,0.0315047538802546,-0.0158149135336357,-0.1283433822262605,0.0247901178815799,-0.0136377173942559,-0.029318055419867,1.3862943611198906,1.3862943611198906,0.0,0.0,0.0,0.9723460085165826,0.0,0.2802829734817312,3.802886253539211,0.0268492620739026,0.6578866726282621,True,True,0.0,3.0,0.0,3.0,False,True,Future Moat,21
20260430,6356,6356.T,"NIPPON GEAR CO.,LTD.",Standard Market(Domestic),3600,Machinery,8,MACHINERY,-,,False,2026-06-01,1492.0,1492.0,527500.0,5332541846.666667,1222.0,0.0018517295247381,0.5388403879290268,-0.4792169163431881,2.0098422041820996,3.8617259028626494,1222.0,日本ギア工業株式会社,9555548000.0,2105777000.0,2152900000.0,1550400000.0,15233746000.0,12561580000.0,1289921000.0,,-384305000.0,,,264.0,0.1272292937098107,0.4774873825492756,0.2203721858756818,0.1234239641828496,0.8245890406732527,0.1349918392958729,,,21241489408.0,23802957824.0,12.129095,,3.8963141,0.6,0.395,14236923.0,1256057984.0,0.6,12.129095,3.8963141,0.677061702310859,0.3093166403704316,-1.1171551679221152,0.3560793465264513,0.1620855916222757,0.2645319198849592,1.0986122886681098,1.3862943611198906,0.0,0.0,0.0,0.8020199648197579,0.3727357169046759,0.4112750044395513,3.0547758514788113,0.6006134762258731,0.6566912419648452,True,True,0.0,3.0,0.0,3.0,False,True,Future Moat,22
20260430,1909,1909.T,"Nippon Dry-Chemical CO.,LTD.",Standard Market(Domestic),3600,Machinery,8,MACHINERY,-,,False,2026-06-01,3750.0,3750.0,299800.0,1098486153.3333333,1222.0,0.00215208951066,0.3956032723115382,-0.4066914944077054,2.323115467814848,8.497687643870103,1222.0,日本ドライケミカル株式会社,55727078000.0,6128252000.0,5817169000.0,4204018000.0,50939579000.0,30517857000.0,8942669000.0,,-3361717000.0,,,1157.0,0.0533518479875068,0.2602916039048215,0.1099690172163701,0.1377560029853996,0.5990991209409092,0.160472598258247,,,,,,,,,,,,,,,0.2689346887371733,0.4000979376602753,-0.2183745605358641,0.0579911605152452,0.1620749454689556,0.0157621308901862,1.0986122886681098,1.3862943611198906,0.0,0.0,0.0,0.8020199648197579,0.0,0.2931690058091606,3.611687030902876,-0.0233260246461744,0.6566703113640656,True,True,0.0,3.0,0.0,3.0,False,True,Future Moat,23
20260430,4971,4971.T,MEC COMPANY LTD.,Prime Market (Domestic),3200,Chemicals,4,RAW MATERIALS & CHEMICALS,6,TOPIX Small 1,False,2026-06-01,11100.0,11100.0,335400.0,2863908933.3333335,1222.0,0.0016418289054507,0.4891852339921811,-0.607191279290515,3.435703362550969,3.178125383093156,1222.0,メック株式会社,26740510000.0,5914601000.0,7224721000.0,5766868000.0,41814028000.0,30472068000.0,3979322000.0,,-2252707000.0,,,508.0,0.2520458349051624,0.5403550527231435,0.2211850484527034,0.1892509559902531,0.7287522742367705,0.1488124946008883,,,,,,,,,,,,,,,0.7519679709647513,0.3585560299756523,-0.8055802718288644,0.3582740727648664,0.2633665575187763,0.222519382869513,1.0986122886681098,0.0,0.0,0.0,0.0,0.2393676809359459,0.0,0.2064501172537949,5.109614166478054,0.7522456099124031,0.6421869729103602,True,True,0.0,3.0,0.0,3.0,False,True,Core Moat,24
20260430,6278,6278.T,UNION TOOL CO.,Prime Market (Domestic),3600,Machinery,8,MACHINERY,6,TOPIX Small 1,False,2026-06-01,23070.0,23070.0,373300.0,5832879450.0,1222.0,0.0019620681240233,0.4414634156104669,-0.5625445979653356,4.719437395404624,5.859530169246042,1222.0,ユニオンツール株式会社,54730000000.0,8728000000.0,8136000000.0,6114000000.0,98070000000.0,79998000000.0,7507000000.0,,-2258000000.0,,,1530.0,0.2748684406212598,0.519939816590155,0.1594737803763932,0.0764269106727668,0.8157234628326705,0.13716426091723,,,443256012800.0,369221107712.0,65.073906,59.92986,4.873522,0.59,0.936,19213523.0,13437500416.0,0.59,65.073906,4.873522,0.4298779557006694,0.3170564119109307,-0.5061366204694355,0.191653855422336,0.166824834463547,-0.052906912907284,1.0986122886681098,1.3862943611198906,0.0,0.0,0.0,0.8020199648197579,-0.6467403629947238,0.1804156571089618,5.109614166478054,0.4951488556894702,0.6418621881878204,True,True,0.0,3.0,0.0,3.0,False,True,Future Moat,25
20260430,9503,9503.T,"The Kansai Electric Power Company,Incorporated",Prime Market (Domestic),4050,Electric Power and Gas,11,ELECTRIC POWER & GAS,4,TOPIX Mid400,False,2026-06-01,2288.5,2288.5,4726200.0,10170685626.666666,1222.0,0.0009621231539307,0.3025433441481986,-0.44769335169837,0.4663709302025981,1.5880941736242589,1222.0,関西電力株式会社,5405733000000.0,468877000000.0,540270000000.0,451137000000.0,12563154000000.0,3107452000000.0,575299000000.0,,137673000000.0,,,31428.0,0.0312632645245176,-0.3567643205498433,0.0867369883048237,0.1451790727580023,0.2473464863998324,0.1064238651816506,,,2549534162944.0,6218482450432.0,6.7068167,6.9658785,0.73788524,3.43,0.201,1114063522.0,822817980416.0,0.0343,6.7068167,0.73788524,-0.1401497515451562,0.2075364008233541,0.3655555081296291,-0.0047352398199925,0.0749957408269611,0.8646823918747814,1.0986122886681098,0.0,0.0,0.0,0.0,0.2393676809359459,1.8129456945318805,0.5824214786773496,0.3109208616486753,-0.2169445887480186,0.635208023717019,True,True,1.0,3.0,0.0,3.0,False,True,Transformation Moat,26
20260430,6941,6941.T,"YAMAICHI ELECTRONICS CO.,LTD.",Prime Market (Domestic),3650,Electric Appliances,9,ELECTRIC APPLIANCES & PRECISION INSTRUMENTS,6,TOPIX Small 1,False,2026-06-01,10080.0,10080.0,799000.0,3975964583.3333335,1222.0,0.0020496691199986,0.4667089412705804,-0.5274260024244461,3.505801064605503,6.240652277553357,1222.0,山一電機株式会社,45298813000.0,8300040000.0,7689163000.0,5240971000.0,53389812000.0,39676501000.0,9005984000.0,,-5493183000.0,,,2061.0,-0.0181124097858463,-0.0467672853723359,0.1832286422162982,0.132092570360476,0.7431474192117402,0.1988128033288642,,,186045759488.0,149209038848.0,20.459528,31.091917,3.9948258,1.72,0.851,18456920.0,14830999552.0,0.0172,20.459528,3.9948258,0.5440690669900475,0.5366940869276041,-0.6645466023289952,0.2557919029149327,0.2428467552956051,-0.4947431342458253,1.6094379124341005,1.3862943611198906,0.0,0.0,0.0,0.9723460085165826,-0.4562752975333535,0.1724307509521969,5.109614166478054,0.4900143725015419,0.6343907303498483,True,True,0.0,3.0,0.0,3.0,False,True,Future Moat,27
20260430,7186,7186.T,"Yokohama Financial Group,Inc.",Prime Market (Domestic),7050,Banks,15,BANKS,4,TOPIX Mid400,True,2026-06-01,1586.0,1586.0,3247900.0,5754565674.166667,1222.0,0.0014684573393556,0.3281567882182367,-0.2988861701422451,0.6718955742240702,3.615932314880368,1222.0,株式会社コンコルディア・フィナンシャルグループ,114917000000.0,113586000000.0,122764000000.0,113495000000.0,24793138000000.0,1292594000000.0,376257000000.0,,-70611000000.0,,,5941.0,1.2386213572400089,1.2874546698846787,0.988417727577295,0.0878040591245201,0.0521351512664512,3.274163091622649,,,1762803318784.0,303039709184.0,16.872341,21.409286,1.2556885,2.96,0.208,1111477483.0,,0.0296,16.872341,1.2556885,0.7985119226936627,2.899583956008088,0.2048369211957837,1.959826919309974,1.4373079300459553,0.7431205705379766,0.0,0.0,0.0,0.0,0.0,-0.411080513804854,0.0977246228444975,0.5083070609334991,0.6762854975433295,-0.4941110513808106,0.6253467158259132,True,True,0.0,3.0,1.0,3.0,True,True,Core Moat,28
20260430,6871,6871.T,"MICRONICS JAPAN CO.,LTD.",Prime Market (Domestic),3650,Electric Appliances,9,ELECTRIC APPLIANCES & PRECISION INSTRUMENTS,6,TOPIX Small 1,False,2026-06-01,14500.0,14500.0,863200.0,12744986383.333334,1222.0,0.0026411883785009,0.6018077302369536,-0.7066136657066697,2.9782580841401423,9.51869835358426,1222.0,株式会社日本マイクロニクス,70173000000.0,20844000000.0,17100000000.0,12063000000.0,99026000000.0,66052000000.0,12903000000.0,,3276000000.0,,,1785.0,0.3537267061655753,0.5584622146466922,0.2970373220469411,0.1826288378853025,0.6670167430775756,0.183874139626352,,,562081300480.0,559288745984.0,46.622295,66.20702,7.5972314,0.64,1.621,38764228.0,25488250880.0,0.64,46.622295,7.5972314,0.8024928428628989,0.4834715250449966,-1.5122610447826137,0.5630749576951287,0.2119031588457667,0.0236553646952603,1.3862943611198906,1.3862943611198906,0.0,0.0,0.0,0.9723460085165826,-0.5826973500864419,0.2737839888695536,4.776345140943221,1.344708268327134,0.6169476761311623,True,True,0.0,3.0,0.0,3.0,False,True,Future Moat,30
20260430,6264,6264.T,"Marumae Co.,Ltd.",Prime Market (Domestic),3600,Machinery,8,MACHINERY,7,TOPIX Small 2,False,2026-06-01,2237.0,2237.0,952000.0,1848958473.3333333,1222.0,0.0013927886661722,0.54261806458261,-0.7158522018107996,2.5412712784768248,1.684031273340452,1222.0,株式会社マルマエ,11404610000.0,2209608000.0,1936263000.0,1355987000.0,25423446000.0,8151519000.0,3058988000.0,,7875602000.0,,,462.0,0.2885771851016432,0.6033864656049648,0.1937469146248753,0.1663477690477075,0.3206299806879051,0.2682238147556119,,,,,,,,,,,,,,,0.190754141183368,0.783987414132848,-1.140859237238084,0.2841912032277687,0.0914271961453277,0.2631423237138325,1.0986122886681098,1.3862943611198906,0.0,0.0,0.0,0.8020199648197579,0.0,0.3338197292179838,3.999506305376302,1.1810934385595506,0.6156610158996589,True,True,0.0,3.0,0.0,3.0,False,True,Future Moat,31
20260430,6920,6920.T,Lasertec Corporation,Prime Market (Domestic),3650,Electric Appliances,9,ELECTRIC APPLIANCES & PRECISION INSTRUMENTS,2,TOPIX Large70,False,2026-06-01,38380.0,38380.0,2395600.0,170069025650.0,1222.0,0.0011701858664441,0.5691391776085571,-0.7664965808552269,1.935143535073598,0.9184169810893408,1222.0,レーザーテック株式会社,251477000000.0,122843000000.0,119444000000.0,84652000000.0,329601000000.0,209900000000.0,77874000000.0,,-24568000000.0,,,1163.0,0.2827498932083228,0.4043536909403522,0.488486024566859,0.4032968080038113,0.6368305921401938,0.3096664903748653,,,3440025272320.0,3516851552256.0,39.684425,35.14105,15.255912,0.82,1.737,89630673.0,126549000192.0,0.82,39.684425,15.255912,1.7139234868200914,0.931636856656654,-1.3072732422343551,1.079985813981028,0.78732494890053,0.0152425652993097,1.3862943611198906,1.3862943611198906,0.0,0.0,0.0,0.9723460085165826,-0.4722784947997788,0.4608701543299943,2.9219827639608416,1.386046800397687,0.6144637506863098,True,True,0.0,3.0,0.0,3.0,False,True,Future Moat,32
20260430,5985,5985.T,SUNCALL CORPORATION,Standard Market(Domestic),3550,Metal Products,3,CONSTRUCTION & MATERIALS,7,TOPIX Small 2,False,2026-06-01,1686.0,1686.0,628900.0,4600344573.333333,1222.0,0.0017837663251455,0.583290702770308,-0.6552721318374307,4.5659171629090345,3.127083782638411,1222.0,サンコール株式会社,66972000000.0,4129000000.0,3156000000.0,-2285000000.0,63203000000.0,26592000000.0,654000000.0,,-284000000.0,,,2133.0,0.0991043844329124,1.533128834355828,0.0616526309502478,-0.0859280986762936,0.4207395218581396,0.0097652750403153,,,51071107072.0,49894641664.0,8.226798,,1.4927381,1.76,0.752,30291286.0,9696000000.0,0.0176,8.226798,1.4927381,-0.6227715208345079,-0.1368329415574961,-1.3960708721327844,-0.0724629207541912,-0.5458850262588469,0.6744546584766362,1.0986122886681098,0.0,0.0,0.0,0.0,0.2393676809359459,0.9058427098787618,0.212534867504103,5.109614166478054,1.163206960462558,0.6071755881056528,True,True,1.0,3.0,0.0,3.0,False,True,Transformation Moat,33
20260430,6648,6648.T,KAWADEN CORPORATION,Standard Market(Domestic),3650,Electric Appliances,9,ELECTRIC APPLIANCES & PRECISION INSTRUMENTS,-,,False,2026-06-01,1729.0,1729.0,76900.0,162615866.66666666,1222.0,0.0014313756295759,0.3667578192743668,-0.3470149219146956,1.3061512582410946,3.174886705760385,1222.0,株式会社かわでん,24218746000.0,2589559000.0,2664941000.0,1963138000.0,25429497000.0,17744301000.0,1537818000.0,,-226109000.0,,,829.0,0.1097748257412105,1.2552878133357672,0.1069237441112764,0.1106348455202602,0.6977841913271033,0.0634970117775709,,,,,,,,,,,,,,,0.2984021406631865,0.0545992200137988,-0.0373758459965779,0.0497689333198708,0.1205691717002235,0.2814600027705353,1.3862943611198906,1.3862943611198906,0.0,0.0,0.0,0.9723460085165826,0.0,0.3982395547576756,1.8038125547403467,-0.2572800314894667,0.6043488133806569,True,True,0.0,3.0,0.0,3.0,False,True,Future Moat,35
20260430,6327,6327.T,"KITAGAWA SEIKI CO.,LTD.",Standard Market(Domestic),3600,Machinery,8,MACHINERY,-,,False,2026-06-01,4980.0,4980.0,1457600.0,1635228620.0,1222.0,0.0021810481375323,0.5417750449616946,-0.4852260652163507,5.884243633002036,6.166430544515539,1222.0,北川精機株式会社,6227215000.0,623955000.0,599961000.0,394688000.0,8591249000.0,5077610000.0,323369000.0,,-202452000.0,,,151.0,-0.0183529744113785,-0.0789355507967891,0.1001980821282065,0.0777310585098107,0.5910211658397981,0.0519283499927335,,,,,,,,,,,,,,,0.0792204533907433,0.0133830958675058,-1.1355694791774131,0.0316096684672062,-0.1897190294884047,-0.1126995296148633,1.0986122886681098,1.3862943611198906,0.0,0.0,0.0,0.8020199648197579,0.0,0.1555153981956901,5.109614166478054,0.624265894908086,0.604050225352687,True,True,0.0,3.0,0.0,3.0,False,True,Future Moat,36
20260430,4368,4368.T,"FUSO CHEMICAL CO.,LTD.",Prime Market (Domestic),3200,Chemicals,4,RAW MATERIALS & CHEMICALS,6,TOPIX Small 1,False,2026-06-01,4475.0,4475.0,1908000.0,2355934975.1916504,1222.0,0.0013246777515792,0.3636943087392735,-0.4194148148153577,2.412293716401199,2.6681718907237153,1222.0,扶桑化学工業株式会社,69501527000.0,18460617000.0,16561893000.0,11622785000.0,141502071000.0,104048977000.0,22701537000.0,,-2409233000.0,,,915.0,0.0075825891225,-0.0578744997970311,0.2656145526126354,0.1117049425675756,0.7353176972229615,0.3266336436032549,,,,,,,,,,,,,,,0.6282980704940067,0.9920863975695928,-0.0181530080638578,0.478233585351686,0.5599420395228661,-0.0892150090033764,1.0986122886681098,0.0,0.0,0.0,0.0,0.2393676809359459,0.0,0.2174891638867995,3.770220711764384,-0.0929246433583354,0.6038036993990715,True,True,0.0,3.0,0.0,3.0,False,True,Core Moat,37
20260430,6745,6745.T,HOCHIKI CORPORATION,Prime Market (Domestic),3650,Electric Appliances,9,ELECTRIC APPLIANCES & PRECISION INSTRUMENTS,7,TOPIX Small 2,False,2026-06-01,1930.0,1930.0,401400.0,705398966.8503824,1222.0,0.001581328644776,0.3186495038011263,-0.2748796685270059,1.1506329465799028,4.386728538599262,1222.0,ホーチキ株式会社,100900000000.0,16261000000.0,9736000000.0,7688000000.0,89655000000.0,59321000000.0,11874000000.0,,-1741000000.0,,,2383.0,0.0866051568156667,0.2427984037406974,0.1611595639246779,0.1295999730281013,0.6616585801126541,0.1176808721506442,,,,,,,,,,,,,,,0.4078072187488937,0.2476421801588545,0.2644929874755842,0.1962054653626847,0.2967827621694802,0.035812231407591,1.3862943611198906,1.3862943611198906,0.0,0.0,0.0,0.9723460085165826,0.0,0.3896916890577165,1.5273450216833069,-0.5816435409678772,0.6005905453228351,True,True,0.0,3.0,0.0,3.0,False,True,Future Moat,38
20260430,9502,9502.T,"Chubu Electric Power Company,Incorporated",Prime Market (Domestic),4050,Electric Power and Gas,11,ELECTRIC POWER & GAS,4,TOPIX Mid400,False,2026-06-01,2836.5,2836.5,3598500.0,8361451579.166667,1222.0,0.0008995593361732,0.2521449455765208,-0.2792505636321232,0.564386732727973,1.570296420339765,1222.0,中部電力株式会社,4711427000000.0,242045000000.0,313508000000.0,209137000000.0,9423124000000.0,2858530000000.0,301345000000.0,,-27649000000.0,,,22566.0,-0.0363804975177567,0.5034037399614735,0.0513740316893374,0.0731624296404095,0.3033526885563641,0.0639604518970579,,,2142673829888.0,4882340249600.0,9.405776,12.082553,0.6827594,2.39,0.186,755393538.0,402346999808.0,0.0239,9.405776,0.6827594,-0.3379509871411112,0.0562503362668631,0.6817940967403618,-0.1002151043701864,0.0120955370413619,0.8344970807001271,1.0986122886681098,0.0,0.0,0.0,0.0,0.2393676809359459,1.263437599743587,0.4735788755297622,0.4851652116248491,-0.7799187140227402,0.6000872680945212,True,True,0.0,3.0,0.0,3.0,False,True,Transformation Moat,39
20260430,1662,1662.T,"Japan Petroleum Exploration Co.,Ltd.",Prime Market (Domestic),1050,Mining,2,ENERGY RESOURCES,6,TOPIX Small 1,False,2026-06-01,1753.0,1753.0,2114000.0,7950185018.333333,1222.0,0.001707695548061,0.3869032163972441,-0.3492947290274684,0.9866826204211236,4.596057976887961,1222.0,石油資源開発株式会社,389104000000.0,75834000000.0,64221000000.0,82848000000.0,681598000000.0,557257000000.0,130766000000.0,,-38671000000.0,,,1653.0,0.0753391957144415,0.0207443996745932,0.1948939101114355,0.1486710799505434,0.8175742886569503,0.3360695341091327,,,448766967808.0,432063578112.0,8.396399,11.62621,0.7150951,2.52,0.175,255999402.0,85965996032.0,0.0252,8.396399,0.7150951,0.6921298865390398,1.025704014002188,-0.1637836711198467,0.2872880872040506,0.5233723470060516,0.8332052111301265,0.0,0.0,0.0,0.0,0.0,-0.411080513804854,1.4022519813847998,0.4523266499506109,1.2358877538358852,-0.1885592174172702,0.5947713470759264,True,True,0.0,3.0,0.0,3.0,False,True,Transformation Moat,42
20260430,7322,7322.T,"San ju San Financial Group,Inc.",Prime Market (Domestic),7050,Banks,15,BANKS,7,TOPIX Small 2,True,2026-06-01,1581.0,1581.0,588300.0,718817900.0,1222.0,0.0016383558980509,0.2990716505623458,-0.2718665365628816,1.3926313052108126,4.961668533204816,1222.0,株式会社三十三フィナンシャルグループ,3376000000.0,3048000000.0,15615000000.0,8654000000.0,4682887000000.0,206011000000.0,9742000000.0,,-2123000000.0,,,2378.0,0.19050257857284,0.2125728229432926,0.9028436018957346,0.0420074656207678,0.0439923064553981,2.8856635071090047,,,,,,,,,,,,,,,0.6650057245577804,2.899583956008088,0.3873396026801251,1.959826919309974,1.4270812969952649,0.1039809435585436,0.0,0.0,0.0,0.0,0.0,-0.411080513804854,0.0,0.3307954708467592,1.9575495969509271,-0.6503447974657649,0.5915849102884284,True,True,0.0,3.0,1.0,3.0,True,True,Core Moat,44
20260430,6994,6994.T,SHIZUKI ELECTRIC COMPANY INC.,Standard Market(Domestic),3650,Electric Appliances,9,ELECTRIC APPLIANCES & PRECISION INSTRUMENTS,-,,False,2026-06-01,1296.0,1296.0,2341100.0,528394041.6666667,1222.0,0.0010907890950991,0.4056749295158555,-0.5367961662431071,2.0388568824207702,1.5460619499984802,1222.0,株式会社指月電機製作所,27346541000.0,3883684000.0,2453434000.0,1254784000.0,38344584000.0,23747003000.0,3563613000.0,,305302000.0,,,1209.0,0.0230579147866865,0.1876760937103323,0.1420173761646856,0.0528396783375148,0.6193052713780909,0.1303131171141535,,,,,,,,,,,,,,,0.1179614602449213,0.2926475737251858,-0.2815719388163382,0.1445216224535188,0.087038341244455,-0.0225250171496283,1.3862943611198906,1.3862943611198906,0.0,0.0,0.0,0.9723460085165826,0.0,0.3121840506409041,3.106355735734273,0.3209258691052118,0.5907270373038103,True,True,0.0,3.0,1.0,3.0,False,True,Future Moat,45
20260430,6834,6834.T,"SEIKOH GIKEN Co.,Ltd.",Standard Market(Domestic),3650,Electric Appliances,9,ELECTRIC APPLIANCES & PRECISION INSTRUMENTS,-,,False,2026-06-01,27400.0,27400.0,157400.0,10655836183.333334,1222.0,0.0026173136312927,0.5095867351655993,-0.5816854421659283,5.366349725997744,12.081688987711903,1222.0,株式会社　精工技研,20012385000.0,2817252000.0,2979339000.0,2242292000.0,34383169000.0,28144241000.0,3068406000.0,,-2013988000.0,,,936.0,0.1068065921200052,0.4232170544242861,0.1407754248181813,0.07967143260321,0.8185470338699729,0.1533253532749844,,,244936032256.0,223176163328.0,39.39215,166.66667,7.237895,0.45,0.826,8939271.0,8675000320.0,0.45,39.39215,7.237895,0.4081540859864181,0.3746341682102757,-0.933595092130072,0.1411683579730757,0.078027125316416,-0.2669835338164523,1.3862943611198906,1.3862943611198906,0.0,0.0,0.0,0.9723460085165826,-0.630124679153551,0.1538473548227538,5.109614166478054,0.7550031435571412,0.5893084571148451,True,True,0.0,3.0,0.0,3.0,False,True,Future Moat,47
20260430,7762,7762.T,"Citizen Watch Co.,Ltd.",Prime Market (Domestic),3750,Precision Instruments,9,ELECTRIC APPLIANCES & PRECISION INSTRUMENTS,6,TOPIX Small 1,False,2026-06-01,2309.0,2309.0,1664300.0,2374966998.3333335,1222.0,0.0017490110986031,0.3189550534250913,-0.2976236089658191,1.4822362032748226,5.626069514548551,1222.0,シチズン時計株式会社,320207000000.0,26797000000.0,23024000000.0,23876000000.0,415552000000.0,264147000000.0,35765000000.0,,-12542000000.0,,,12373.0,0.0268219880263826,-0.0414065982264046,0.0836864903015861,0.0903890636653075,0.6356532997073772,0.1116933733491147,,,,,,,,,,,,,,,0.1330831020271747,0.226310283823786,0.2625757324720187,-0.0129715742228748,0.1530774883152864,-0.0716028936860954,1.3862943611198906,1.3862943611198906,0.0,0.0,0.0,0.9723460085165826,0.0,0.3197263256280368,2.1168417398051647,-0.5260319754424703,0.5840136971528004,True,True,0.0,3.0,0.0,3.0,False,True,Future Moat,49
20260430,6492,6492.T,OKANO VALVE MFG.CO.LTD.,Standard Market(Domestic),3600,Machinery,8,MACHINERY,-,,False,2026-06-01,17060.0,17060.0,15500.0,936786283.3333334,1222.0,0.0021833495537784,0.5517795358330954,-0.4451783447646394,2.705498973221239,6.030356761799189,1222.0,岡野バルブ製造株式会社,7006000000.0,864000000.0,979000000.0,825000000.0,14547000000.0,12001000000.0,698000000.0,,-392000000.0,,,324.0,-0.0274456198179802,0.0315228591102549,0.1233228661147587,0.0687442713107241,0.8249810957585757,0.0996288895232657,,,,,,,,,,,,,,,0.3541118231082868,0.1833276750851621,-1.198345403861629,0.0940465078637623,-0.0510887223403824,-0.0942890112482319,1.0986122886681098,1.3862943611198906,0.0,0.0,0.0,0.8020199648197579,0.0,0.2017071199317546,4.2914566560497835,0.5594407381975207,0.5749087117169809,True,True,0.0,3.0,0.0,3.0,False,True,Future Moat,51
20260430,6914,6914.T,"OPTEX GROUP Company,Limited",Prime Market (Domestic),3650,Electric Appliances,9,ELECTRIC APPLIANCES & PRECISION INSTRUMENTS,6,TOPIX Small 1,False,2026-06-01,4380.0,4380.0,193000.0,650260945.0,1222.0,0.0010281490212952,0.3670658850232835,-0.3741554107945299,1.40428304802659,1.5388648917070071,1222.0,オプテックスグループ株式会社,72021000000.0,8696000000.0,8000000000.0,6599000000.0,77932000000.0,56149000000.0,9449000000.0,,-4422000000.0,,,2162.0,0.0237286045710547,0.1665660587069528,0.1207425611974285,0.1175265810611052,0.7204870913103731,0.1311978450729648,,,,,,,,,,,,,,,0.3670240799978406,0.2957996286529094,-0.0393088891169497,0.0870796932197345,0.2119624959830285,-0.0268137877524846,1.3862943611198906,1.3862943611198906,0.0,0.0,0.0,0.9723460085165826,0.0,0.3485891044117621,1.9782630972306303,-0.191095919662932,0.5655250061011184,True,True,0.0,3.0,0.0,3.0,False,True,Future Moat,52
20260430,7999,7999.T,"MUTOH HOLDINGS CO.,LTD.",Standard Market(Domestic),3650,Electric Appliances,9,ELECTRIC APPLIANCES & PRECISION INSTRUMENTS,-,,False,2026-06-01,7560.0,7560.0,15300.0,105031466.66666669,1222.0,0.0016761613281565,0.422120496137478,-0.3735892676985091,1.8618918957888808,4.3925685733205455,1222.0,ＭＵＴＯＨホールディングス株式会社,22345000000.0,1467000000.0,1273000000.0,1462000000.0,29956000000.0,24604000000.0,1322000000.0,,-458000000.0,,,595.0,0.0284947995669322,0.0929892072505216,0.0656522712016111,0.0594212323199479,0.8213379623447723,0.0591631237413291,,,,,,,,,,,,,,,0.220939401787888,0.039158707475694,-0.3847641616789175,-0.0616639054568551,-0.0021671459324702,-0.0400086884084425,1.3862943611198906,1.3862943611198906,0.0,0.0,0.0,0.9723460085165826,0.0,0.281051486673123,2.7917620858354915,-0.0196230420483529,0.5621899994615075,True,True,0.0,3.0,0.0,3.0,False,True,Future Moat,53
20260430,6741,6741.T,"Nippon Signal Company,Limited",Prime Market (Domestic),3650,Electric Appliances,9,ELECTRIC APPLIANCES & PRECISION INSTRUMENTS,7,TOPIX Small 2,False,2026-06-01,1590.0,1590.0,160300.0,286578320.0,1222.0,0.0006663546829894,0.2213328169371554,-0.2672810205984117,0.749547799720573,1.0044464668870252,1222.0,日本信号株式会社,106859000000.0,13497000000.0,10789000000.0,8503000000.0,166240000000.0,102623000000.0,5783000000.0,,-1598000000.0,,,2921.0,0.1182380673231593,0.2646581015268727,0.126306628360737,0.0828566695575066,0.6173183349374398,0.0541180434029889,,,,,,,,,,,,,,,0.1691202281089337,0.0211844022863428,0.8751332572922019,0.102102655945318,0.2599353630572165,0.0635901901520871,1.3862943611198906,1.3862943611198906,0.0,0.0,0.0,0.9723460085165826,0.0,0.3855819590101614,0.814329172208326,-0.9054095310103718,0.5575558293320313,True,True,0.0,3.0,0.0,3.0,False,True,Future Moat,54
20260430,6929,6929.T,"NIPPON CERAMIC CO.,LTD.",Prime Market (Domestic),3650,Electric Appliances,9,ELECTRIC APPLIANCES & PRECISION INSTRUMENTS,6,TOPIX Small 1,False,2026-06-01,3975.0,3975.0,166900.0,466737675.0,1222.0,0.0005782874997536,0.2433698956607287,-0.363793816234061,0.3658595184271358,0.7564161412589396,1222.0,日本セラミック株式会社,27325000000.0,6228000000.0,7047000000.0,7262000000.0,56359000000.0,50037000000.0,4888000000.0,,-5367000000.0,,,1377.0,0.057181452264069,0.1668800687663354,0.2279231473010064,0.1451326018746128,0.8878262566759524,0.1788838060384263,,,,,,,,,,,,,,,0.8193420727297228,0.465692268246173,0.7368555566082211,0.3764669171120512,0.6258572872610006,-0.0025934679975877,1.3862943611198906,1.3862943611198906,0.0,0.0,0.0,0.9723460085165826,0.0,0.478812621733878,0.1322400248982037,-0.6043138179058423,0.5524680060142826,True,True,0.0,3.0,0.0,3.0,False,True,Future Moat,56
20260430,6785,6785.T,"SUZUKI CO.,LTD.",Prime Market (Domestic),3650,Electric Appliances,9,ELECTRIC APPLIANCES & PRECISION INSTRUMENTS,7,TOPIX Small 2,False,2026-06-01,3420.0,3420.0,101300.0,185626705.0,1222.0,0.0013235663861676,0.347977358122297,-0.3308389140761498,0.9671820708200324,2.7725643776043847,1222.0,株式会社鈴木,34186565000.0,5799421000.0,4206501000.0,3173055000.0,39772776000.0,27901814000.0,5500840000.0,,-1925851000.0,,,1091.0,0.1271560479265143,0.1683028694656738,0.1696403543321769,0.1137221759130069,0.7015304639535345,0.1609064847550492,,,,,,,,,,,,,,,0.4238139176522417,0.4016437620650512,0.0804673136376017,0.2191035710892851,0.3086599886399247,0.048242282464077,1.3862943611198906,1.3862943611198906,0.0,0.0,0.0,0.9723460085165826,0.0,0.3963623697629714,1.20122129698021,-0.3551076468367978,0.5519952641446723,True,True,0.0,3.0,0.0,3.0,False,True,Future Moat,57
20260430,6824,6824.T,"NEW COSMOS ELECTRIC CO.,LTD.",Standard Market(Domestic),3650,Electric Appliances,9,ELECTRIC APPLIANCES & PRECISION INSTRUMENTS,-,,False,2026-06-01,4305.0,4305.0,19200.0,72165825.0,1222.0,0.0008364024678206,0.3287421193513822,-0.2893401015228427,1.149493046443694,1.1356090840122897,1222.0,新コスモス電機株式会社,42153556000.0,5155290000.0,5451411000.0,3807820000.0,67288044000.0,51260878000.0,4887965000.0,,-1670851000.0,,,987.0,0.0644014947998932,-0.0484322600497219,0.1222978673495541,0.0742831599567998,0.7618125740138917,0.1159561722384702,,,,,,,,,,,,,,,0.2977493693852849,0.2414975242758004,0.2011641002994491,0.0912790146269837,0.2230752833390864,-0.0460630590880691,1.3862943611198906,1.3862943611198906,0.0,0.0,0.0,0.9723460085165826,0.0,0.3471106227846833,1.5253186019310423,-0.5152121593244486,0.5511636989102324,True,True,0.0,3.0,0.0,3.0,False,True,Future Moat,58
20260430,6703,6703.T,"Oki Electric Industry Company,Limited",Prime Market (Domestic),3650,Electric Appliances,9,ELECTRIC APPLIANCES & PRECISION INSTRUMENTS,6,TOPIX Small 1,False,2026-06-01,3470.0,3470.0,784100.0,2528427016.6666665,1222.0,0.0014287207384741,0.3736559657757871,-0.3458961790132897,1.7041949014948858,3.0913097319557004,1222.0,沖電気工業株式会社,476848000000.0,29328000000.0,16808000000.0,13739000000.0,410965000000.0,145745000000.0,39261000000.0,,-17861000000.0,,,13906.0,0.1114332674315947,0.0441469666761606,0.0615038754487803,0.0942673848159456,0.3546409061598919,0.0823344126430225,,,,,,,,,,,,,,,-0.2058319853375537,0.1217119653860894,-0.0806601600911358,-0.0728645601104716,-0.0723181475619429,0.0088207466439864,1.3862943611198906,1.3862943611198906,0.0,0.0,0.0,0.9723460085165826,0.0,0.2722135449473885,2.5114214718121564,-0.2383129103024081,0.547186983158845,True,True,1.0,3.0,1.0,3.0,False,True,Future Moat,59
20260430,8600,8600.T,"TOMONY Holdings,Inc.",Prime Market (Domestic),7050,Banks,15,BANKS,6,TOPIX Small 1,True,2026-06-01,857.0,857.0,463400.0,496879671.6666667,1222.0,0.0011805949240237,0.3181358364440843,-0.3342680353810203,0.6573704405051563,2.3003227907473076,1222.0,トモニホールディングス株式会社,5389000000.0,4617000000.0,23376000000.0,15970000000.0,5034627000000.0,284023000000.0,118189000000.0,,-3054000000.0,,,2183.0,0.5880048727572582,0.8541374714989929,0.8567452217480052,0.0562278407030416,0.0564139111000675,21.931527185006495,,,,,,,,,,,,,,,0.7173581863833839,2.899583956008088,0.2677161343336202,1.959826919309974,1.421479964964925,0.5359908834872857,0.0,0.0,0.0,0.0,0.0,-0.411080513804854,0.0,0.4371175562198426,0.6504639216549523,-0.440549346239197,0.5462188830092576,True,True,0.0,3.0,1.0,3.0,True,True,Core Moat,60
20260430,3723,3723.T,NIHON FALCOM CORPORATION,Growth Market(Domestic),5250,Information & Communication,10,"IT & SERVICES, OTHERS",-,,False,2026-06-01,2349.0,2349.0,14200.0,35234886.666666664,1222.0,0.0006256541239648,0.3060472156030265,-0.3234979851593452,1.0837021156526625,0.711737418539506,1222.0,日本ファルコム株式会社,2612982000.0,1340777000.0,1364655000.0,903682000.0,11495220000.0,10877198000.0,1013181000.0,,-204897000.0,,,69.0,0.0277911587196164,0.0044878948924877,0.5131214068830172,0.0830804036112976,0.946236609651664,0.3877489397171507,,,,,,,,,,,,,,,1.2282952672013618,1.2098242551296832,0.3435695047058835,1.1465012638136065,1.0303735610067954,-0.0605266065816973,0.0,0.0,1.6094379124341005,0.6931471805599453,0.0,0.1854386963944602,0.0,0.3496120255749523,1.408360951484392,-0.5043790269838638,0.5408860234217779,True,True,0.0,3.0,0.0,3.0,False,True,Discovery,63
20260430,6814,6814.T,"FURUNO ELECTRIC CO.,LTD.",Prime Market (Domestic),3650,Electric Appliances,9,ELECTRIC APPLIANCES & PRECISION INSTRUMENTS,6,TOPIX Small 1,False,2026-06-01,6100.0,6100.0,252200.0,2906114066.6666665,1222.0,0.0020466794351278,0.4803432064418814,-0.4580212004928894,1.5237048094624446,5.985005871485408,1222.0,古野電気株式会社,142035000000.0,17678000000.0,18291000000.0,16777000000.0,141364000000.0,89772000000.0,21373000000.0,,-11439000000.0,,,3411.0,0.1071550268689234,0.5375308353996548,0.1244622804238392,0.1868845519761172,0.6350414532695736,0.1504769951068398,,,,,,,,,,,,,,,0.468210394587728,0.3644862110779109,-0.7500985424047203,0.0971229226862128,0.124400066931481,0.1172854062850735,1.3862943611198906,1.3862943611198906,0.0,0.0,0.0,0.9723460085165826,0.0,0.3583451742056874,2.19056118241963,0.366040848247156,0.5407972076229349,True,True,0.0,3.0,0.0,3.0,False,True,Future Moat,64
20260430,3105,3105.T,Nisshinbo Holdings Inc.,Prime Market (Domestic),3650,Electric Appliances,9,ELECTRIC APPLIANCES & PRECISION INSTRUMENTS,4,TOPIX Mid400,False,2026-06-01,2422.0,2422.0,935000.0,2026098104.1666667,1222.0,0.001110059017326,0.2922392170425044,-0.4231131546214222,1.5379497398921262,2.149907873124957,1222.0,日清紡ホールディングス株式会社,507138000000.0,31609000000.0,29327000000.0,17195000000.0,743134000000.0,316591000000.0,49337000000.0,,-46203000000.0,,,17811.0,-0.0369852490345051,0.2279149945065497,0.0623282025799683,0.0543129779431506,0.4260214174025142,0.0972851570972792,,,,,,,,,,,,,,,-0.2343731018741642,0.1749775678357859,0.4302115826304079,-0.0706388796141634,0.0336283469062378,-0.0567717268866802,1.3862943611198906,1.3862943611198906,0.0,0.0,0.0,0.9723460085165826,0.0,0.287599374905176,2.2158846361814164,-0.3083571680530581,0.5400235553286236,True,True,0.0,3.0,0.0,3.0,False,True,Future Moat,65
20260430,9880,9880.T,INNOTECH CORPORATION,Prime Market (Domestic),3650,Electric Appliances,9,ELECTRIC APPLIANCES & PRECISION INSTRUMENTS,7,TOPIX Small 2,False,2026-06-01,4345.0,4345.0,177300.0,702919663.3333334,1222.0,0.0013817973724748,0.3301876113558214,-0.455449836134898,1.8176845193656952,3.168141463383217,1222.0,イノテック株式会社,42018325000.0,1944586000.0,1754734000.0,1304346000.0,47008377000.0,26132585000.0,1711705000.0,,-3382889000.0,,,1560.0,0.04251709646894,-0.1843575165687176,0.0462794744911892,0.0499126282378876,0.5559133641223137,0.0407371069646398,,,,,,,,,,,,,,,-0.1321519065274921,-0.0264883837017042,0.1920939638608512,-0.1139703917606471,-0.0372505487900074,-0.0925936406045735,1.3862943611198906,1.3862943611198906,0.0,0.0,0.0,0.9723460085165826,0.0,0.2573802277668291,2.713173885050054,-0.1115223911418608,0.5398498553860206,True,True,0.0,3.0,0.0,3.0,False,True,Future Moat,66
20260430,6490,6490.T,PILLAR Corporation,Prime Market (Domestic),3600,Machinery,8,MACHINERY,6,TOPIX Small 1,False,2026-06-01,9530.0,9530.0,163900.0,1152533633.3333333,1222.0,0.0017249645443414,0.3932403593174019,-0.5553536410433155,1.5750004353030398,4.653011756808961,1222.0,株式会社ＰＩＬＬＡＲ,57988000000.0,11335000000.0,11474000000.0,8299000000.0,98055000000.0,73858000000.0,14184000000.0,,-3959000000.0,,,1212.0,0.091178164961337,-0.0950775976609014,0.1954714768572808,0.1123642665655717,0.7532303299168834,0.2446023315168655,,,,,,,,,,,,,,,0.5235642464685942,0.699830231236915,-0.2035478142214374,0.2888475154855042,0.37526498432605,-0.0372796269755764,1.0986122886681098,1.3862943611198906,0.0,0.0,0.0,0.8020199648197579,0.0,0.3438655779998483,2.281750284084146,0.3264824657246157,0.5393923598358014,True,True,0.0,3.0,0.0,3.0,False,True,Future Moat,67
20260430,6961,6961.T,ENPLAS CORPORATION,Prime Market (Domestic),3650,Electric Appliances,9,ELECTRIC APPLIANCES & PRECISION INSTRUMENTS,7,TOPIX Small 2,False,2026-06-01,12950.0,12950.0,274900.0,3183918650.0,1222.0,0.0017071498011941,0.6027192505279134,-0.7720950710566431,2.7145749732712323,2.3429879606123474,1222.0,株式会社エンプラス,38069000000.0,5287000000.0,5446000000.0,4059000000.0,62775000000.0,56216000000.0,7129000000.0,,-828000000.0,,,1478.0,-0.0506556289478065,-0.2257693453653726,0.1388794031889464,0.0722036430909349,0.8955157307845479,0.187265228926423,,,,,,,,,,,,,,,0.4692141392402142,0.4955530916239488,-1.5179806291041915,0.1360491059175417,0.0117269170027321,-0.1692173587507512,1.3862943611198906,1.3862943611198906,0.0,0.0,0.0,0.9723460085165826,0.0,0.2529175379681065,4.307591214848967,1.5049177768568447,0.5331848817673188,True,True,0.0,3.0,0.0,3.0,False,True,Future Moat,70
20260430,6960,6960.T,"FUKUDA DENSHI CO.,LTD.",Standard Market(Domestic),3650,Electric Appliances,9,ELECTRIC APPLIANCES & PRECISION INSTRUMENTS,-,,False,2026-06-01,11500.0,11500.0,45700.0,515949750.0,1222.0,0.0010964781603186,0.2838936971988475,-0.367538408332987,0.6082879087710671,2.1406424968854605,1222.0,フクダ電子株式会社,139007000000.0,25874000000.0,26633000000.0,18667000000.0,221321000000.0,181652000000.0,33019000000.0,,-5810000000.0,,,3465.0,0.0160577243784949,0.0363020245203551,0.1861345112116656,0.1027624248563186,0.8207626027353934,0.2375348004057349,,,,,,,,,,,,,,,0.5550332376419486,0.6746504615192164,0.4825778381340906,0.2636377394804416,0.5121673640773925,-0.061803762099945,1.3862943611198906,1.3862943611198906,0.0,0.0,0.0,0.9723460085165826,0.0,0.4299030712532062,0.5632090748155641,-0.4680991587582707,0.5330338946105898,True,True,0.0,3.0,0.0,3.0,False,True,Future Moat,71
20260430,6419,6419.T,Mars Group Holdings Corporation,Prime Market (Domestic),3600,Machinery,8,MACHINERY,6,TOPIX Small 1,False,2026-06-01,2978.0,2978.0,107400.0,281123513.3333333,1222.0,0.0008704043827201,0.3067687712421579,-0.3486870403542387,0.0335855639288373,1.3042390415879486,1222.0,株式会社マースグループホールディングス,42864852000.0,12730845000.0,13086719000.0,8716277000.0,87000896000.0,78230262000.0,10651822000.0,,-3069141000.0,,,630.0,0.4190336016253766,0.7108525924872109,0.2969996257073277,0.1114182258522923,0.8991891531783764,0.2484978135466325,,,,,,,,,,,,,,,0.8645145676000309,0.7137088175362366,0.3390419057465931,0.5629731777042908,0.6614103197342467,0.3816155592984073,1.0986122886681098,1.3862943611198906,0.0,0.0,0.0,0.8020199648197579,0.0,0.5344329751908032,-0.4584490040528178,-0.4415860241627929,0.5327466772018008,True,True,0.0,3.0,0.0,3.0,False,True,Future Moat,72
20260430,8766,8766.T,"Tokio Marine Holdings,Inc.",Prime Market (Domestic),7150,Insurance,16,FINANCIALS (EX BANKS),1,TOPIX Core30,True,2026-06-01,7108.0,7108.0,6348000.0,49308475060.0,1222.0,0.0015192160311247,0.3387609353476429,-0.3865979348956749,0.2624252942396421,3.839019616446808,1222.0,東京海上ホールディングス株式会社,755128000000.0,716033000000.0,1460007000000.0,1055276000000.0,31608783000000.0,5103545000000.0,1345080000000.0,,-1188437000000.0,,,51436.0,0.6093317206493267,0.6496384231798185,0.9482273204013094,0.2067731351442967,0.1614597120047298,1.7812609253000815,,,13666863808512.0,12589270564864.0,13.787218,14.417265,2.4633973,3.45,-0.167,1922743958.0,2143436013568.0,0.0345,13.787218,2.4633973,1.2424504980538646,2.899583956008088,0.1382982886863671,1.959826919309974,1.5793787049201429,0.3760929544904668,0.0,0.0,0.0,1.0986122886681098,0.0,-0.1926235192046947,0.0107483429376062,0.511662045777892,-0.0516367449132134,-0.2500551719464229,0.5315038884812129,True,True,0.0,3.0,0.0,3.0,True,True,Core Moat,73
20260430,7747,7747.T,"ASAHI INTECC CO.,LTD.",Prime Market (Domestic),3750,Precision Instruments,9,ELECTRIC APPLIANCES & PRECISION INSTRUMENTS,4,TOPIX Mid400,False,2026-06-01,3700.0,3700.0,1224900.0,3720063671.6666665,1222.0,0.0005686530270155,0.3666245024818094,-0.4869047543224774,0.5475262994221943,0.4496990252182125,1222.0,朝日インテック株式会社,134176000000.0,38069000000.0,36685000000.0,21662000000.0,193187000000.0,151354000000.0,40543000000.0,,-8107000000.0,,,9473.0,0.1327873820994034,0.3004340742554416,0.283724362031958,0.1431214239465095,0.7834585142892637,0.3021628309086573,,,,,,,,,,,,,,,0.7993547937868185,0.9049032753779545,-0.0365393131798361,0.527130010195007,0.6041181360729092,0.0821820895588313,1.3862943611198906,1.3862943611198906,0.0,0.0,0.0,0.9723460085165826,0.0,0.4934847657665553,0.4551921341619423,0.0784484888973234,0.5311591302930172,True,True,0.0,3.0,0.0,3.0,False,True,Future Moat,74
20260430,8316,8316.T,"Sumitomo Mitsui Financial Group,Inc.",Prime Market (Domestic),7050,Banks,15,BANKS,1,TOPIX Core30,True,2026-06-01,5861.0,5861.0,10894000.0,76176586393.33333,1222.0,0.0015594840021073,0.294636946700561,-0.2942817050893151,0.6639334700535404,4.427044462072425,1222.0,株式会社三井住友フィナンシャルグループ,1431414000000.0,986127000000.0,1719482000000.0,1186877000000.0,306282015000000.0,14841509000000.0,4848464000000.0,,-480149000000.0,,,122978.0,0.4283065804033001,0.5120744379812869,0.6889180907829601,0.0799701027705471,0.0484570045681591,3.387184979328133,,,22374017662976.0,-22670903083008.0,14.226074,18.441837,1.4171151,1.55,0.392,3817440285.0,,0.0155,14.226074,1.4171151,0.5473737472968588,2.899583956008088,0.4151663695993721,1.621151722191547,1.3237404189141064,0.4074659195151674,0.0,0.0,0.0,0.0,0.0,-0.411080513804854,0.1843628868042552,0.4033188844322059,0.6621311302893617,-0.610404359033303,0.5305724333644724,True,True,0.0,3.0,1.0,3.0,True,True,Core Moat,75
20260430,5214,5214.T,"Nippon Electric Glass Co.,Ltd.",Prime Market (Domestic),3400,Glass and Ceramics Products,3,CONSTRUCTION & MATERIALS,4,TOPIX Mid400,False,2026-06-01,6888.0,6888.0,989700.0,4979816046.666667,1222.0,0.001104080452258,0.2818681824435878,-0.22245891792223,1.2284489352458217,2.1741081990905387,1222.0,日本電気硝子株式会社,311402000000.0,34131000000.0,38707000000.0,31537000000.0,701413000000.0,496181000000.0,52029000000.0,,-45273000000.0,,,5218.0,0.0546341928184272,4.576960784313726,0.1096043056884669,0.0635594672105542,0.707402058416368,0.1670798517671691,,,507534180352.0,478225956864.0,18.025751,36.348286,1.0313244,2.45,0.449,73683821.0,55223250944.0,0.0245,18.025751,1.0313244,0.1858067695638522,0.423637858349001,0.4952874865667193,0.0570064406100989,0.2814006193699622,0.6906837929856898,0.6931471805599453,0.0,0.0,0.0,0.0,-0.0006933945860417,0.1650954998936649,0.2816474406656483,1.6656798209044437,-0.8230753556335372,0.5305229583194464,True,True,1.0,3.0,1.0,3.0,False,True,Transformation Moat,76
20260430,6866,6866.T,HIOKI E.E.CORPORATION,Prime Market (Domestic),3650,Electric Appliances,9,ELECTRIC APPLIANCES & PRECISION INSTRUMENTS,6,TOPIX Small 1,False,2026-06-01,13180.0,13180.0,82200.0,739085916.6666666,1222.0,0.0011709785086254,0.3869347769240133,-0.419025472249844,1.1412064990617403,1.9179122072144188,1222.0,日置電機株式会社,40531817000.0,6791605000.0,7106664000.0,5457622000.0,51492895000.0,43956278000.0,7521742000.0,,-2706739000.0,,,1153.0,0.0174422904487772,-0.0760656467234039,0.1675623128368511,0.1241602394088052,0.8536377300208116,0.1855762350846496,,,,,,,,,,,,,,,0.6160031404698316,0.4895356471554713,-0.1639817063099351,0.2134928660042782,0.3478872428921775,-0.0862103566605903,1.3862943611198906,1.3862943611198906,0.0,0.0,0.0,0.9723460085165826,0.0,0.3745173862574804,1.5105874664925352,-0.0209012630248898,0.5276662592092229,True,True,0.0,3.0,0.0,3.0,False,True,Future Moat,79
20260430,8418,8418.T,"Yamaguchi Financial Group,Inc.",Prime Market (Domestic),7050,Banks,15,BANKS,4,TOPIX Mid400,True,2026-06-01,2680.0,2680.0,597500.0,1724415336.6666667,1222.0,0.0015134780594726,0.3179756550781124,-0.2918388118133496,0.7916015890259596,3.9551639519550497,1222.0,株式会社山口フィナンシャルグループ,26895000000.0,17368000000.0,52436000000.0,35544000000.0,12993479000000.0,622176000000.0,615092000000.0,,3597000000.0,,,3745.0,0.4667746540519231,1.2958694849571724,0.6457705893288715,0.0571285295479092,0.0478837115140602,22.870124558468117,,,,,,,,,,,,,,,0.4069626548535454,2.899583956008088,0.268721236291863,1.504653612621389,1.2220078879834133,0.5483505381148855,0.0,0.0,0.0,0.0,0.0,-0.411080513804854,0.0,0.3803658467822892,0.8890889047489542,-0.5430071342673194,0.5235754506839165,True,True,0.0,3.0,1.0,3.0,True,True,Core Moat,80
20260430,6996,6996.T,NICHICON CORPORATION,Prime Market (Domestic),3650,Electric Appliances,9,ELECTRIC APPLIANCES & PRECISION INSTRUMENTS,6,TOPIX Small 1,False,2026-06-01,3970.0,3970.0,3067200.0,1880553048.3333333,1222.0,0.0013607649011388,0.3760154737690609,-0.404290625120306,1.7945261368110086,2.748289067689991,1222.0,ニチコン株式会社,176378000000.0,5203000000.0,8741000000.0,10269000000.0,192582000000.0,113814000000.0,18346000000.0,,-14319000000.0,,,5242.0,-0.0228542009644909,-0.3593279207279864,0.0294991438841578,0.0902261584690811,0.590989812131975,0.1040152399959178,,,,,,,,,,,,,,,-0.0140934766025896,0.1989550975988821,-0.0954655407928151,-0.1592772282587355,-0.0061424962214959,-0.1793450682697644,1.3862943611198906,1.3862943611198906,0.0,0.0,0.0,0.9723460085165826,0.0,0.2450247866210848,2.6720048366846507,-0.0905872712834126,0.5212839974178912,True,True,0.0,3.0,0.0,3.0,False,True,Future Moat,81
20260430,6925,6925.T,USHIO INC.,Prime Market (Domestic),3650,Electric Appliances,9,ELECTRIC APPLIANCES & PRECISION INSTRUMENTS,4,TOPIX Mid400,False,2026-06-01,4060.0,4060.0,523000.0,1485762752.5,1222.0,0.0010638002083445,0.3070933005903837,-0.346369953450405,1.1759175557719668,1.9245992950963275,1222.0,ウシオ電機株式会社,177643000000.0,9623000000.0,23092000000.0,27712000000.0,297304000000.0,200509000000.0,20424000000.0,,-24993000000.0,,,6013.0,0.00729867113468,-0.2210851919711809,0.0541704429670744,0.1382082599783551,0.6744241584371552,0.11497216327128,,,,,,,,,,,,,,,0.2526971597833314,0.2379917570135979,0.3370055572523102,-0.0926648032760738,0.1968100959728127,-0.1263215709931233,1.3862943611198906,1.3862943611198906,0.0,0.0,0.0,0.9723460085165826,0.0,0.3191664385985377,1.5722938991047022,-0.4461350507429121,0.5210093335832992,True,True,0.0,3.0,0.0,3.0,False,True,Future Moat,82
20260430,5832,5832.T,"Chugin Financial Group,Inc.",Prime Market (Domestic),7050,Banks,15,BANKS,4,TOPIX Mid400,True,2026-06-01,2910.5,2910.5,470100.0,1342937976.6666667,894.0,0.0016647726888009,0.33370381458656,-0.2714490743219314,0.753248753994415,2.626436305648443,894.0,株式会社ちゅうぎんフィナンシャルグループ,21298000000.0,19042000000.0,56833000000.0,27434000000.0,11596447000000.0,542366000000.0,46944000000.0,,4214000000.0,,,3015.0,0.4717240664795765,0.4470342329246302,0.8940745609916424,0.0505820792601306,0.0467700149882114,2.2041506244717812,,,,,,,,,,,,,,,0.6913827152753426,2.899583956008088,0.1700305813234907,1.959826919309974,1.3928514394750848,0.3600035601338704,0.0,0.0,0.0,0.0,0.0,-0.411080513804854,0.0,0.3845321677345368,0.8209084212184049,-0.5426269648169967,0.520885706338077,True,True,0.0,3.0,1.0,3.0,True,True,Core Moat,83
20260430,1948,1948.T,"The Kodensha,Co.,Ltd.",Standard Market(Domestic),2050,Construction,3,CONSTRUCTION & MATERIALS,-,,False,2026-06-01,11460.0,11460.0,154000.0,492083900.0,1222.0,0.0023818114013466,0.3214277467774604,-0.2566908978215808,3.737717426924184,13.308674146891269,1222.0,株式会社弘電社,39629000000.0,4957000000.0,3198000000.0,2789000000.0,33375000000.0,21914000000.0,1116000000.0,,-1076000000.0,,,687.0,0.0844535075495407,0.4610946541158653,0.1250851649044891,0.1272702382038879,0.6565992509363295,0.0281611950844078,,,,,,,,,,,,,,,0.3309652077653275,-0.0712930771873275,0.2470601391598975,0.0988047087000221,0.1671875229930167,0.0836153105287799,0.0,0.0,0.0,0.0,0.0,-0.411080513804854,0.0,-0.0522640696113562,5.109614166478054,-0.6166283319756608,0.5203601802340153,True,True,0.0,3.0,0.0,3.0,False,True,Core Moat,84
20260430,5706,5706.T,"Mitsui Kinzoku Company,Limited",Prime Market (Domestic),3500,Nonferrous Metals,7,STEEL & NONFERROUS METALS,4,TOPIX Mid400,False,2026-06-01,53840.0,53840.0,1864800.0,90496849483.33331,1222.0,0.002810798389004,0.4355650782906881,-0.3805653246699383,10.930401213408498,18.571523608090715,1222.0,三井金属鉱業株式会社,776276000000.0,74743000000.0,87244000000.0,67505000000.0,657944000000.0,340856000000.0,76697000000.0,,-43634000000.0,,,12097.0,0.0430562824538829,1.442555217345738,0.0962840536097985,0.1980455089539277,0.5180623274929174,0.0988011995733476,,,3080310489088.0,3020079235072.0,33.747658,89.512535,7.475629,0.54,1.37,57212304.0,161888993280.0,0.54,33.747658,7.475629,0.318988599971652,0.1803788317042297,-0.4691258835805638,0.0210418045624236,0.0671239021125076,-0.009142110716297,1.0986122886681098,0.0,0.0,0.0,0.0,0.2393676809359459,-0.5196495652884188,0.0117145124421989,5.109614166478054,0.0393466738361342,0.518741261706391,True,True,0.0,3.0,0.0,3.0,False,True,Future Moat,86
20260430,6136,6136.T,OSG Corporation,Prime Market (Domestic),3600,Machinery,8,MACHINERY,4,TOPIX Mid400,False,2026-06-01,3443.0,3443.0,432000.0,1433408844.1666667,1222.0,0.0008256032731985,0.2633904818138473,-0.2974464440320752,1.097576531021992,1.3160844168188208,1222.0,オーエスジー株式会社,190735000000.0,20600000000.0,22354000000.0,14790000000.0,310892000000.0,193857000000.0,26389000000.0,,-15035000000.0,,,7563.0,0.0407682044007102,-0.000388123437868,0.1080032505832699,0.0762933502530215,0.6235509437360884,0.1383542611476656,,,,,,,,,,,,,,,0.1251914029537576,0.3212960723093387,0.6112308921812891,0.0526835971826164,0.2569239069839309,-0.0522610468184323,1.0986122886681098,1.3862943611198906,0.0,0.0,0.0,0.8020199648197579,0.0,0.3046178998364985,1.4330257343565456,-0.7008919007395739,0.5180096633461105,True,True,0.0,3.0,0.0,3.0,False,True,Future Moat,87
20260430,6855,6855.T,JAPAN ELECTRONIC MATERIALS CORPORATION,Standard Market(Domestic),3650,Electric Appliances,9,ELECTRIC APPLIANCES & PRECISION INSTRUMENTS,7,TOPIX Small 2,False,2026-06-01,7480.0,7480.0,684500.0,5397408550.0,1222.0,0.0017892245964837,0.5726099090611367,-0.6692696104548836,2.5493406982888747,3.054813019915289,1222.0,日本電子材料株式会社,23829000000.0,6044000000.0,4640000000.0,3454000000.0,39859000000.0,27914000000.0,1801000000.0,,-514000000.0,,,1154.0,0.0708279232314708,0.1855721805730923,0.2536405220529606,0.123737192806477,0.7003186231465918,0.0755801754165093,,,109563117568.0,82974457856.0,17.561983,24.2228,2.210824,1.03,2.008,14647476.0,8677000192.0,0.0103,17.561983,2.210824,0.6009135248130651,0.0976483800536572,-1.3290512996154769,0.4459037429013248,0.0581023173551566,-0.1885032656993048,1.3862943611198906,1.3862943611198906,0.0,0.0,0.0,0.9723460085165826,-0.1963407704374214,0.2325575657710823,4.013851449461323,1.1633117958933512,0.5176115311278795,True,True,0.0,3.0,0.0,3.0,False,True,Future Moat,88
20260430,6643,6643.T,"Togami Electric Mfg.Co.,Ltd.",Standard Market(Domestic),3650,Electric Appliances,9,ELECTRIC APPLIANCES & PRECISION INSTRUMENTS,-,,False,2026-06-01,5170.0,5170.0,18500.0,118562650.0,1222.0,0.0012010845763395,0.2909154122573835,-0.3484847519021776,0.7173609941205707,2.529793769548088,1222.0,株式会社戸上電機製作所,27648124000.0,4406999000.0,3590760000.0,2419189000.0,32402290000.0,22652613000.0,2812287000.0,,-705965000.0,,,1094.0,0.0557495987187988,0.3106063349905081,0.1593959503364496,0.1067951410285427,0.6991053101493753,0.1017171002271257,,,,,,,,,,,,,,,0.3838657004149519,0.1907674250938206,0.4385181592024267,0.1914437145748793,0.3080372261741495,0.0288691043971899,1.3862943611198906,1.3862943611198906,0.0,0.0,0.0,0.9723460085165826,0.0,0.3913322465065171,0.7571101434896668,-0.4918406607749805,0.5162273269329818,True,True,0.0,3.0,0.0,3.0,False,True,Future Moat,90
20260430,4099,4099.T,SHIKOKU KASEI HOLDINGS CORPORATION,Prime Market (Domestic),3200,Chemicals,4,RAW MATERIALS & CHEMICALS,7,TOPIX Small 2,False,2026-06-01,6530.0,6530.0,240500.0,1080196783.3333333,1222.0,0.001702447889317,0.3607021339249385,-0.3091446457361757,2.202902924945688,4.86137919548391,1222.0,四国化成ホールディングス株式会社,71004000000.0,10869000000.0,11921000000.0,8476000000.0,144403000000.0,94599000000.0,10981000000.0,,-11545000000.0,,,1331.0,0.0582623701974662,0.1642190133138465,0.1530758830488423,0.0895992558060867,0.6551041183354916,0.1546532589713255,,,,,,,,,,,,,,,0.2772610145820495,0.3793651498097809,0.0006222143038949,0.1743795540429911,0.2268829962255397,-0.0024148218490326,1.0986122886681098,0.0,0.0,0.0,0.0,0.2393676809359459,0.0,0.1392714976861875,3.3979831601847135,-0.367290729633923,0.5157988866680513,True,True,0.0,3.0,0.0,3.0,False,True,Future Moat,91
20260430,6480,6480.T,"NIPPON THOMPSON CO.,LTD.",Prime Market (Domestic),3600,Machinery,8,MACHINERY,7,TOPIX Small 2,False,2026-06-01,2231.0,2231.0,868100.0,1314794431.6666667,1222.0,0.0014850536688809,0.39264546392683,-0.4185334758832754,2.367051510550649,3.256787210040197,1222.0,日本トムソン株式会社,54384000000.0,1592000000.0,1841000000.0,978000000.0,120666000000.0,75631000000.0,6449000000.0,,912000000.0,,,2366.0,-0.1074091477422961,-0.5897496889862738,0.0292733156810826,0.0129312054580793,0.6267797059652264,0.1185826713739335,,,,,,,,,,,,,,,-0.1852696303467176,0.2508550555487149,-0.1998149797660346,-0.1598869636514993,-0.0740709954176792,-0.2924824473543648,1.0986122886681098,1.3862943611198906,0.0,0.0,0.0,0.8020199648197579,0.0,0.1452640789820324,3.6897928772029474,-0.0041559058197427,0.5146589572843014,True,True,0.0,3.0,1.0,3.0,False,True,Future Moat,92
20260430,6877,6877.T,Obara Group Incorporated,Standard Market(Domestic),3650,Electric Appliances,9,ELECTRIC APPLIANCES & PRECISION INSTRUMENTS,7,TOPIX Small 2,False,2026-06-01,6240.0,6240.0,59700.0,517147733.3333333,1222.0,0.0006893414399101,0.2748513287714196,-0.3287858806838459,0.7495709936621913,0.9391889682406428,1222.0,ＯＢＡＲＡ　ＧＲＯＵＰ株式会社,61682000000.0,10011000000.0,10176000000.0,6984000000.0,103830000000.0,82205000000.0,5110000000.0,,-6096000000.0,,,1926.0,0.0567686161246456,-0.1330973779342724,0.1623001848189099,0.0849583358676479,0.7917268612154483,0.0828442657501378,,,,,,,,,,,,,,,0.4317333318619267,0.1235284390068136,0.5393166613949353,0.1992851379610075,0.3297091357745663,-0.0707157786562883,1.3862943611198906,1.3862943611198906,0.0,0.0,0.0,0.9723460085165826,0.0,0.3729375986232726,0.8143704044706402,-0.5896059682466941,0.513335235895006,True,True,0.0,3.0,0.0,3.0,False,True,Future Moat,93
20260430,7725,7725.T,INTER ACTION Corporation,Prime Market (Domestic),3750,Precision Instruments,9,ELECTRIC APPLIANCES & PRECISION INSTRUMENTS,7,TOPIX Small 2,False,2026-06-01,2067.0,2067.0,160800.0,230083373.33333337,1222.0,0.0003318489575683,0.4118310781879672,-0.6722995379888157,0.6526335403409456,-0.0050087835871728,1222.0,株式会社インターアクション,6668651000.0,2254392000.0,1386105000.0,979266000.0,13656465000.0,11765105000.0,3561737000.0,,-415784000.0,,,130.0,-0.0138288347267534,-0.006714304917969,0.3380581769836208,0.0832347862598761,0.8615044229967271,0.5341015746663006,,,,,,,,,,,,,,,0.8202698277606327,1.731240516006744,-0.320200383816979,0.6738311287832702,0.7906307177111657,-0.0931045159938354,1.3862943611198906,1.3862943611198906,0.0,0.0,0.0,0.9723460085165826,0.0,0.5056168888698656,0.6420430541137081,0.6658585408228035,0.503235340198956,True,True,0.0,3.0,0.0,3.0,False,True,Future Moat,94
20260430,7711,7711.T,"SUKEGAWA ELECTRIC CO.,LTD.",Standard Market(Domestic),3750,Precision Instruments,9,ELECTRIC APPLIANCES & PRECISION INSTRUMENTS,-,,False,2026-06-01,5280.0,5280.0,55600.0,822185566.6666666,1222.0,0.0024800315717792,0.656487147642225,-0.5467945585864978,1.9322941772389344,6.452819354624719,1222.0,助川電気工業株式会社,5467931000.0,1537220000.0,1177513000.0,794456000.0,7546736000.0,4890261000.0,826877000.0,,-336323000.0,,,191.0,0.0929869684151138,0.2733876620838329,0.281133759734715,0.1624567686673574,0.6479968293577515,0.1512230128726935,,,,,,,,,,,,,,,0.6980612856291334,0.3671440777719711,-1.8553620614093125,0.520135392659666,0.0690621356632602,0.0473353750674682,1.3862943611198906,1.3862943611198906,0.0,0.0,0.0,0.9723460085165826,0.0,0.3242562870208199,2.916917412344484,1.1323277885029268,0.5027152494049756,True,True,0.0,3.0,0.0,3.0,False,True,Future Moat,95
20260430,7746,7746.T,"OKAMOTO GLASS CO.,LTD.",Standard Market(Domestic),3750,Precision Instruments,9,ELECTRIC APPLIANCES & PRECISION INSTRUMENTS,-,,False,2026-06-01,795.0,795.0,629200.0,1525234536.6666667,1222.0,0.0020777072727595,0.7317203882083126,-0.5348837209302326,3.920098492233292,2.955223880597015,1222.0,岡本硝子株式会社,4686676000.0,626441000.0,198242000.0,207075000.0,8680147000.0,1803533000.0,370119000.0,,617910000.0,,,231.0,-0.0206841026228523,0.0182474252673263,0.1336642430584064,0.1148163077692506,0.2077767807388515,0.0789726023305216,,,,,,,,,,,,,,,-0.1818334701020801,0.1097347122021531,-2.327433684466823,0.1219681910131168,-0.477301135175931,-0.0924094786697989,1.3862943611198906,1.3862943611198906,0.0,0.0,0.0,0.9723460085165826,0.0,0.1254110923347457,5.109614166478054,1.3398869301638072,0.5023838159661704,True,True,0.0,3.0,0.0,3.0,False,True,Future Moat,96
20260430,6809,6809.T,TOA CORPORATION,Prime Market (Domestic),3650,Electric Appliances,9,ELECTRIC APPLIANCES & PRECISION INSTRUMENTS,7,TOPIX Small 2,False,2026-06-01,1535.0,1535.0,131200.0,263924000.0,1222.0,0.000791916367069,0.2956171014944716,-0.32186741983902,0.6928437002300613,1.1332285610633095,1222.0,ＴＯＡ株式会社,55258000000.0,9635000000.0,3920000000.0,2829000000.0,68630000000.0,52586000000.0,5619000000.0,,-2085000000.0,,,3144.0,0.0491592086612131,0.1348697816050854,0.1743638930109667,0.0537975887118244,0.7662246830831998,0.1016866336096131,,,,,,,,,,,,,,,0.3406205860813607,0.1906588804831239,0.409016119245574,0.2318571097187714,0.2950565710421263,-0.015622117109098,1.3862943611198906,1.3862943611198906,0.0,0.0,0.0,0.9723460085165826,0.0,0.3763152445903381,0.7135253354581181,-0.5410405022610403,0.501771828362254,True,True,0.0,3.0,0.0,3.0,False,True,Future Moat,97
20260430,6454,6454.T,"MAX CO.,LTD.",Prime Market (Domestic),3600,Machinery,8,MACHINERY,6,TOPIX Small 1,False,2026-06-01,1640.0,1640.0,331700.0,539091076.6666666,1222.0,0.001384775144235,0.2699233940080147,-0.222363149201647,0.5229610680474532,3.549043084072214,1222.0,マックス株式会社,91839000000.0,14595000000.0,14809000000.0,11231000000.0,124611000000.0,106034000000.0,14588000000.0,,-7614000000.0,,,2458.0,0.0436588868496232,0.2125926018468018,0.158919413321138,0.1059188562159307,0.8509200632367929,0.1588431929790176,,,,,,,,,,,,,,,0.5478477657291627,0.3942927916959111,0.5702383410218889,0.1901570662278579,0.4423989973791341,-0.0020197812090302,1.0986122886681098,1.3862943611198906,0.0,0.0,0.0,0.8020199648197579,0.0,0.37282074335741,0.4115221068538666,-0.8608038315387259,0.5000533371966692,True,True,0.0,3.0,0.0,3.0,False,True,Future Moat,98
20260430,7730,7730.T,"MANI,INC.",Prime Market (Domestic),3750,Precision Instruments,9,ELECTRIC APPLIANCES & PRECISION INSTRUMENTS,6,TOPIX Small 1,False,2026-06-01,1753.0,1753.0,198100.0,575694746.6666666,1222.0,1.3538790371803348e-05,0.3195391519672196,-0.5582500560724917,0.4692663833343207,-0.2051974020074269,1222.0,マニー株式会社,29969000000.0,8193000000.0,8271000000.0,4814000000.0,57987000000.0,53561000000.0,7017000000.0,,-3895000000.0,,,4140.0,0.1062431646431514,0.0635605864653054,0.2733824952450865,0.0898788297455237,0.9236725472950834,0.2341419466782341,,,,,,,,,,,,,,,0.7903989169716503,0.6625626087455991,0.2589106458064265,0.4992070044705871,0.5939038031818801,0.0094634358972179,1.3862943611198906,1.3862943611198906,0.0,0.0,0.0,0.9723460085165826,0.0,0.4722408024838432,0.3160681576542644,0.1020717179719997,0.4936404464520697,True,True,0.0,3.0,0.0,3.0,False,True,Future Moat,102
20260430,7716,7716.T,NAKANISHI INC.,Standard Market(Domestic),3750,Precision Instruments,9,ELECTRIC APPLIANCES & PRECISION INSTRUMENTS,-,,False,2026-06-01,3055.0,3055.0,266600.0,688632315.0,1222.0,0.0005171508840683,0.3147462211186372,-0.5123335820155219,0.5688585452308523,0.4774262165322573,1222.0,株式会社ナカニシ,81565340000.0,19846891000.0,16933969000.0,10986418000.0,160155463000.0,114074441000.0,16649420000.0,,679155000.0,,,2204.0,0.1689432242594624,0.0013889999366691,0.2433250569420786,0.0963091986573925,0.7122731804659077,0.2041237123513492,,,,,,,,,,,,,,,0.5209272741400425,0.5556154703746772,0.2889852063047899,0.418052021613746,0.4626358591263913,0.0406692004003801,1.3862943611198906,1.3862943611198906,0.0,0.0,0.0,0.9723460085165826,0.0,0.4406618603929871,0.4931148283468854,-0.0233093474789159,0.4923042779755673,True,True,0.0,3.0,0.0,3.0,False,True,Future Moat,103
20260430,8750,8750.T,"Daiichi Life Group,Inc.",Prime Market (Domestic),7150,Insurance,16,FINANCIALS (EX BANKS),2,TOPIX Large70,True,2026-06-01,1634.5,1634.5,6837800.0,13653048540.0,1222.0,0.0012324462839293,0.331230799232131,-0.2907555861615531,0.4775159099216666,2.4442205142939604,1222.0,第一生命ホールディングス株式会社,225620000000.0,198865000000.0,988656000000.0,429613000000.0,73389783000000.0,3469707000000.0,592578000000.0,,-73570000000.0,,,60814.0,-0.0846186280744644,-0.1157322282988969,0.881415654640546,0.1238182359490297,0.0472777934225531,2.6264426912507757,,,5885754605568.0,6502281117696.0,13.648129,4.4190006,1.3835129,4.4,0.299,3600951015.0,489897984000.0,0.044,13.648129,1.3835129,0.8910966953983327,2.899583956008088,0.1855481951259422,1.959826919309974,1.4658548552786217,-0.0585880543644001,0.0,0.0,0.0,1.0986122886681098,0.0,-0.1926235192046947,0.2565286302704805,0.4058016817716501,0.3307334806000325,-0.5039981045908852,0.4892748402907418,True,True,0.0,3.0,1.0,3.0,True,True,Core Moat,105
