effective_date,code,ticker,company_name,market,sector_33_code,sector_33,sector_17_code,sector_17,scale_category_code,scale_category,is_financial,close,adj_close,volume,avg_trading_value_60d,history_days,daily_return_mean,annual_volatility,max_drawdown,return_12m_ex_1m,cumulative_return,price_history_days,company_name_ja,revenue,operating_income,ordinary_income,net_income,total_assets,equity,operating_cf,investing_cf,financing_cf,rd_expense,capex,employees,revenue_growth,operating_income_growth,operating_margin,roe,equity_ratio,ocf_margin,rd_ratio,capex_ratio,market_cap,enterprise_value,trailing_pe,forward_pe,price_to_book,dividend_yield,beta,shares_outstanding,ebitda,dividend_yield_clean,pe_for_score,pbr_for_score,profitability_score,cash_generation_score,stability_score,competitive_position_score,moat_score,transformation_score,ai_infrastructure_exposure,automation_exposure,data_software_exposure,trust_security_exposure,intangible_investment_score,future_moat_score,valuation_score,bb_score,momentum_score,risk_score,adjusted_bb_score,price_available,liquid_20m_60d,operating_loss_years_3y,operating_income_years_available,negative_ocf_years_3y,operating_cf_years_available,is_financial_like,investment_eligible,category,score_rank,needs_financial_explanation,is_small_cap_candidate,latest_date,previous_close,target_weight,target_investment,shares,actual_investment,actual_weight,cash_remaining,max_weight_limit
20260430,9022,9022.T,Central Japan Railway Company,Prime Market (Domestic),5050,Land Transportation,12,TRANSPORTATION & LOGISTICS,2,TOPIX Large70,False,3386.0,3386.0,2912500.0,11293249795.0,1222.0,0.0001721863958815,0.2327191119661347,-0.3030610509381947,0.2862562232403768,0.0821336008655786,1222.0,東海旅客鉄道株式会社,2033041000000.0,703824000000.0,649294000000.0,464391000000.0,10640544000000.0,4658550000000.0,624550000000.0,,-95532000000.0,,,29144.0,0.1273747952625106,0.3708956092729525,0.3461927231177334,0.0996857391248349,0.437811262281327,0.307199903986196,,,3234494414848.0,7828844576768.0,5.930986,7.976067,0.6381434,0.92,0.159,955255309.0,1036102991872.0,0.92,5.930986,0.6381434,0.4129531939655757,0.922849052785838,0.8036868230498782,0.6957943761301352,0.6751421209204138,1.8758957916284469,0.0,0.0,0.0,0.0,0.0,-0.411080513804854,2.760599394025213,0.9622823391455616,-0.0092720993553059,-0.7836871543015949,1.0397238446401904,True,True,0.0,3.0,0.0,3.0,False,True,Transformation Moat,1,False,False,2026-06-01,3386.0,0.06873478395971358,343673.9197985679,114,386004.0,0.0772008,157.1871337890625,0.08
20260430,9501,9501.T,"Tokyo Electric Power Company Holdings,Incorporated",Prime Market (Domestic),4050,Electric Power and Gas,11,ELECTRIC POWER & GAS,4,TOPIX Mid400,False,558.9000244140625,558.9000244140625,32028700.0,35605341998.17322,1222.0,0.0008460238439197,0.469940697789284,-0.6648306887521163,0.4121170694053112,0.6535503680889423,1222.0,東京電力ホールディングス株式会社,8917288000000.0,234452000000.0,403481000000.0,161846000000.0,21346787000000.0,3786130000000.0,361249000000.0,,194169000000.0,,,38074.0,-0.0404651953427093,-0.159236308345526,0.0262918501678985,0.0427470794716504,0.177362991442225,0.0405110836388821,,,895750242304.0,6608599908352.0,,2.6368184,0.26426095,,-0.008,1602702047.0,726727983104.0,,2.6368184,0.26426095,-0.6045854679117583,-0.027293645851091,-0.6848251458774542,-0.1679369105621948,-0.3889807365198179,2.040370881651407,1.0986122886681098,0.0,0.0,0.0,0.0,0.2393676809359459,3.2217824040371363,0.9484761643432604,0.2144728556664387,0.830335228733784,0.8868899270365259,True,True,1.0,3.0,1.0,3.0,False,True,Transformation Moat,3,False,False,2026-06-01,558.9000244140625,0.05863113349294956,293155.6674647478,527,294540.31286621094,0.05890806257324219,157.1871337890625,0.08
20260430,8309,8309.T,"Sumitomo Mitsui Trust Group,Inc.",Prime Market (Domestic),7050,Banks,15,BANKS,2,TOPIX Large70,True,5468.0,5468.0,2643900.0,12596604166.666666,1222.0,0.0011813966034256,0.2731632091504134,-0.2606695465210208,0.4604328227115899,2.522715706868909,1222.0,三井住友トラストグループ株式会社,157127000000.0,150244000000.0,367694000000.0,259138000000.0,78247102000000.0,3127317000000.0,3976669000000.0,,-47585000000.0,,,23125.0,0.4183039435272186,0.4474065694311384,0.9561946705531196,0.0828627222632051,0.0399671926507898,25.308629325322823,,,3811114221568.0,-467693010944.0,12.107793,14.723067,1.0710787,0.87,0.334,696985020.0,,0.87,12.107793,1.0710787,0.7716717928632685,2.899583956008088,0.5499092314265771,1.959826919309974,1.4969283466514762,1.1147050320315597,0.0,0.0,0.0,0.0,0.0,-0.411080513804854,1.0208526265275406,0.7575585018410075,0.3003645875255153,-0.7585850389470676,0.8634534644882659,True,True,0.0,3.0,0.0,3.0,True,True,Core Moat,4,True,False,2026-06-01,5468.0,0.05708177959639441,285408.8979819721,52,284336.0,0.0568672,157.1871337890625,0.08
20260430,3449,3449.T,TECHNOFLEX CORPORATION,Standard Market(Domestic),3550,Metal Products,3,CONSTRUCTION & MATERIALS,-,,False,6830.0,6830.0,139100.0,702634568.3333334,1222.0,0.0018707996551113,0.2655215031428141,-0.1479896961605018,4.048340451063108,7.294320707569151,1222.0,株式会社テクノフレックス,26608142000.0,4609699000.0,3924174000.0,3123183000.0,38995023000.0,25688017000.0,5219019000.0,,-2332487000.0,,,809.0,0.1135524323034233,0.5250105424428597,0.173243926614643,0.121581319414418,0.6587511693479448,0.1961436841399899,,,,,,,,,,,,,,,0.4045510372478811,0.5271847115222237,0.5978592137853305,0.2288332041956985,0.4387275245135201,0.1190728255299944,1.0986122886681098,0.0,0.0,0.0,0.0,0.2393676809359459,0.0,0.2331967680173384,5.109614166478054,-1.0533377501226089,0.8494919596774049,True,True,0.0,3.0,0.0,3.0,False,True,Core Moat,5,False,False,2026-06-01,6830.0,0.05615880276762011,280794.01383810054,41,280030.0,0.056006,157.1871337890625,0.08
20260430,8630,8630.T,"Sompo Holdings,Inc.",Prime Market (Domestic),7150,Insurance,16,FINANCIALS (EX BANKS),2,TOPIX Large70,True,5906.0,5906.0,2798500.0,16838103215.0,1222.0,0.0014873002200741,0.3087939913682631,-0.289548038656869,0.2696448579070625,3.8703222809261297,1222.0,ＳＯＭＰＯホールディングス株式会社,142732000000.0,119448000000.0,117818000000.0,153753000000.0,1428183000000.0,2865132000000.0,473137000000.0,,-87612000000.0,,,54106.0,-0.0170715238004429,-0.0099826230732406,0.8368690973292604,0.0536634961321153,2.00613786888655,3.314862819830171,,,5269587230720.0,5016131731456.0,8.421983,21.636078,1.0196918,3.36,0.177,892243020.0,943981985792.0,0.0336,8.421983,1.0196918,1.8566730603446413,2.899583956008088,0.3263341060454839,1.959826919309974,1.831963765193738,0.4596552435751219,0.0,0.0,0.0,1.0986122886681098,0.0,-0.1926235192046947,1.0991999848863894,0.7715958824234518,-0.0388024044708588,-0.577335781986873,0.8254492201750532,True,True,0.0,3.0,0.0,2.0,True,True,Core Moat,6,True,False,2026-06-01,5906.0,0.05456936869431989,272846.84347159945,46,271676.0,0.0543352,157.1871337890625,0.08
20260430,8473,8473.T,"SBI Holdings,Inc.",Prime Market (Domestic),7100,Securities and Commodities Futures,16,FINANCIALS (EX BANKS),4,TOPIX Mid400,True,2911.0,2911.0,2920900.0,11570306420.0,1222.0,0.0009976879686571,0.3193809469454736,-0.3174396791500968,0.5681549613673558,1.6347975092028215,1222.0,ＳＢＩホールディングス株式会社,176300000000.0,131256000000.0,112730000000.0,59680000000.0,2209943000000.0,571359000000.0,,,,,,19156.0,0.5654236266123918,0.8058963727044945,0.744503686897334,0.1044527171183091,0.2585401523930707,,,,1881560842240.0,-1703848443904.0,4.6614037,7.1542673,1.0482572,3.26,0.45,646362398.0,883399000064.0,0.0326,4.6614037,1.0482572,0.9454094011112968,0.0,0.2599033466502228,1.771232645731125,0.7371204888652234,1.3721741861615424,0.0,0.0,0.0,0.0,0.0,-0.411080513804854,1.897985257366412,0.7255533276634583,0.4918640554124197,-0.4770781136489973,0.8224475445696,True,True,0.0,3.0,0.0,0.0,True,True,Transformation Moat,7,True,False,2026-06-01,2911.0,0.05437093184464914,271854.6592232457,93,270723.0,0.0541446,157.1871337890625,0.08
20260430,6178,6178.T,"JAPAN POST HOLDINGS Co.,Ltd.",Prime Market (Domestic),9050,Services,10,"IT & SERVICES, OTHERS",2,TOPIX Large70,False,2035.0,2035.0,5647800.0,10722098913.333334,1222.0,0.0009533728110344,0.2558217916488027,-0.2807954623732773,0.4301590420339574,1.7256368509806477,1222.0,日本郵政株式会社,207244000000.0,139262000000.0,955906000000.0,599405000000.0,304492161000000.0,15289540000000.0,2794869000000.0,,215896000000.0,,,218718.0,-0.1029789844663696,-0.121962715340067,0.6719712030263844,0.039203599323459,0.0502132467048962,13.485886201771825,,,5710855274496.0,-19740376432640.0,15.770305,16.348007,0.5878693,2.9,0.19,2806316928.0,,0.0289999999999999,15.770305,0.5878693,0.4079455254612867,2.899583956008088,0.6587227165895889,1.5753951819469287,1.314500502620776,0.569405371019038,0.0,0.0,1.0986122886681098,0.6931471805599453,0.0,0.0654440910643846,0.8130709977235504,0.6782953705188403,0.2465463755680128,-0.7646636672278373,0.7794163747984253,True,True,0.0,3.0,2.0,3.0,True,True,Core Moat,9,False,False,2026-06-01,2035.0,0.05152619747311127,257630.98736555633,126,256410.0,0.051282,157.1871337890625,0.08
20260430,6777,6777.T,santec Holdings Corporation,Standard Market(Domestic),3650,Electric Appliances,9,ELECTRIC APPLIANCES & PRECISION INSTRUMENTS,-,,False,25380.0,25380.0,150300.0,6644598083.333333,1222.0,0.003029606562102,0.5776400668276193,-0.6218053398486106,5.088906370455208,17.217455545476266,1222.0,ｓａｎｔｅｃ　Ｈｏｌｄｉｎｇｓ株式会社,24026716000.0,7429087000.0,7887932000.0,5067844000.0,29527373000.0,21428211000.0,6001678000.0,,-700473000.0,,,350.0,0.2553557856733508,0.3657576332554233,0.3092010993096185,0.2365033646532601,0.7257066519259943,0.2497918566981854,,,298478436352.0,280270340096.0,38.927574,57.394844,12.032057,0.92,1.185,11760380.0,11098999808.0,0.92,38.927574,12.032057,1.0355377253305107,0.7183191557220214,-1.3606144055403482,0.5959171156087733,0.3890785348098691,0.0599310669096628,1.3862943611198906,1.3862943611198906,0.0,0.0,0.0,0.9723460085165826,-0.3948089729194864,0.3641887837874282,5.109614166478054,1.065049150073305,0.7686452854279032,True,True,0.0,3.0,0.0,3.0,False,True,Future Moat,10,False,False,2026-06-01,25380.0,0.05081413483772003,254070.67418860015,10,253800.0,0.05076,157.1871337890625,0.08
20260430,5844,5844.T,"Kyoto Financial Group,Inc.",Prime Market (Domestic),7050,Banks,15,BANKS,4,TOPIX Mid400,True,4341.0,4341.0,970900.0,5527211130.0,1222.0,0.0012672551397826,0.3237207151558594,-0.3601680526023386,0.8597906951690399,2.6393552344677293,1222.0,株式会社京都フィナンシャルグループ,31329000000.0,30044000000.0,50915000000.0,36554000000.0,12161140000000.0,1083193000000.0,501615000000.0,,-24020000000.0,,,3580.0,1.6236496105853782,1.677957037169088,0.9589836892336174,0.0337465253191259,0.0890700213960204,16.01120367710428,,,1229082460160.0,1030209404928.0,12.807576,31.207764,1.0852517,2.49,0.182,283133476.0,,0.0249,12.807576,1.0852517,0.6921940932244152,2.899583956008088,0.2326722795400596,1.959826919309974,1.405663761400574,1.0288353327158584,0.0,0.0,0.0,0.0,0.0,-0.411080513804854,0.4594327962113272,0.6244987268893798,1.0103098320813748,-0.3607804828250046,0.7616077583800178,True,True,0.0,2.0,1.0,2.0,True,True,Core Moat,11,True,False,2026-06-01,4341.0,0.05034889312595142,251744.46562975712,57,247437.0,0.0494874,157.1871337890625,0.08
20260430,6627,6627.T,"Tera Probe,Inc.",Standard Market(Domestic),3650,Electric Appliances,9,ELECTRIC APPLIANCES & PRECISION INSTRUMENTS,-,,False,11040.0,11040.0,95500.0,1317274283.3333333,1222.0,0.0023263326203263,0.5998656684228829,-0.7400823272046615,3.1645008510296124,6.241571894274277,1222.0,株式会社テラプローブ,41746379000.0,8893949000.0,8750990000.0,6952842000.0,100572987000.0,59928689000.0,20140044000.0,,11838381000.0,,,1127.0,0.0858898018658074,0.1123056961888198,0.2130471962610218,0.1160185900278913,0.5958726173659334,0.4824381055899483,,,,,,,,,,,,,,,0.3918096016134114,1.547177052584381,-1.5000750447413025,0.3363018990736263,0.291172994577254,0.0057916882653901,1.3862943611198906,1.3862943611198906,0.0,0.0,0.0,0.9723460085165826,0.0,0.3805036229944984,5.107432057729099,1.4190347673181185,0.7493433520355965,True,True,0.0,3.0,0.0,3.0,False,True,Future Moat,12,False,False,2026-06-01,11040.0,0.049538109257885314,247690.54628942657,22,242880.0,0.048576,157.1871337890625,0.08
20260430,6524,6524.T,"KOHOKU KOGYO CO.,LTD.",Standard Market(Domestic),3650,Electric Appliances,9,ELECTRIC APPLIANCES & PRECISION INSTRUMENTS,-,,False,6070.0,6070.0,171400.0,1717554650.0,1084.0,0.0017976296840307,0.5438920731585133,-0.5850666409072383,2.3767692198368775,2.7447741188807093,1084.0,湖北工業株式会社,17454000000.0,4624000000.0,4547000000.0,2992000000.0,28319000000.0,23441000000.0,3343000000.0,,-3646000000.0,641000000.0,,1710.0,0.1382337235828095,0.2823342868880141,0.2649249455712157,0.1276396058188643,0.8277481549489741,0.1915320270425117,0.0367251059928956,,,,,,,,,,,,,,0.7722001105681365,0.5107545802775781,-1.148853353823924,0.8299250392403015,0.3341730208515178,0.0820214316395008,1.3862943611198906,1.3862943611198906,0.0,0.0,0.7071067811865475,1.1491227038132197,0.0,0.4654940753092964,3.7070682133651744,0.8708229281976265,0.7491186038260512,True,True,0.0,3.0,0.0,3.0,False,True,Future Moat,13,False,False,2026-06-01,6070.0,0.04952325144760419,247616.25723802095,40,242800.0,0.04856,157.1871337890625,0.08
20260430,6387,6387.T,SAMCO INC.,Prime Market (Domestic),3600,Machinery,8,MACHINERY,7,TOPIX Small 2,False,11050.0,11050.0,175200.0,1829675283.3333333,1222.0,0.0015876345592363,0.5170593993152873,-0.7019717216018018,3.5000342331276997,2.6697164395525848,1222.0,サムコ　株式会社,9342282000.0,2342740000.0,2373332000.0,1697328000.0,17774224000.0,13558675000.0,1206003000.0,,-404592000.0,,,191.0,0.092268013589934,0.122594867641957,0.2507674249182373,0.125183913619878,0.762827958058816,0.1290908366927909,,,,,,,,,,,,,,,0.6685296352905628,0.2882929074270931,-0.9804843749412798,0.4381463902499121,0.1975910022701967,0.012722425036287,1.0986122886681098,1.3862943611198906,0.0,0.0,0.0,0.8020199648197579,0.0,0.3030638963860581,5.109614166478054,1.067502982424961,0.7072750147913675,True,True,0.0,3.0,1.0,3.0,False,True,Future Moat,14,False,True,2026-06-01,11050.0,0.04675702648582759,233785.13242913794,21,232050.0,0.04641,157.1871337890625,0.08
20260430,6800,6800.T,"YOKOWO CO.,LTD.",Prime Market (Domestic),3650,Electric Appliances,9,ELECTRIC APPLIANCES & PRECISION INSTRUMENTS,7,TOPIX Small 2,False,5170.0,5170.0,121000.0,835476995.0,1222.0,0.001117362053713,0.425757660455745,-0.6154404403033261,3.166816847624265,1.5316301037784092,1222.0,株式会社ヨコオ,82884000000.0,4226000000.0,3926000000.0,2240000000.0,76278000000.0,52030000000.0,7239000000.0,,-4615000000.0,,,7733.0,0.0310835666238158,-0.1723297192152675,0.0509869214806235,0.0430520853353834,0.6821101759353942,0.0873389315187491,,,,,,,,,,,,,,,-0.0033299281382772,0.1395417606649832,-0.4075865477695826,-0.1012603006385837,-0.0680494043637845,-0.0981279469503944,1.3862943611198906,1.3862943611198906,0.0,0.0,0.0,0.9723460085165826,0.0,0.2467569945082408,5.109614166478054,0.5729492791584487,0.7004234832402013,True,True,0.0,3.0,0.0,3.0,False,True,Future Moat,16,False,True,2026-06-01,5170.0,0.046304080693163246,231520.40346581623,44,227480.0,0.045496,157.1871337890625,0.08
20260430,9513,9513.T,"Electric Power Development Co.,Ltd.",Prime Market (Domestic),4050,Electric Power and Gas,11,ELECTRIC POWER & GAS,4,TOPIX Mid400,False,3954.0,3954.0,719900.0,5372123065.0,1222.0,0.0010576501326825,0.2605049348436094,-0.1790906796786056,0.6121708880824486,2.092807224323274,1222.0,電源開発株式会社,1383337000000.0,138310000000.0,140598000000.0,102530000000.0,3931480000000.0,1463502000000.0,250335000000.0,,-133697000000.0,,,7127.0,-0.1783211060872911,-0.1326889179762284,0.0999828675152909,0.0700579842050096,0.3722521798406707,0.1809645805758105,,,695936745472.0,2117931368448.0,12.151945,10.946238,0.49702734,2.74,-0.234,176008295.0,217066995712.0,0.0274,12.151945,0.49702734,-0.183005014419765,0.4731055251334715,0.6293370488668076,0.0310285897323641,0.1862977539562844,0.8468416553871603,1.0986122886681098,0.0,0.0,0.0,0.0,0.2393676809359459,1.312225274398718,0.5362438354742669,0.5701119128136252,-0.9943524596167784,0.6926902727173073,True,True,0.0,3.0,0.0,3.0,False,True,Transformation Moat,17,False,False,2026-06-01,3954.0,0.045792848256448235,228964.2412822412,57,225378.0,0.0450756,157.1871337890625,0.08
20260430,8050,8050.T,SEIKO GROUP CORPORATION,Prime Market (Domestic),3750,Precision Instruments,9,ELECTRIC APPLIANCES & PRECISION INSTRUMENTS,6,TOPIX Small 1,False,7420.0,7420.0,436100.0,1845328000.0,1222.0,0.0019565289157285,0.3862891128609567,-0.3719009043404572,2.3792878497384877,6.611660153170776,1222.0,セイコーグループ株式会社,315445000000.0,30533000000.0,20769000000.0,13508000000.0,369236000000.0,158014000000.0,32609000000.0,,-16520000000.0,,,11367.0,0.0748107111617399,0.2008632106792029,0.0967934188210306,0.0854860961686939,0.4279485207292897,0.103374597790423,,,,,,,,,,,,,,,-0.0854425138952777,0.1966726565381851,-0.1599303098805966,0.0224170889285991,-0.0082393599192004,0.0178164611677985,1.3862943611198906,1.3862943611198906,0.0,0.0,0.0,0.9723460085165826,0.0,0.2936861098711643,3.7115456243410527,-0.1361657663271351,0.6784572489379831,True,True,0.0,3.0,0.0,3.0,False,True,Future Moat,18,False,True,2026-06-01,7420.0,0.04485192166367218,224259.6083183609,30,222600.0,0.04452,157.1871337890625,0.08
20260430,6356,6356.T,"NIPPON GEAR CO.,LTD.",Standard Market(Domestic),3600,Machinery,8,MACHINERY,-,,False,1492.0,1492.0,527500.0,5332541846.666667,1222.0,0.0018517295247381,0.5388403879290268,-0.4792169163431881,2.0098422041820996,3.8617259028626494,1222.0,日本ギア工業株式会社,9555548000.0,2105777000.0,2152900000.0,1550400000.0,15233746000.0,12561580000.0,1289921000.0,,-384305000.0,,,264.0,0.1272292937098107,0.4774873825492756,0.2203721858756818,0.1234239641828496,0.8245890406732527,0.1349918392958729,,,21241489408.0,23802957824.0,12.129095,,3.8963141,0.6,0.395,14236923.0,1256057984.0,0.6,12.129095,3.8963141,0.677061702310859,0.3093166403704316,-1.1171551679221152,0.3560793465264513,0.1620855916222757,0.2645319198849592,1.0986122886681098,1.3862943611198906,0.0,0.0,0.0,0.8020199648197579,0.3727357169046759,0.4112750044395513,3.0547758514788113,0.6006134762258731,0.6566912419648452,True,True,0.0,3.0,0.0,3.0,False,True,Future Moat,22,False,False,2026-06-01,1492.0,0.04341299940111506,217064.99700557528,145,216340.0,0.043268,157.1871337890625,0.08
20260430,9984,9984.T,SoftBank Group Corp.,Prime Market (Domestic),5250,Information & Communication,10,"IT & SERVICES, OTHERS",1,TOPIX Core30,False,8541.0,8541.0,100911200.0,348913306723.3333,1222.0,0.0017338407381402,0.52183024514636,-0.5079229021101428,3.057787119251607,3.31157921305771,1222.0,ソフトバンクグループ株式会社,408569000000.0,304715000000.0,-481572000000.0,1082903000000.0,23044859000000.0,5325482000000.0,,,,,,67229.0,-0.2114794671747563,-0.4853925904909555,0.7458103771945498,0.2033436597851612,0.2310919758719287,,,,48674507849728.0,65838660976640.0,9.786868,28.924109,2.7927911,0.15,0.901,5698923701.0,929463009280.0,0.15,9.786868,2.7927911,1.1864464720544774,0.0,-1.010420356933884,1.774760705161896,0.5681243348646695,-0.2685930898171863,0.0,0.0,1.6094379124341005,0.6931471805599453,0.0,0.1854386963944602,0.4741573348461673,0.2300442371503674,4.917725251804855,0.6161922243000091,0.660197539900852,True,True,1.0,3.0,0.0,0.0,True,True,Core Moat,20,False,False,2026-06-01,8541.0,0.04364479617327932,218223.9808663966,25,213525.0,0.042705,157.1871337890625,0.08
20260430,6617,6617.T,"TAKAOKA TOKO CO.,LTD.",Prime Market (Domestic),3650,Electric Appliances,9,ELECTRIC APPLIANCES & PRECISION INSTRUMENTS,7,TOPIX Small 2,False,8180.0,8180.0,161000.0,971058550.0,1222.0,0.0018243740326068,0.3812551586665256,-0.446317270388011,2.4306687127349313,5.5247138633578015,1222.0,株式会社東光高岳,115222000000.0,11254000000.0,6302000000.0,4280000000.0,113652000000.0,66456000000.0,5039000000.0,,-3349000000.0,,,2547.0,0.0448823419651787,0.0879498305639594,0.0976723195223134,0.0644035151077404,0.5847323408299018,0.0437329676624255,,,,,,,,,,,,,,,0.0315047538802546,-0.0158149135336357,-0.1283433822262605,0.0247901178815799,-0.0136377173942559,-0.029318055419867,1.3862943611198906,1.3862943611198906,0.0,0.0,0.0,0.9723460085165826,0.0,0.2802829734817312,3.802886253539211,0.0268492620739026,0.6578866726282621,True,True,0.0,3.0,0.0,3.0,False,True,Future Moat,21,False,True,2026-06-01,8180.0,0.04349202775928185,217460.13879640924,26,212680.0,0.042536,157.1871337890625,0.08
20260430,4971,4971.T,MEC COMPANY LTD.,Prime Market (Domestic),3200,Chemicals,4,RAW MATERIALS & CHEMICALS,6,TOPIX Small 1,False,11100.0,11100.0,335400.0,2863908933.3333335,1222.0,0.0016418289054507,0.4891852339921811,-0.607191279290515,3.435703362550969,3.178125383093156,1222.0,メック株式会社,26740510000.0,5914601000.0,7224721000.0,5766868000.0,41814028000.0,30472068000.0,3979322000.0,,-2252707000.0,,,508.0,0.2520458349051624,0.5403550527231435,0.2211850484527034,0.1892509559902531,0.7287522742367705,0.1488124946008883,,,,,,,,,,,,,,,0.7519679709647513,0.3585560299756523,-0.8055802718288644,0.3582740727648664,0.2633665575187763,0.222519382869513,1.0986122886681098,0.0,0.0,0.0,0.0,0.2393676809359459,0.0,0.2064501172537949,5.109614166478054,0.7522456099124031,0.6421869729103602,True,True,0.0,3.0,0.0,3.0,False,True,Core Moat,24,False,True,2026-06-01,11100.0,0.042454141137843626,212270.70568921813,19,210900.0,0.04218,157.1871337890625,0.08
20260430,9503,9503.T,"The Kansai Electric Power Company,Incorporated",Prime Market (Domestic),4050,Electric Power and Gas,11,ELECTRIC POWER & GAS,4,TOPIX Mid400,False,2288.5,2288.5,4726200.0,10170685626.666666,1222.0,0.0009621231539307,0.3025433441481986,-0.44769335169837,0.4663709302025981,1.5880941736242589,1222.0,関西電力株式会社,5405733000000.0,468877000000.0,540270000000.0,451137000000.0,12563154000000.0,3107452000000.0,575299000000.0,,137673000000.0,,,31428.0,0.0312632645245176,-0.3567643205498433,0.0867369883048237,0.1451790727580023,0.2473464863998324,0.1064238651816506,,,2549534162944.0,6218482450432.0,6.7068167,6.9658785,0.73788524,3.43,0.201,1114063522.0,822817980416.0,0.0343,6.7068167,0.73788524,-0.1401497515451562,0.2075364008233541,0.3655555081296291,-0.0047352398199925,0.0749957408269611,0.8646823918747814,1.0986122886681098,0.0,0.0,0.0,0.0,0.2393676809359459,1.8129456945318805,0.5824214786773496,0.3109208616486753,-0.2169445887480186,0.635208023717019,True,True,1.0,3.0,0.0,3.0,False,True,Transformation Moat,26,False,False,2026-06-01,2288.5,0.041992771931450054,209963.85965725026,91,208253.5,0.0416507,157.1871337890625,0.08
