input_item,path,exists,rows,columns,reproducibility_status
universe,outputs/phase1_final/phase1_universe_final.csv,True,3649,code;ticker;company_name;market;sector;is_financial_excluded;is_common_stock;has_price;has_fundamentals;universe_inclusion_status;exclusion_reason,OK
value_metrics_final,outputs/phase1_final/value_metrics_final.csv,True,3099,code;company_name;sector;market_equity_final;market_equity_method;book_equity;net_income;pbr_raw;per_raw;bm_raw;bm_method;ep_raw;ep_method;bm_winsorized;ep_winsorized;bm_available;ep_available;value_metric_quality_flag;notes;anomaly_flags,OK
gross_profitability_metrics,outputs/phase1_final/gross_profitability_metrics.csv,True,3099,code;ticker;company_name;sector_33;total_assets;doc_id;gross_profit;revenue;cost_of_sales;gp_method;gp_tag;revenue_tag;cost_tag;gross_profitability;gross_profitability_available;gross_profitability_review_flag,OK
piotroski_signal_audit,outputs/phase1_final/piotroski_signal_audit.csv,True,3099,code;F_ROA;F_CFO;F_DROA;F_ACCRUAL;F_DMARGIN;F_DTURN;F_DLEVER;F_DLIQUID;EQ_OFFER;available_signal_score;available_signal_count;available_signal_max;implemented_signals;missing_signals;reason_for_missing;score_label,OK
sloan_accruals_final,outputs/phase1_final/sloan_accruals_final.csv,True,3099,code;net_income;operating_cash_flow;average_total_assets;sloan_accruals;sloan_accruals_winsorized;method;accruals_extreme,OK
simple_distress_guardrail,outputs/phase1_final/simple_distress_guardrail.csv,True,3099,code;negative_book_equity;net_loss_current_year;net_loss_prior_year;two_year_net_loss;operating_cf_negative_current_year;operating_cf_negative_prior_year;two_year_ocf_loss;operating_income_negative;current_liabilities_gt_current_assets;liabilities_to_assets_high;equity_ratio_low;going_concern_flag_if_available;distress_exclusion_flag;distress_review_flag;distress_reason,OK
liquidity_audit,outputs/phase1_final/liquidity_audit.csv,True,3099,code;ticker;company_name;avg_daily_value_60d;avg_volume_60d;median_daily_value_60d;liquidity_available;liquidity_flag;liquidity_exclusion_flag;liquidity_reason,OK
final20_anomaly_review,outputs/phase1_final/final20_anomaly_review.csv,True,3099,code;company_name;sector;bm_raw;ep_raw;anomaly_flags;market_equity_final;gross_profitability;gross_profitability_review_flag;sloan_accruals;accruals_extreme;distress_review_flag;distress_exclusion_flag;distress_reason;avg_daily_value_60d;liquidity_flag;liquidity_exclusion_flag;gross_profitability_extreme;liquidity_review_flag;microcap_flag;one_time_profit_suspected,OK
phase1_final20_base,outputs/phase1_final/phase1_final20_base.csv,True,20,rank;code;company_name;market;sector;market_equity;bm_raw;bm_percentile;ep_raw;ep_percentile;gross_profitability;gross_profitability_percentile;piotroski_available_score;piotroski_available_max;piotroski_available_ratio;sloan_accruals;sloan_accruals_percentile;distress_flags;liquidity;anomaly_flags;selection_cell;tie_break_reason;final20_type;human_review_required;adoption_rationale,OK
phase1_final20_conservative,outputs/phase1_final/phase1_final20_conservative.csv,True,20,rank;code;company_name;market;sector;market_equity;bm_raw;bm_percentile;ep_raw;ep_percentile;gross_profitability;gross_profitability_percentile;piotroski_available_score;piotroski_available_max;piotroski_available_ratio;sloan_accruals;sloan_accruals_percentile;distress_flags;liquidity;anomaly_flags;selection_cell;tie_break_reason;final20_type;human_review_required;adoption_rationale,OK
portfolio_allocation_base,outputs/phase1_final/portfolio_allocation_base_5m.csv,True,20,code;company_name;price;target_amount;shares;investment_amount;weight;role;allocation_note,OK
portfolio_allocation_conservative,outputs/phase1_final/portfolio_allocation_conservative_5m.csv,True,20,code;company_name;price;target_amount;shares;investment_amount;weight;role;allocation_note,OK
prices_daily,data/processed/prices_daily.parquet,True,4349347,date;ticker;open;high;low;close;adj_close;volume,OK
latest prices / scores,data/processed/scores.csv,True,3649,effective_date;code;ticker;company_name;market;sector_33_code;sector_33;sector_17_code;sector_17;scale_category_code;scale_category;is_financial;latest_date;close;adj_close;volume;avg_trading_value_60d;history_days;daily_return_mean;annual_volatility;max_drawdown;return_12m_ex_1m;cumulative_return;price_history_days;company_name_ja;revenue;operating_income;ordinary_income;net_income;total_assets;equity;operating_cf;investing_cf;financing_cf;rd_expense;capex;employees;revenue_growth;operating_income_growth;operating_margin;roe;equity_ratio;ocf_margin;rd_ratio;capex_ratio;market_cap;enterprise_value;trailing_pe;forward_pe;price_to_book;dividend_yield;beta;shares_outstanding;ebitda;dividend_yield_clean;pe_for_score;pbr_for_score;is_financial_like;ordinary_margin;net_margin;profitability_score;cash_generation_score;stability_score;competitive_position_score;score_treatment;moat_score;moat_component_profitability;moat_component_cashflow;moat_component_stability;moat_component_competitive_position;transformation_score;transformation_component_valuation_gap;transformation_component_capital_efficiency;transformation_component_shareholder_return;transformation_component_reform_signal;ai_infrastructure_exposure;automation_exposure;data_software_exposure;trust_security_exposure;intangible_investment_score;future_moat_component_ai_infrastructure;future_moat_component_intangible_asset;future_moat_component_automation;future_moat_component_data;future_moat_component_trust;future_moat_score;future_moat_category_flags;future_moat_keyword_evidence;valuation_score;bb_score;momentum_score;risk_score;adjusted_bb_score;price_available;liquid_20m_60d;operating_loss_years_3y;operating_income_years_available;ordinary_loss_years_3y;ordinary_income_years_available;net_loss_years_3y;net_income_years_available;negative_ocf_years_3y;operating_cf_years_available;investment_exclusion_reasons;investment_eligible;score_calculation_target;moat_rank;moat_percentile;transformation_rank;transformation_percentile;future_moat_rank;future_moat_percentile;valuation_rank;valuation_percentile;momentum_rank;momentum_percentile;risk_rank;risk_percentile;adjusted_bb_rank;adjusted_bb_percentile;category;score_rank,OK
sector / market classification,data/processed/scores.csv,True,3649,effective_date;code;ticker;company_name;market;sector_33_code;sector_33;sector_17_code;sector_17;scale_category_code;scale_category;is_financial;latest_date;close;adj_close;volume;avg_trading_value_60d;history_days;daily_return_mean;annual_volatility;max_drawdown;return_12m_ex_1m;cumulative_return;price_history_days;company_name_ja;revenue;operating_income;ordinary_income;net_income;total_assets;equity;operating_cf;investing_cf;financing_cf;rd_expense;capex;employees;revenue_growth;operating_income_growth;operating_margin;roe;equity_ratio;ocf_margin;rd_ratio;capex_ratio;market_cap;enterprise_value;trailing_pe;forward_pe;price_to_book;dividend_yield;beta;shares_outstanding;ebitda;dividend_yield_clean;pe_for_score;pbr_for_score;is_financial_like;ordinary_margin;net_margin;profitability_score;cash_generation_score;stability_score;competitive_position_score;score_treatment;moat_score;moat_component_profitability;moat_component_cashflow;moat_component_stability;moat_component_competitive_position;transformation_score;transformation_component_valuation_gap;transformation_component_capital_efficiency;transformation_component_shareholder_return;transformation_component_reform_signal;ai_infrastructure_exposure;automation_exposure;data_software_exposure;trust_security_exposure;intangible_investment_score;future_moat_component_ai_infrastructure;future_moat_component_intangible_asset;future_moat_component_automation;future_moat_component_data;future_moat_component_trust;future_moat_score;future_moat_category_flags;future_moat_keyword_evidence;valuation_score;bb_score;momentum_score;risk_score;adjusted_bb_score;price_available;liquid_20m_60d;operating_loss_years_3y;operating_income_years_available;ordinary_loss_years_3y;ordinary_income_years_available;net_loss_years_3y;net_income_years_available;negative_ocf_years_3y;operating_cf_years_available;investment_exclusion_reasons;investment_eligible;score_calculation_target;moat_rank;moat_percentile;transformation_rank;transformation_percentile;future_moat_rank;future_moat_percentile;valuation_rank;valuation_percentile;momentum_rank;momentum_percentile;risk_rank;risk_percentile;adjusted_bb_rank;adjusted_bb_percentile;category;score_rank,OK
phase1 scripts,scripts/phase1_final/final_phase1.py,True,,,OK
