code,ticker,company_name,sector,phase2_rank,bm_raw,ep_raw,gross_profitability,piotroski_available_ratio,sloan_accruals,avg_daily_value_60d,distress_exclusion_flag,anomaly_flag_bool,phase1_top5_flag,top100_flag,top300_flag,top1200_flag,top2000_reference_flag,phase3_review_required,phase3_review_reasons,normalization_core_flag,normalization_robust_flag,normalization_fragile_flag,outlier_sensitive_flag,gross_profitability_proxy_flag,phase3_priority_flag,phase3_handoff_note,final_exploratory_weighted_score,gross_profitability_definition_status,gross_profitability_source,gross_profitability_proxy_note,distress_review_flag,anomaly_flags,anomaly_penalty,gp_missing_review_flag,normalization_top1200_count,sector_adjusted_candidate_flag,phase2_review_required,phase2_review_reasons,feature_missing_review_flag,phase3_review_action,rank,bm_score,ep_score,gp_score,piotroski_score,sloan_quality_score,distress_safety_score,liquidity_score,microcap_penalty,one_time_profit_penalty,missingness_penalty,phase2_selected_topn_flag,market,microcap_flag,one_time_profit_suspected,market_equity_final,liquidity_flag,in_market_percentile_top1200,in_sector_percentile_top1200,in_robust_zscore_top1200,in_winsorized_zscore_top1200,market_percentile_rank,market_percentile_score,sector_percentile_rank,sector_percentile_score,robust_zscore_rank,robust_zscore_score,winsorized_zscore_rank,winsorized_zscore_score,normalization_review_note,panel_latest_fiscal_year,panel_years_available,latest_fiscal_year,latest_revenue,latest_gross_profit,latest_operating_income,latest_net_income,latest_total_assets,latest_equity,latest_current_assets,latest_current_liabilities,latest_operating_cf,latest_capex,latest_rd_expense,latest_employees,latest_gross_margin,latest_asset_turnover,latest_current_ratio,latest_leverage,latest_roa,latest_negative_equity_flag,latest_gross_profitability_definition_status,latest_gross_profitability_proxy_flag,latest_feature_missing_review_flag,delta_roa_3y,delta_roe_3y,delta_operating_margin_3y,delta_gross_margin_3y,delta_asset_turnover_3y,delta_current_ratio_3y,delta_leverage_3y,persistent_loss_flag,negative_cfo_flag,cfo_to_net_income,latest_date,close,adj_close,volume,avg_trading_value_60d,phase2_confidence_score,negative_equity_flag,financial_missing_rate,financial_data_missing_too_much,base_hard_exclusion_reasons,base_hard_exclusion_flag,soft_review_reasons,soft_review_flag,bm_value_component,ep_value_component,gp_quality_component,piotroski_component,sloan_quality_component,liquidity_component,delta_roa_component,delta_roe_component,delta_operating_margin_component,delta_gross_margin_component,delta_asset_turnover_component,delta_current_ratio_component,delta_leverage_component,value_score,quality_score,improvement_score,improvement_component_count,execution_safety_score,liquidity_confidence_score,high_sloan_accrual_flag,value_trap_penalty,value_trap_penalty_reasons,transformation_lite_score,transformation_lite_missing_rate,transformation_scoring_reason,valuation_gap_score,capital_efficiency_improvement_score,shareholder_alignment_score,reform_evidence_score,execution_reliability_score,quality_trap_resistance_score,transformation_full_missing_rate,transformation_full_score,transformation_score,transformation_score_method,ai_infrastructure_category,emerging_evidence_level,evidence_snippet,evidence_source,source_type,rd_to_sales,employee_growth_proxy,rd_intensity_component,gross_margin_power_component,gross_profitability_power_component,intangible_capital_score,innovation_capacity_score,bottleneck_pricing_power_score,ai_infrastructure_exposure_score,data_customer_base_score,trust_safety_infrastructure_score,evidence_level_bonus,keyword_only_flag,no_revenue_evidence_flag,no_customer_or_product_evidence_flag,media_only_flag,theme_hype_penalty,financial_guardrail_penalty,emerging_score,emerging_missing_rate,emerging_penalty_reasons,transformation_evidence_level,transformation_evidence_basis,ai_keyword_only_flag,low_pbr_only_flag,evidence_level,evidence_level_label,fcf_proxy,fcf_proxy_available,fcf_proxy_positive_flag,transformation_quant_evidence_level,transformation_reform_disclosure_level,transformation_shareholder_return_evidence_level,shareholder_return_data_available,reform_disclosure_data_available,fcf_proxy_score,transformation_partial_score,transformation_fullness_score,transformation_score_type,transformation_fullness_note,curated_evidence_flag,systematic_screening_flag,emerging_disclosure_level,emerging_evidence_source,emerging_evidence_snippet,emerging_evidence_category,emerging_keyword_hits,emerging_quantitative_evidence_flag,emerging_product_customer_evidence_flag,emerging_keyword_only_flag,theme_hype_penalty_reason,emerging_evidence_level_label,final_evidence_level,transformation_grade,emerging_grade,dual_combined_score,bridge_score,role_candidate
6526,6526.T,Socionext Inc.,Electric Appliances,166,0.2732454103467318,0.0390789227178899,0.6101683968246512,0.6666666666666666,-0.0686878415912552,17619074970.833332,False,False,False,False,True,True,True,True,top300_priority_check,True,True,False,False,False,medium_high,Top300 and normalization robust. Review after high priority group.,0.9279836506797624,original_gross_profit_over_total_assets,direct_xbrl_gross_profit_panel_confirmed,Gross Profit / Total Assets was confirmed from direct XBRL gross profit in the point-in-time panel.,False,none,0.0,False,4,False,False,none,False,Review listed reasons before Phase3 adoption.,166,0.089025574619618,0.1774545454545454,0.8740959894806049,0.4406260083898031,0.8423452768729642,1.0,0.9903194578896418,0.0,0.0,0.0,True,Prime Market (Domestic),False,False,501549137920.0,pass,True,True,True,True,170,0.8979763259313227,114,0.9036250290741716,117,0.866839527084016,4,0.9613162804008916,Core across normalization methods.,2025,3,2025,188535000000.0,103919000000.0,25000000000.0,19600000000.0,170312000000.0,137046000000.0,126290000000.0,31271000000.0,31866000000.0,,,2490.0,0.5511920863500146,1.1069977453144817,4.038566083591826,0.1953238761801869,0.115082906665414,False,original_gross_profit_over_total_assets,False,False,0.0131828834629597,-0.0368683680251724,0.0199731749402697,0.0902988836752829,0.1130716322411876,2.143122910330392,-0.2382062483396511,False,False,1.6258163265306125,2026-06-01,2862.0,2862.0,11879500.0,17619074970.833332,0.98,False,0.0,False,none,False,phase3_review_required,True,0.0991666666666666,0.1466666666666666,0.895,0.3308333333333333,0.88,0.9816666666666668,0.65,0.14,0.6844741235392321,0.9871794871794872,0.8672787979966611,0.9891666666666666,0.9933333333333332,51.18586720847069,70.19444444444444,75.87760583879114,7,83.98937074829932,93.62878787878788,False,0,none,70.73092315672697,0.0,value=51.2; quality=70.2; improvement=75.9; safety=84.0; penalty=0.0,51.18586720847069,75.87760583879114,,,83.98937074829932,70.19444444444444,0.3333333333333333,,73.10480494206931,lite_due_to_missing_shareholder_or_reform_inputs,semiconductor,2,"Custom SoCs are explicitly positioned for data center/networking, automotive, smart-device and industrial applications.",https://www.socionext.com/en/products/customsoc/,company_product_page,,,,0.8700854700854701,0.895,44.86666666666667,57.49999999999999,85.77799145299146,80.0,0.0,80.0,4,False,False,False,False,0,0,64.14103846153847,0.0,none,3,5 positive three-year financial improvement indicators,False,False,3,Level 3,31866000000.0,True,True,3,1,1,False,True,83.75,73.10480494206931,0.8,partial,quantitative improvement plus FCF proxy available; formal payout/reform fields still missing,True,True,2,https://www.socionext.com/en/products/customsoc/,"Custom SoCs are explicitly positioned for data center/networking, automotive, smart-device and industrial applications.",semiconductor,"{""semiconductor"": [""semiconductor""], ""data_center"": [""data center""], ""cybersecurity"": [""soc""]}",False,True,False,none,Level 2,3,B,B,68.62292170180389,80.29855180904721,Dual Moat
3697,3697.T,SHIFT Inc.,Information & Communication,212,0.2207761717045294,0.0496513704379243,0.5846157842105947,0.6666666666666666,-0.0919423410011594,5806373240.805766,False,False,False,False,True,True,True,True,top300_priority_check,True,True,False,False,False,medium_high,Top300 and normalization robust. Review after high priority group.,0.9219537945691016,original_gross_profit_over_total_assets,direct_xbrl_gross_profit_panel_confirmed,Gross Profit / Total Assets was confirmed from direct XBRL gross profit in the point-in-time panel.,False,none,0.0,False,4,False,False,none,False,Review listed reasons before Phase3 adoption.,212,0.060213661379087,0.26,0.8612754766600921,0.4406260083898031,0.9045602605863192,1.0,0.962891255243627,0.0,0.0,0.0,True,Prime Market (Domestic),False,False,185876037632.0,pass,True,True,True,True,217,0.8894339868607944,190,0.886982189084873,129,0.864909174379252,111,0.7759651076858048,Core across normalization methods.,2025,3,2025,129819000000.0,45016000000.0,15628000000.0,9004000000.0,77001000000.0,41037000000.0,43123000000.0,25028000000.0,15652000000.0,,,11688.0,0.346759719301489,1.685939143647485,1.7229902509189707,0.4670458825210062,0.1169335463175803,False,original_gross_profit_over_total_assets,False,False,-0.0139972027234049,0.0001609558621831,-0.0109926726010714,0.0066029545621956,-0.0913675391710087,0.0573425627263837,0.0642395025492719,False,False,1.7383385162150156,2026-06-01,727.2000122070312,727.2000122070312,13497700.0,5806373240.805766,0.98,False,0.0,False,none,False,phase3_review_required,True,0.0675,0.2233333333333333,0.885,0.3308333333333333,0.9425,0.9291666666666668,0.1983333333333333,0.4225,0.1986644407345576,0.4581196581196581,0.1786310517529215,0.4866666666666667,0.0766666666666666,51.68123773197502,71.94444444444444,28.8511688181972,7,86.95839811935436,91.00378787878788,False,0,none,62.15555238387049,0.0,value=51.7; quality=71.9; improvement=28.9; safety=87.0; penalty=0.0,51.68123773197502,28.8511688181972,,,86.95839811935436,71.94444444444444,0.3333333333333333,,61.22519983242097,lite_due_to_missing_shareholder_or_reform_inputs,quality_assurance,3,"SHIFT discloses end-to-end software quality assurance and more than 3,000 customer companies as of April 2024.",https://service.shiftinc.jp/service_cat/softwaretest/,company_service_page,,,,0.6410256410256411,0.885,57.166666666666664,67.5,83.41089743589743,100.0,100.0,100.0,8,False,False,False,False,0,0,92.42896153846154,0.0,none,3,3 positive three-year financial improvement indicators,False,False,3,Level 3,15652000000.0,True,True,2,1,1,False,True,68.58333333333333,61.22519983242097,0.6499999999999999,partial,quantitative improvement plus FCF proxy available; formal payout/reform fields still missing,True,True,3,https://service.shiftinc.jp/service_cat/softwaretest/,"SHIFT discloses end-to-end software quality assurance and more than 3,000 customer companies as of April 2024.",quality_assurance,"{""quality_assurance"": [""quality assurance""]}",True,True,False,none,Level 3,3,C,A,76.82708068544125,90.92683793706294,Dual Moat
6367,6367.T,"DAIKIN INDUSTRIES,LTD.",Machinery,264,0.4142711447288204,0.0398055035098854,0.3168821696897348,0.8333333333333334,-0.0477352604635714,28153308783.333332,False,False,False,False,True,True,True,True,top300_priority_check,True,True,False,False,False,medium_high,Top300 and normalization robust. Review after high priority group.,0.9168422196927724,original_gross_profit_over_total_assets,direct_xbrl_gross_profit_panel_confirmed,Gross Profit / Total Assets was confirmed from direct XBRL gross profit in the point-in-time panel.,False,none,0.0,False,4,False,False,none,False,Review listed reasons before Phase3 adoption.,264,0.1790223373259954,0.1807272727272727,0.6203155818540433,0.707647628267183,0.7315960912052117,1.0,0.9941916747337852,0.0,0.0,0.0,True,Prime Market (Domestic),False,False,6919847149568.0,pass,True,True,True,True,270,0.882192552740866,139,0.896877613380038,303,0.8442556052657133,8,0.9371923959257104,Core across normalization methods.,2025,3,2025,4752335000000.0,1626688000000.0,401669000000.0,275448000000.0,5133416000000.0,2866693000000.0,2853654000000.0,1543047000000.0,514450000000.0,,,103544.0,0.3422923678570639,0.925764637037014,1.849362981166484,0.4415623047109371,0.0536578371984658,False,original_gross_profit_over_total_assets,False,False,-0.0080202793538258,-0.0203829693004852,-0.0101737674268635,0.0078832466493418,0.0006084568173787,0.1747291353862876,-0.0288690608035223,False,False,1.867684644651622,2026-06-01,23630.0,23630.0,1044300.0,28153308783.333332,0.98,False,0.0,False,none,False,phase3_review_required,True,0.1775,0.1508333333333333,0.645,0.62,0.7475,0.9891666666666666,0.2683333333333333,0.2316666666666666,0.2095158597662771,0.4786324786324786,0.5,0.6366666666666667,0.6083333333333334,52.68508748635594,67.08333333333334,41.90211911998223,7,87.8668913914786,94.00378787878788,False,0,none,64.57637380274441,0.0,value=52.7; quality=67.1; improvement=41.9; safety=87.9; penalty=0.0,52.68508748635594,41.90211911998223,,,87.8668913914786,67.08333333333334,0.3333333333333333,,67.05569252868443,lite_due_to_missing_shareholder_or_reform_inputs,cooling,2,Daikin discloses dedicated data-center cooling systems for 24-hour server protection and energy-efficient operation.,https://www.daikin.com/products/ac/applications/modals/23_data_centers,company_product_page,,,,0.635042735042735,0.645,60.9,57.49999999999999,68.80149572649572,80.0,0.0,0.0,4,False,False,False,False,0,0,53.571269230769225,0.0,none,3,3 positive three-year financial improvement indicators,False,False,3,Level 3,514450000000.0,True,True,2,1,1,False,True,99.5,67.05569252868443,0.6499999999999999,partial,quantitative improvement plus FCF proxy available; formal payout/reform fields still missing,True,True,2,https://www.daikin.com/products/ac/applications/modals/23_data_centers,Daikin discloses dedicated data-center cooling systems for 24-hour server protection and energy-efficient operation.,cooling,"{""data_center"": [""server""], ""cooling"": [""cooling""]}",False,True,False,none,Level 2,2,B,B,60.313480879726825,76.97153998168552,Dual Moat
6841,6841.T,YOKOGAWA ELECTRIC CORPORATION,Electric Appliances,287,0.3679920051596237,0.0427043721778987,0.3723368857765372,0.6666666666666666,-0.0629967559236919,7155156395.0,False,False,False,False,True,True,True,True,top300_priority_check,True,True,False,False,False,medium_high,Top300 and normalization robust. Review after high priority group.,0.915068912248725,original_gross_profit_over_total_assets,direct_xbrl_gross_profit_panel_confirmed,Gross Profit / Total Assets was confirmed from direct XBRL gross profit in the point-in-time panel.,False,none,0.0,False,4,False,False,none,False,Review listed reasons before Phase3 adoption.,287,0.1463256717384266,0.2054545454545454,0.6900065746219592,0.4406260083898031,0.8214983713355049,1.0,0.9703130041949016,0.0,0.0,0.0,True,Prime Market (Domestic),False,False,1292748193792.0,pass,True,True,True,True,294,0.879680354574717,198,0.8856975951429655,265,0.8476552249179126,104,0.779294804277303,Core across normalization methods.,2025,3,2025,562404000000.0,267444000000.0,83523000000.0,55206000000.0,718285000000.0,475721000000.0,496313000000.0,197784000000.0,99025000000.0,,,17670.0,0.4755371583416903,0.7829816855426467,2.509368806374631,0.3376988242828403,0.0768580716567936,False,original_gross_profit_over_total_assets,False,False,0.0090703383010454,0.0076362306793899,0.0512247141936656,0.0276326545200468,0.0451030911488422,0.6451426558422442,-0.0370136484596564,False,False,1.793736188095497,2026-06-01,5077.0,5077.0,1242200.0,7155156395.0,0.98,False,0.0,False,none,False,phase3_review_required,True,0.1516666666666666,0.1683333333333333,0.7241666666666666,0.3308333333333333,0.855,0.9441666666666668,0.5725,0.5141666666666667,0.9023372287145242,0.7829059829059829,0.6994991652754591,0.8941666666666667,0.675,52.13444874294206,63.66666666666666,72.00822443184713,7,85.46336901786037,91.75378787878788,False,0,none,69.04336543403625,0.0,value=52.1; quality=63.7; improvement=72.0; safety=85.5; penalty=0.0,52.13444874294206,72.00822443184713,,,85.46336901786037,63.66666666666666,0.3333333333333333,,72.81404991939634,lite_due_to_missing_shareholder_or_reform_inputs,factory_automation,3,"Yokogawa states that more than 30,000 systems use its distributed-control systems for industrial production goals.",https://www.yokogawa.com/solutions/products-and-services/control/control-and-safety-system/,company_product_page,,,,0.8196581196581196,0.7241666666666666,58.8,67.5,84.03386752136753,100.0,0.0,100.0,8,False,False,False,False,0,0,78.83509615384615,0.0,none,3,6 positive three-year financial improvement indicators,False,False,3,Level 3,99025000000.0,True,True,3,1,1,False,True,95.83333333333334,72.81404991939634,0.8,partial,quantitative improvement plus FCF proxy available; formal payout/reform fields still missing,True,True,3,https://www.yokogawa.com/solutions/products-and-services/control/control-and-safety-system/,"Yokogawa states that more than 30,000 systems use its distributed-control systems for industrial production goals.",factory_automation,"{""factory_automation"": [""automation"", ""control""]}",True,True,False,none,Level 3,3,B,A,75.82457303662125,83.45021197552447,Dual Moat
9474,9474.T,"ZENRIN CO.,LTD.",Information & Communication,300,1.0673954531983694,0.0568954945964264,0.3662822921876901,1.0,-0.0934962343096234,193094326.66666663,False,False,False,False,True,True,True,True,outlier_sensitive;top300_priority_check,True,True,False,True,False,medium_high,Top300 and normalization robust. Review after high priority group.,0.913625281561822,original_gross_profit_over_total_assets,direct_xbrl_gross_profit_panel_confirmed,Gross Profit / Total Assets was confirmed from direct XBRL gross profit in the point-in-time panel.,False,none,0.0,False,4,False,True,outlier_sensitive,False,Review listed reasons before Phase3 adoption.,300,0.6144383295564908,0.3316363636363636,0.68310322156476,0.9209422394320748,0.9084690553745928,1.0,0.6627944498225234,0.0,0.0,0.0,True,Prime Market (Domestic),False,False,46699655550.0,pass,True,True,True,True,308,0.8776352008274592,70,0.9162609936706844,935,0.7110360167643742,996,0.696661015589126,Core across normalization methods.,2025,3,2025,64363000000.0,27095000000.0,3923000000.0,2606000000.0,73973000000.0,49847000000.0,29092000000.0,21456000000.0,9640000000.0,,,3574.0,0.4209716762736354,0.8700877347140172,1.355891126025354,0.3261325078069025,0.0352290700661052,False,original_gross_profit_over_total_assets,False,False,-0.0042690049374596,-0.0079872005045765,0.0304249768372922,0.0190406698765404,0.0297483649721093,0.0263604871726814,-0.0184703725581337,False,False,3.699155794320798,2026-06-01,870.0,870.0,267200.0,193094326.66666663,0.8800000000000001,False,0.0,False,none,False,phase3_review_required;outlier_sensitive,True,0.6108333333333333,0.2933333333333333,0.7141666666666666,0.8929166666666667,0.9475,0.34,0.3133333333333333,0.3333333333333333,0.7904841402337228,0.6854700854700855,0.6393989983305509,0.4433333333333333,0.5158333333333334,67.45157152912026,85.15277777777777,53.15980796239561,7,98.6875,57.00000000000001,False,5,outlier_sensitive,68.33548860677077,0.0,value=67.5; quality=85.2; improvement=53.2; safety=98.7; penalty=5.0,67.45157152912026,53.15980796239561,,,98.6875,85.15277777777777,0.3333333333333333,,67.66089409182585,lite_due_to_missing_shareholder_or_reform_inputs,business_data,3,ZENRIN describes a company-information database covering about five million records linked to building-level location data.,https://www.zenrin.co.jp/product/category/gis/contents/csd/index.html,company_product_page,,,,0.7538461538461538,0.7141666666666666,48.3,67.5,81.38044871794872,100.0,100.0,0.0,8,False,False,False,False,0,0,77.46748076923078,0.0,none,3,4 positive three-year financial improvement indicators,False,False,3,Level 3,9640000000.0,True,True,3,1,1,False,True,56.75,67.66089409182585,0.8,partial,quantitative improvement plus FCF proxy available; formal payout/reform fields still missing,True,True,3,https://www.zenrin.co.jp/product/category/gis/contents/csd/index.html,ZENRIN describes a company-information database covering about five million records linked to building-level location data.,business_data,"{""business_data"": [""business data"", ""software""]}",True,True,False,none,Level 3,3,B,A,72.5641874305283,78.60711442307694,Dual Moat
6920,6920.T,Lasertec Corporation,Electric Appliances,468,0.0610169935927361,0.0246079587499395,0.4498044605447192,0.6666666666666666,0.0225599070710231,170069025650.0,False,False,False,False,False,True,True,False,none,True,True,False,False,False,standard,Formal Top1200 member for Phase3 candidate universe.,0.9004562602075622,original_gross_profit_over_total_assets,direct_xbrl_gross_profit_panel_confirmed,Gross Profit / Total Assets was confirmed from direct XBRL gross profit in the point-in-time panel.,False,none,0.0,False,4,False,False,none,False,Standard Phase3 qualitative review.,468,0.0035610229847847,0.0821818181818181,0.7705456936226167,0.4406260083898031,0.1947882736156352,1.0,0.9993546305259762,0.0,0.0,0.0,True,Prime Market (Domestic),False,False,3440025272320.0,pass,True,True,True,True,484,0.8589789935199207,277,0.8738497917486244,371,0.8384607763832999,11,0.93380591386957,Core across normalization methods.,2025,3,2025,251477000000.0,148256000000.0,122843000000.0,84652000000.0,329601000000.0,209900000000.0,286861000000.0,117919000000.0,77874000000.0,,,1163.0,0.5895409918203255,0.7629740201030943,2.432695324756825,0.3631694078598062,0.2568317450493172,False,original_gross_profit_over_total_assets,False,False,0.0868449274600046,-0.0196751001525354,0.0809339412335257,0.0398262723898397,0.2002102798334072,1.0012479579658586,-0.2349438135825998,False,False,0.9199310116713132,2026-06-01,38380.0,38380.0,2395600.0,170069025650.0,1.08,False,0.0,False,none,False,none,False,0.0033333333333333,0.0566666666666666,0.7975,0.3308333333333333,0.1366666666666667,0.9983333333333332,0.9766666666666668,0.2341666666666666,0.9582637729549248,0.8752136752136752,0.9490818030050084,0.9508333333333332,0.9925,44.82071963171362,42.16666666666667,84.81037025486107,7,56.582470979224745,99.00757575757576,False,0,none,60.05887504542217,0.0,value=44.8; quality=42.2; improvement=84.8; safety=56.6; penalty=0.0,44.82071963171362,84.81037025486107,,,56.582470979224745,42.16666666666667,0.3333333333333333,,66.33140710791926,lite_due_to_missing_shareholder_or_reform_inputs,quality_assurance,2,Lasertec states that EUV mask blank inspection is a de facto standard and its inspection systems are crucial to semiconductor manufacturing.,https://www.lasertec.co.jp/en/company/business.html,company_business_page,,,,0.8948717948717949,0.7975,35.13333333333333,57.49999999999999,83.23301282051281,80.0,80.0,80.0,4,False,False,False,False,0,0,73.13094230769231,0.0,none,3,5 positive three-year financial improvement indicators,False,False,3,Level 3,77874000000.0,True,True,3,1,1,False,True,93.66666666666667,66.33140710791926,0.8,partial,quantitative improvement plus FCF proxy available; formal payout/reform fields still missing,True,True,2,https://www.lasertec.co.jp/en/company/business.html,Lasertec states that EUV mask blank inspection is a de facto standard and its inspection systems are crucial to semiconductor manufacturing.,quality_assurance,"{""semiconductor"": [""semiconductor"", ""inspection""]}",False,True,False,none,Level 2,3,B,B,69.73117470780579,84.40383645104896,Dual Moat
6146,6146.T,DISCO CORPORATION,Machinery,475,0.0712457889406376,0.0179414804919182,0.4243625083513355,0.8333333333333334,0.0061331493333443,151512555166.66666,False,False,False,False,False,True,True,False,none,True,True,False,False,False,standard,Formal Top1200 member for Phase3 candidate universe.,0.9001918153548314,original_gross_profit_over_total_assets,direct_xbrl_gross_profit_panel_confirmed,Gross Profit / Total Assets was confirmed from direct XBRL gross profit in the point-in-time panel.,False,none,0.0,False,4,False,False,none,False,Standard Phase3 qualitative review.,475,0.0048559404337973,0.0516363636363636,0.7478632478632479,0.707647628267183,0.2863192182410423,1.0,0.999031945788964,0.0,0.0,0.0,True,Prime Market (Domestic),False,False,6915538550784.0,pass,True,True,True,True,491,0.8586043614298632,243,0.8789545329654144,389,0.837157079610326,12,0.9328141021826036,Core across normalization methods.,2025,3,2025,393313000000.0,277570000000.0,166834000000.0,124075000000.0,654087000000.0,492703000000.0,424502000000.0,160392000000.0,120364000000.0,,,5256.0,0.7057229229646618,0.6013160328824759,2.646653199660831,0.2467301750378772,0.1896918911398636,False,original_gross_profit_over_total_assets,False,False,0.0128264248506168,0.0135945827384174,0.0355827147425261,0.0563625836893173,-0.0047778627695866,0.1034521727716719,-0.0108546644555496,False,False,0.970090670965142,2026-06-01,63760.0,63760.0,1314400.0,151512555166.66666,1.08,False,0.0,False,none,False,none,False,0.0041666666666666,0.0275,0.7775,0.62,0.2291666666666666,0.9975,0.6466666666666666,0.5808333333333333,0.827212020033389,0.941025641025641,0.4724540901502504,0.5558333333333333,0.4516666666666666,44.2306390265486,54.222222222222214,63.938453588704014,7,63.68863338706427,98.9659090909091,False,0,none,59.53564445665359,0.0,value=44.2; quality=54.2; improvement=63.9; safety=63.7; penalty=0.0,44.2306390265486,63.938453588704014,,,63.68863338706427,54.222222222222214,0.3333333333333333,,64.66699416387193,lite_due_to_missing_shareholder_or_reform_inputs,precision_processing,2,DISCO supplies precision cutting grinding and polishing equipment plus consumable tools mainly to semiconductor and electronic-component manufacturers.,https://www.disco.co.jp/eg/introduction/index.html,company_business_page,,,,0.9555555555555556,0.7775,52.233333333333334,57.49999999999999,84.65694444444443,80.0,0.0,80.0,4,False,False,False,False,0,0,65.26525,0.0,none,3,5 positive three-year financial improvement indicators,False,False,3,Level 3,120364000000.0,True,True,3,1,1,False,True,96.33333333333334,64.66699416387193,0.8,partial,quantitative improvement plus FCF proxy available; formal payout/reform fields still missing,True,True,2,https://www.disco.co.jp/eg/introduction/index.html,DISCO supplies precision cutting grinding and polishing equipment plus consumable tools mainly to semiconductor and electronic-component manufacturers.,precision_processing,"{""semiconductor"": [""semiconductor""]}",False,True,False,none,Level 2,3,C,B,64.96612208193596,80.07770568181817,Dual Moat
5803,5803.T,Fujikura Ltd.,Nonferrous Metals,601,0.0562185022869379,0.0121998808052002,0.3136719309845635,1.0,-0.0275876446266634,336964991840.9042,False,False,False,False,False,True,True,True,outlier_sensitive,True,True,False,True,False,review,Requires Phase3 due diligence before adoption.,0.8924340721052578,original_gross_profit_over_total_assets,direct_xbrl_gross_profit_panel_confirmed,Gross Profit / Total Assets was confirmed from direct XBRL gross profit in the point-in-time panel.,False,none,0.0,False,4,False,True,outlier_sensitive,False,Review listed reasons before Phase3 adoption.,601,0.0019423761735189,0.0305454545454545,0.613740959894806,0.9209422394320748,0.572312703583062,1.0,1.0,0.0,0.0,0.0,True,Prime Market (Domestic),False,False,7743518277632.0,pass,True,True,True,True,621,0.8476141699487107,142,0.8965000028494886,491,0.8274528025716156,16,0.9239054421993304,Core across normalization methods.,2025,3,2025,979375000000.0,260444000000.0,135519000000.0,94470000000.0,830307000000.0,435329000000.0,561343000000.0,281102000000.0,115908000000.0,,,51262.0,0.265928781110402,1.1795335942006993,1.9969370548768777,0.4757011563192891,0.1137771932550249,False,original_gross_profit_over_total_assets,False,False,0.0489645072162147,0.0724080356737889,0.0513709715706385,0.0538655858590979,-0.0483461533574818,-0.3018724100690897,-0.0760791066282507,False,False,1.2269291838678946,2026-06-01,4677.0,4677.0,51636800.0,336964991840.9042,0.8800000000000001,False,0.0,False,none,False,phase3_review_required;outlier_sensitive,True,0.0016666666666666,0.015,0.6366666666666667,0.8929166666666667,0.5458333333333334,1.0,0.9158333333333334,0.8916666666666667,0.9040066777963272,0.9333333333333332,0.3021702838063439,0.16,0.8775,44.01952098662165,69.18055555555557,71.20728992765721,7,78.98244813168202,90.0,False,5,outlier_sensitive,61.079915018965465,0.0,value=44.0; quality=69.2; improvement=71.2; safety=79.0; penalty=5.0,44.01952098662165,71.20728992765721,,,78.98244813168202,69.18055555555557,0.3333333333333333,,64.65977375228616,lite_due_to_missing_shareholder_or_reform_inputs,optical_communication,2,Fujikura discloses optical-fiber cabling solutions designed for data-center racks and space efficiency.,https://www.fujikura.co.jp/eng/resource/pdf/20241107_2.pdf,company_ir_pdf,,,,0.4299145299145299,0.6366666666666667,60.699999999999996,57.49999999999999,61.33034188034188,80.0,0.0,0.0,4,False,False,False,False,0,0,52.190461538461534,0.0,none,3,4 positive three-year financial improvement indicators,False,False,3,Level 3,115908000000.0,True,True,3,1,1,False,True,96.0,64.65977375228616,0.8,partial,quantitative improvement plus FCF proxy available; formal payout/reform fields still missing,True,True,2,https://www.fujikura.co.jp/eng/resource/pdf/20241107_2.pdf,Fujikura discloses optical-fiber cabling solutions designed for data-center racks and space efficiency.,optical_communication,"{""optical_communication"": [""optical""]}",False,True,False,none,Level 2,3,C,B,58.425117645373845,71.56287556375739,Dual Moat
6368,6368.T,ORGANO CORPORATION,Machinery,809,0.1673437261399113,0.0333958394014546,0.283863865511636,0.8333333333333334,0.0163670548052368,4163357991.6666665,False,False,False,False,False,True,True,False,none,True,True,False,False,False,standard,Formal Top1200 member for Phase3 candidate universe.,0.8796317014905037,original_gross_profit_over_total_assets,direct_xbrl_gross_profit_panel_confirmed,Gross Profit / Total Assets was confirmed from direct XBRL gross profit in the point-in-time panel.,False,none,0.0,False,4,False,False,none,False,Standard Phase3 qualitative review.,809,0.0343153123988345,0.1370909090909091,0.5562130177514792,0.707647628267183,0.2280130293159609,1.0,0.9509519199741852,0.0,0.0,0.0,True,Prime Market (Domestic),False,False,724221952000.0,pass,True,True,True,True,843,0.829477387131548,573,0.8430138331446795,469,0.8290768168916733,622,0.7126963920339282,Core across normalization methods.,2025,3,2025,163269000000.0,55182000000.0,31120000000.0,24186000000.0,194396000000.0,121194000000.0,164367000000.0,64401000000.0,21100000000.0,,,2660.0,0.3379821031549161,0.8398783925595177,2.5522429775935156,0.3765561019774069,0.1244161402497993,False,original_gross_profit_over_total_assets,False,False,0.0530560276653307,0.0633612111344021,0.0757339856146744,0.073864784803535,0.0365857821284696,0.5625866012078191,-0.0995196984278,False,False,0.8724055238567766,2026-06-01,15750.0,15750.0,213900.0,4163357991.6666665,1.08,False,0.0,False,none,False,none,False,0.0441666666666666,0.1016666666666666,0.5708333333333333,0.62,0.17,0.9066666666666666,0.9316666666666666,0.8683333333333333,0.9499165275459098,0.9743589743589745,0.669449081803005,0.8741666666666666,0.935,45.45811384023902,45.361111111111114,88.61273214820794,7,60.98840238154304,94.42424242424242,False,0,none,62.07230752266837,0.0,value=45.5; quality=45.4; improvement=88.6; safety=61.0; penalty=0.0,45.45811384023902,88.61273214820794,,,60.98840238154304,45.361111111111114,0.3333333333333333,,66.87587945172649,lite_due_to_missing_shareholder_or_reform_inputs,semiconductor,3,"Organo states that its ultrapure-water systems serve semiconductor plants at capacities up to 1,000 cubic metres per hour.",https://www.organo.co.jp/en/about/strengths/,company_business_page,,,,0.6307692307692307,0.5708333333333333,45.43333333333334,67.5,72.05608974358975,100.0,0.0,100.0,8,False,False,False,False,0,0,74.27309615384615,0.0,none,3,6 positive three-year financial improvement indicators,False,False,3,Level 3,21100000000.0,True,True,3,1,1,False,True,75.54166666666666,66.87587945172649,0.8,partial,quantitative improvement plus FCF proxy available; formal payout/reform fields still missing,True,True,3,https://www.organo.co.jp/en/about/strengths/,"Organo states that its ultrapure-water systems serve semiconductor plants at capacities up to 1,000 cubic metres per hour.",semiconductor,"{""semiconductor"": [""semiconductor""]}",True,True,False,none,Level 3,3,B,B,70.57448780278632,85.03202106643357,Dual Moat
