date,ours,control,topix,nikkei
2023-04-25,0.9984272949515084,1.0020115794248972,1.0032536185741576,1.0009285593968584
2023-04-26,0.9874781346701277,0.9950182637478501,0.9934931055061721,0.9938080785077364
2023-04-27,0.9903625337873196,0.9932086423221478,0.9972113635649774,0.9952492786485572
2023-04-28,1.0007584111859884,1.005207097844546,1.0106902489099305,1.0091950877746143
2023-05-01,1.0062510632777804,1.0151496966361284,1.0202185564537547,1.0185237831834981
2023-05-02,1.0116586614019902,1.0148586644067485,1.0190566150876483,1.0197397765910954
2023-05-08,1.0185421852646093,1.0190420697607199,1.0171973718400833,1.0124630102892904
2023-05-09,1.0248401349648204,1.02509338525034,1.0297467497794164,1.022707969913965
2023-05-10,1.013929391038183,1.0094742769104428,1.0244016824335325,1.0184888102240166
2023-05-11,1.0148615233938734,1.0072145495740807,1.0225424391859674,1.0186476229794748
2023-05-12,1.0133111491428857,1.0108877129967422,1.0302116177003888,1.027795852452909
2023-05-15,1.0195569282024421,1.0039607947785092,1.0390426233627543,1.0361207829407366
2023-05-16,1.0346426026689548,1.0113761228141163,1.045549746292907,1.0436976882737168
2023-05-17,1.038083317671388,1.0128016492421397,1.0488032506489022,1.0524618982584695
2023-05-18,1.0483997786337242,1.012821836768892,1.0615850625487213,1.06926080415129
2023-05-19,1.0498724845718432,1.0135096124574547,1.062282135993855,1.0774591625806818
2023-05-22,1.0600417806528506,1.0132399058019637,1.068556939181684,1.0871981071978585
2023-05-23,1.0598528556178086,1.0053603961236475,1.0629793236571514,1.0826848194541459
2023-05-24,1.0562952803428811,0.999581991267806,1.0569371828661336,1.073064113494904
2023-05-25,1.060598243497817,1.0008467659441154,1.0539159982524622,1.077206701529425
2023-05-26,1.0583548491463004,0.9905098138420142,1.0539159982524622,1.081234876073455
2023-05-29,1.059137852228149,0.9943508956045473,1.0620498162515313,1.0923292960967859
2023-05-30,1.0622268111120485,0.9874866724396805,1.0604230069644525,1.0956384757746003
2023-05-31,1.042778534239918,0.9721955571590422,1.0460146142138793,1.0802406057644458
2023-06-01,1.0498089031021656,0.9750882817993243,1.0550779396185685,1.0893380834626951
2023-06-02,1.0637108557346981,0.9862284464225112,1.0725076312009754,1.1024952933363812
2023-06-05,1.0785801104277857,0.9914728968300156,1.0906345104466786,1.1267388630591426
2023-06-06,1.0808195705194386,0.9901906326258577,1.0983035747429377,1.1368582752238034
2023-06-07,1.0683641235446177,0.9940005346794818,1.0836626338137159,1.1161179441200417
2023-06-08,1.060992836003186,0.9942719605157087,1.0766907571807531,1.106588837259754
2023-06-09,1.0763619975030354,1.0046127136970746,1.0927261876547298,1.1284084803415766
2023-06-12,1.0941301150318132,1.0171681142703413,1.0996978358513678,1.1343129678231014
2023-06-13,1.1059497660306044,1.0127493023446552,1.1141064570382657,1.1547598539387136
2023-06-14,1.1076908774288103,1.010620178998353,1.1271208171167335,1.171678842766629
2023-06-15,1.113526740525017,1.0137290010907885,1.1273531368590575,1.1710866248785339
2023-06-16,1.1179755760170582,1.020025749905988,1.1306066412150528,1.178801304546034
2023-06-19,1.119742152855204,1.0303783403387075,1.1250291399086827,1.1670624121150703
2023-06-20,1.1267538717787253,1.0344440847168108,1.1220080695131738,1.1677090020261092
2023-06-21,1.138763686015884,1.0377311256095192,1.128979831927974,1.1742220326639243
2023-06-22,1.1235042441244902,1.0373888606702713,1.1292123801066227,1.1633712621454189
2023-06-23,1.1147911023550305,1.0324520080633377,1.1115501403455672,1.1464674373741537
2023-06-26,1.1090238359580702,1.0296976948345904,1.1094585773556784,1.1435741763492355
2023-06-27,1.1038498374516386,1.0269610535198466,1.1062050729996833,1.137961699418069
2023-06-28,1.1239190575469993,1.039580540395113,1.1287475121856505,1.1608920071896756
2023-06-29,1.133833472713157,1.0439949747642978,1.128514964007002,1.1622962534807317
2023-06-30,1.1316708974171228,1.0430438426303361,1.124564386205873,1.1607189183628668
2023-07-03,1.1400544131262456,1.0518345051763611,1.1410645703826598,1.180453776881535
2023-07-04,1.139708288345824,1.0506968636968472,1.133860259789211,1.1688844213361829
2023-07-05,1.13533047754584,1.048589941166388,1.1329306381654283,1.1659529769433934
2023-07-06,1.1102166273222662,1.0411982337108647,1.1199165065232852,1.146169484152946
2023-07-07,1.1078603442285886,1.0475352431892002,1.0852895573189574,1.1327188975976719
2023-07-10,1.1064079971526153,1.0490406754806714,1.0830580770801272,1.125770139404129
2023-07-11,1.1069608293850515,1.050567566276169,1.0788655852110327,1.1262541596988282
2023-07-12,1.0930483361423498,1.0460577702797595,1.0716451698566851,1.117173758640951
2023-07-13,1.1030915088330722,1.0449733607411797,1.0816606178631498,1.1337999172397701
2023-07-14,1.1028861717136798,1.0361039540822528,1.0800301535948742,1.1328182153380746
2023-07-18,1.1133644919980215,1.0442869419565075,1.086318891398516,1.1364075202245483
2023-07-19,1.1234525692515163,1.0503847312385237,1.09819758028823,1.15047156800854
2023-07-20,1.1165927970037623,1.047440896826401,1.0886480281661994,1.1362896230994213
2023-07-21,1.1111649392746425,1.0473623643326209,1.090511383267611,1.1297752263303762
2023-07-24,1.1206338370336089,1.0541756162518399,1.099129257838936,1.1436486305012568
2023-07-25,1.1308707419283335,1.0568654651114409,1.1012255037734833,1.1430040897870624
2023-07-26,1.1353862892949835,1.058755170899522,1.0998280445565058,1.142508525683472
2023-07-27,1.1441057603484865,1.062415677148026,1.107514241577125,1.1503012114441906
2023-07-28,1.1442527570678689,1.0573135125817497,1.1040205364256004,1.1456872398288456
2023-07-31,1.1632981969336775,1.0663861572963107,1.118461252916133,1.1601306622553378
2023-08-01,1.1882007846852054,1.0804110426971467,1.1259145591036164,1.1707750103450287
2023-08-02,1.1752005019591587,1.0784973694561302,1.1089117007941023,1.1438846979777568
2023-08-03,1.1542253998999839,1.0617795868255469,1.0930734108684297,1.1247051718039802
2023-08-04,1.1518877614049623,1.0665990401386898,1.0961013343536825,1.1258757413481881
2023-08-07,1.1636696160954823,1.0694915694177634,1.1016912854397545,1.128037439099577
2023-08-08,1.1653251655510404,1.07350821600734,1.1047192089250073,1.1323296185037552
2023-08-09,1.183808665137223,1.0775347394936616,1.100992612940347,1.1262807309512464
2023-08-10,1.177060082125064,1.0742277758558136,1.111473728394921,1.1356996593278548
2023-08-14,1.1822495208160986,1.0731557902249358,1.1000609353896413,1.12122993887519
2023-08-15,1.1766404617216024,1.0660888398335626,1.1037875313743017,1.1274894155567645
2023-08-16,1.155391158640044,1.0532522911745303,1.0907442741007465,1.110979719645281
2023-08-17,1.1487559261214295,1.0502338547878545,1.085852995514082,1.1060548165620459
2023-08-18,1.1357195466233787,1.0358272787329967,1.0777010168271912,1.0999261469457198
2023-08-21,1.1440127364898538,1.0423249008210855,1.081194721978716,1.1039438705858422
2023-08-22,1.159066134262625,1.0515453908760726,1.0921418475358864,1.1141234608311734
2023-08-23,1.1677770851680622,1.0622969265675384,1.09819758028823,1.1194935177756213
2023-08-24,1.1790168287416567,1.0665053513927265,1.102623077208623,1.1291793198879607
2023-08-25,1.1616161624163068,1.06250285658789,1.092840520035294,1.1059946384813757
2023-08-28,1.1816090838302031,1.0741230437461364,1.1089117007941023,1.1250797649871769
2023-08-29,1.1884699421543412,1.0807173177115357,1.1107750558955138,1.1270725406120077
2023-08-30,1.1924813103643148,1.0865596805036457,1.1158991110971517,1.1307968192639806
2023-08-31,1.2155691984204595,1.10417295818039,1.122420853952092,1.1407948506688785
2023-09-01,1.2247384855398749,1.1102321471918688,1.1324361877403943,1.1439871578199883
2023-09-04,1.2317431145097555,1.1223239120832262,1.1447807725145422,1.1519805965649181
2023-09-05,1.2340791069263688,1.131792865606476,1.1454794450139498,1.1553933289899472
2023-09-06,1.2326497100395974,1.1281259870662939,1.1545632154697087,1.1625368291902902
2023-09-07,1.2259967127291405,1.130001869726921,1.1494390460499084,1.153795638516759
2023-09-08,1.2198385917129162,1.124376221067673,1.1373274663270587,1.14035768867536
2023-09-11,1.214866472971404,1.1268296873153534,1.1387249255440361,1.1354936467384098
2023-09-12,1.2168301337306238,1.1301644572283043,1.148274477666067,1.1462866982124587
2023-09-13,1.2148185781931546,1.1274700545687208,1.1478086959997953,1.1438437823474263
2023-09-14,1.2279587943924777,1.1353792023864695,1.1603860573889166,1.159986672023723
2023-09-15,1.2337622741415966,1.1423404876547556,1.1717988503941963,1.1727513923951032
2023-09-19,1.2300763466489852,1.1479825946295745,1.1717988503941963,1.1625917476657261
2023-09-20,1.2205194784807016,1.1335075617973362,1.1599202757226448,1.1549393635823026
2023-09-21,1.2142217066470045,1.1285780716791387,1.1501378327674783,1.1391052878704901
2023-09-22,1.2225144889418273,1.1329671795889888,1.1459452266802215,1.133208177497606
2023-09-25,1.2424113645803352,1.1479495178113706,1.1517681828175916,1.1428680231165802
2023-09-26,1.234300845932703,1.1442614473341655,1.1450136633476782,1.1301529616154016
2023-09-27,1.2421903307859505,1.1573572507867382,1.1468770184490895,1.1321411607006127
2023-09-28,1.2469484416916494,1.1572912144633374,1.1422186306955608,1.1146763341398522
2023-09-29,1.2396212146024885,1.1393831380462403,1.1308057234721187,1.1141552233822656
2023-10-02,1.2279879360024821,1.124889002873131,1.1268462366543224,1.1107370264323175
2023-10-03,1.2046782495602857,1.1022581642608271,1.107747132410261,1.092483190779817
2023-10-04,1.173559902899505,1.079809001300622,1.0800301535948746,1.0676153673916229
2023-10-05,1.199883054997312,1.0968402185858304,1.1016912854397551,1.0867972842950515
2023-10-06,1.198905513864496,1.1078381215234934,1.1016912854397551,1.083975335320326
2023-10-10,1.2286782917186263,1.1308607280538596,1.1242842090535037,1.11027008277799
2023-10-11,1.227731303546451,1.1218403488621658,1.122653744785228,1.1169142620138608
2023-10-12,1.247634207681816,1.125154624330159,1.1389578163771723,1.1364344330097746
2023-10-13,1.2301510754660983,1.112412199982788,1.1233524172846356,1.1301858170714767
2023-10-16,1.2157487625144057,1.0986387912662408,1.1054178814244158,1.1072099488233582
2023-10-17,1.2222114648217546,1.0966792176059375,1.1152004385977445,1.120543731158489
2023-10-18,1.2393284700177323,1.105034540454781,1.1172966845322918,1.1206123109462223
2023-10-19,1.2206357279492452,1.0982474838760734,1.1016912854397551,1.0992217696836628
2023-10-20,1.2145972064426163,1.0975698234714264,1.0977316844037963,1.0932323088396478
2023-10-23,1.200817814347969,1.0939844635830294,1.0893468148837695,1.0841460334174824
2023-10-24,1.2095017953367826,1.100027147478631,1.0898125965500414,1.086342294288984
2023-10-25,1.2164521297750224,1.1044599584365493,1.096800121071253,1.0936016424176096
2023-10-26,1.2142531818977016,1.0978351092733787,1.0814277270300146,1.0702347874115379
2023-10-27,1.2420486346535748,1.1148680581599588,1.0986634761726644,1.083871099507496
2023-10-30,1.2273933691095575,1.096749482597307,1.0856201046809466,1.0735635710724991
2023-10-31,1.2465155708121132,1.1140125720799396,1.0977316844037963,1.079225297034498
2023-11-01,1.2715502070394844,1.1253392655519259,1.1242842090535035,1.1052032386599837
2023-11-02,1.2946683241470573,1.1295287305660788,1.1298741601395754,1.11738223026661
2023-11-06,1.3117297166544335,1.1394596854644519,1.148274477666067,1.1439123621351592
2023-11-07,1.303740526412534,1.1342114306529236,1.1340665377905077,1.1286410641834408
2023-11-08,1.3015767239269183,1.1351395519359029,1.1217220672345223,1.124957018096184
2023-11-09,1.3059709274484854,1.1414428422617136,1.1363957887763534,1.1417433555816912
2023-11-10,1.3182767991423112,1.147455735245368,1.1373274663270592,1.1390031695610663
2023-11-13,1.3168051878229983,1.143430795291034,1.1366286796094893,1.1395977098722518
2023-11-14,1.312742629794583,1.141530995026704,1.1412869531448555,1.143473424171042
2023-11-15,1.3311296535564752,1.1549892013912828,1.1550289971359808,1.1722830826095458
2023-11-16,1.320418150786114,1.1418848544660545,1.1517681828175919,1.1689505420877029
2023-11-17,1.3364211005924838,1.1553859103278004,1.162948199207898,1.1745738114555846
2023-11-20,1.3257055583899267,1.150645299839187,1.1547961063028447,1.1676782640734404
2023-11-21,1.3454713261715372,1.1520914057429965,1.1520010736507276,1.1664930086185126
2023-11-22,1.3452095704417115,1.1569532934114166,1.1566593471860938,1.1699094295978618
2023-11-24,1.3379066947726947,1.161983457568079,1.164112653373577,1.1759843419502973
2023-11-27,1.3415791259094505,1.1668677916589423,1.1599202757226448,1.1697640732350167
2023-11-28,1.3431896629867082,1.1691246091450866,1.1573581339036634,1.1683902916703839
2023-11-29,1.3457398612046423,1.1639916549596274,1.150370723600614,1.1653416332180822
2023-11-30,1.3541854051802327,1.170308858599772,1.1561935655198219,1.171135668989682
2023-12-01,1.346186450465251,1.172787168004628,1.159920275722645,1.1691989047452707
2023-12-04,1.346403443451722,1.1785128591298206,1.1492061552167727,1.1621958428353456
2023-12-05,1.3242126458600179,1.1694231499159409,1.139656603094742,1.1462674357621192
2023-12-06,1.3431222168072159,1.1817612962528872,1.1627151941565996,1.1697020508771865
2023-12-07,1.3238888803215376,1.174473771259859,1.148041586832931,1.1491522950799744
2023-12-08,1.3157169347214206,1.1647566280535875,1.1294082642551413,1.129901456856005
2023-12-11,1.3244316384530814,1.1783699988727965,1.1475756909484969,1.1468263200482083
2023-12-12,1.316549448256096,1.1775825973802085,1.1454794450139496,1.1486413620000493
2023-12-13,1.3205300882206945,1.1763645954357658,1.1461781175133572,1.1515319590690694
2023-12-14,1.3046709338699651,1.163095855458981,1.1301070509727111,1.143134896852311
2023-12-15,1.3083266168125836,1.1647037420381792,1.1359300071100813,1.1530777365555271
2023-12-18,1.3106403414632102,1.1588006524935064,1.127312018320594,1.1456784965889755
2023-12-19,1.3259273802071143,1.167752764852826,1.1361628979432172,1.1617804023283795
2023-12-20,1.3330632923580155,1.169505602150426,1.1447807725145422,1.1777473343022846
2023-12-21,1.3216177887559186,1.1595977403518714,1.1329020836248285,1.1590202707918
2023-12-22,1.335395280680561,1.1705429911453287,1.1373274663270587,1.1600198690126053
2023-12-25,1.3339096557881078,1.1670281121880677,1.1377932479933304,1.1629918875029182
2023-12-26,1.3415624383942408,1.1710289765954467,1.138026138826466,1.1648041971922996
2023-12-27,1.3535633339033377,1.182896906827207,1.1510695103181838,1.177932581697038
2023-12-28,1.3525914161663712,1.1896269547536649,1.150370723600614,1.1729798095367159
2023-12-29,1.355723040277678,1.192890112622327,1.152699860368297,1.170341127066461
2024-01-04,1.363968832304405,1.2063178000109167,1.1585228165056674,1.1641899845914054
2024-01-05,1.3706567380818027,1.20795977644671,1.1655102268087167,1.1673072228314405
2024-01-09,1.3956469507229294,1.223635856375114,1.1748268880976116,1.1807983151776766
2024-01-10,1.4010692490915106,1.2247882532469943,1.190665178023284,1.204528834317107
2024-01-11,1.4042658254225031,1.2279897381347538,1.2092983863829112,1.2257973117542886
2024-01-12,1.3933469357956352,1.2043207944030219,1.215121228302119,1.2442368046409116
2024-01-15,1.3951422351018863,1.2084829327901934,1.2209441844394893,1.2555918141963163
2024-01-16,1.3832165101921905,1.1996308473161998,1.221177075272625,1.2457081279753481
2024-01-17,1.3867888944891875,1.192794485566581,1.2151212283021189,1.2407619132449288
2024-01-18,1.3910275238515508,1.1962361367712677,1.2137237690851415,1.240356991948432
2024-01-19,1.4047756561599587,1.2033914540420974,1.2225745344896022,1.2577419681388138
2024-01-22,1.436193292163435,1.2180735260445668,1.240741961182958,1.2781549741999283
2024-01-23,1.4298614070631408,1.2144405721822118,1.238878720299709,1.277127506902036
2024-01-24,1.4316281141035572,1.2060465767001392,1.2316583049453613,1.2669472335910898
2024-01-25,1.482820319916675,1.214069423462567,1.2330557641623388,1.2672965533465361
2024-01-26,1.460177415004024,1.2060490698685093,1.2167516925703945,1.2503207334594633
2024-01-29,1.4750766594296663,1.221764217755432,1.2314254141122256,1.2599687620433002
2024-01-30,1.4741669017722931,1.219592083154011,1.2314254141122256,1.2613298385874965
2024-01-31,1.486917728389671,1.2207027354434625,1.2437698846682113,1.2690536713342357
2024-02-01,1.465259894364167,1.2108628392336296,1.2342203325461805,1.2594273642369518
2024-02-02,1.478972326076218,1.2148622031056788,1.2379469285308409,1.2645529519978367
2024-02-05,1.4873788323968278,1.221175424968553,1.2477294857041699,1.2714125701286385
2024-02-06,1.4796174371868016,1.215156501289751,1.2374811468645692,1.2646453024689674
2024-02-07,1.4786418119599805,1.2089269025626725,1.2428383213356677,1.2632205642094652
2024-02-08,1.4787448467601743,1.2052159630232129,1.2491269449211473,1.2892180415115364
2024-02-09,1.48867872993212,1.2009836679810622,1.2465649173203284,1.2904120402063346
2024-02-13,1.513849568085203,1.2145272100480946,1.2742817819175523,1.3277123408508344
2024-02-14,1.4938758946312178,1.2048883851584022,1.2591422787094495,1.3185966936072295
2024-02-15,1.4921540296025644,1.1843920744812726,1.2651981256799554,1.3344961386983851
2024-02-16,1.5148668692245106,1.20700327990546,1.281036415605628,1.3460126249651458
2024-02-19,1.5273327575819922,1.2341195625370662,1.28732515340927,1.3454230027263874
2024-02-20,1.5210243171195033,1.2335893941877907,1.2868593717429984,1.3416889562361218
2024-02-21,1.5142588816001965,1.2285703850486271,1.2803377431062208,1.3381409768193477
2024-02-22,1.5407318350776598,1.2320901813117253,1.2978063830820066,1.3673965404912407
2024-02-26,1.538994636457049,1.235307556913853,1.3036292250012145,1.3721189829262275
2024-02-27,1.5465847290603296,1.2418986245202401,1.3052596892694899,1.3723221266400907
2024-02-28,1.5578227835424254,1.2474435672938553,1.30386211583435,1.3712208882557924
2024-02-29,1.556699007950215,1.2424342982503298,1.3066571484864673,1.3697576250956112
2024-03-01,1.5661944107332633,1.2304728523043642,1.3203991924775924,1.395799501662649
2024-03-04,1.5728792682907557,1.22083768979623,1.3203991924775924,1.4027384920178991
2024-03-05,1.5741204387045709,1.224728554762763,1.32692082111437,1.4023327510426644
2024-03-06,1.5781459445770003,1.232332843089151,1.3315792088678986,1.4020932682380898
2024-03-07,1.5698140856085945,1.2272750786026356,1.3252903568460943,1.3848841131369762
2024-03-08,1.5737310794926842,1.2348753057519721,1.3280853894982114,1.3880397396645672
2024-03-11,1.5363797333850269,1.219522288902471,1.300368410682825,1.3576673637123566
2024-03-12,1.5546945768591216,1.2309154541138294,1.294778459596753,1.35686380532302
2024-03-13,1.5382813054178321,1.2195296154257587,1.2912847544452284,1.3533125471912946
2024-03-14,1.5478321536913753,1.2298460736133106,1.2989709514658476,1.3572088900716537
2024-03-15,1.5455921171084614,1.2337073894684156,1.3024646566173723,1.3537207472027426
2024-03-18,1.573867371405324,1.2367035295045983,1.3273867169988038,1.3898408470778645
2024-03-19,1.584723657370977,1.2446787267708659,1.3415945426562008,1.3990443365595422
2024-03-21,1.6043683394884547,1.25227212568317,1.363721570385515,1.427444428855368
2024-03-22,1.6047448889585783,1.2652457184666297,1.3725723357899757,1.4299893947232623
2024-03-25,1.592162906827779,1.270279210350261,1.3544049090966201,1.4134014194923143
2024-03-26,1.6088969958435746,1.2746312605123729,1.357432832581873,1.4128387100387818
2024-03-27,1.6098505013997064,1.2818966034707262,1.3644202428849224,1.4255933210390617
2024-03-28,1.6012957752518862,1.2788932211887594,1.3548706907628918,1.4047962954892657
2024-03-29,1.621081338256415,1.2900174904081572,1.3618582152841037,1.4118388385917306
2024-04-01,1.58698239695137,1.2653372495874793,1.3381008375046761,1.3920318483441316
2024-04-02,1.5735719922309273,1.251306448778591,1.3341412364687175,1.393284590681809
2024-04-03,1.5747622766136817,1.2543313325727399,1.3311133129834647,1.3797480061656222
2024-04-04,1.59477106604988,1.2558810861522514,1.3446223519232918,1.3909844355302852
2024-04-05,1.5762270018381328,1.2512922511563178,1.3294828487151893,1.363668368365263
2024-04-08,1.594675200542179,1.2612179220942674,1.342060324322473,1.3760824028499672
2024-04-09,1.6109859307019676,1.2763289792586967,1.3544049090966208,1.3909840256909163
2024-04-10,1.6044275219671267,1.2812551094582485,1.3492807396768205,1.3842929881538653
2024-04-11,1.6023435400893131,1.2759087650081535,1.3516098764445037,1.3794254625822793
2024-04-12,1.6116388772696186,1.2727996995536477,1.3583643959144172,1.3822555400378218
2024-04-15,1.5982530266758428,1.2716473960253327,1.3530074498796434,1.3720871520685745
2024-04-16,1.5530380157318289,1.2486443101434919,1.3257562527305287,1.3454516914822119
2024-04-17,1.5368221018520325,1.233560081446991,1.3096850719717203,1.3276365205675829
2024-04-18,1.5603291266996215,1.2465615908113339,1.3173712689923396,1.331759777845203
2024-04-19,1.5117298916172288,1.2268169295650224,1.2924493228290705,1.2963899572414577
2024-04-22,1.5225764029234006,1.2467425060746784,1.310849640355562,1.3093389687157304
2024-04-23,1.5171385153397317,1.2522815110983803,1.3061913668201959,1.3133101755874796
2024-04-24,1.5363610186290235,1.2573538408189056,1.3320449905341707,1.3450627539211029
2024-04-25,1.5086324202059298,1.2452787983228115,1.3113154220218337,1.3159793227841579
2024-04-26,1.530838682875469,1.242486452953031,1.3197005199781853,1.3266908845303524
2024-04-30,1.5535300086623343,1.2695679103438149,1.347650275408545,1.3431595965049434
2024-05-01,1.558041904103409,1.264575445828407,1.3422933293737713,1.3385568271656823
2024-05-02,1.5664533485180776,1.2642513600827874,1.3434577835394506,1.337228537771
2024-05-07,1.5855692272944655,1.273774408355228,1.3513769856113682,1.3581784334054048
2024-05-08,1.5844114146563752,1.266396410893972,1.3332095589180124,1.336049976359098
2024-05-09,1.5798376605624198,1.2615550066886105,1.3350729140194237,1.3315597762331681
2024-05-10,1.5844048022071153,1.2634247177987028,1.342060324322473,1.3369850931858596
2024-05-13,1.6469880381914643,1.270040267941839,1.3408957559386314,1.335248740392852
2024-05-14,1.6409087007015757,1.261539944444778,1.3427591110400428,1.3414248830694118
2024-05-15,1.6260481392533883,1.2660724057806814,1.345088247807726,1.342462596351527
2024-05-16,1.6198036856517983,1.258607885719773,1.3469516029091373,1.3611567360993748
2024-05-17,1.627255683200315,1.2707595861886722,1.3520756581107753,1.356509430882024
2024-05-20,1.6460350995393433,1.2761773114437935,1.3639544612186514,1.3663823246662772
2024-05-21,1.6412021969167725,1.2744553754209946,1.358830291798851,1.3620893938899226
2024-05-22,1.6273530767047695,1.267983356316051,1.3476502754085449,1.3505543282384371
2024-05-23,1.6396271521091532,1.2670928686497265,1.3569669366974397,1.3675552849401373
2024-05-24,1.6310729618086703,1.268726744402642,1.3492807396768205,1.3515688172896467
2024-05-27,1.6492607365941412,1.2823553600835629,1.3625568877835117,1.3604488068961205
2024-05-28,1.6461363161638207,1.280724513599814,1.3632556745010818,1.3588873189005206
2024-05-29,1.6133177299556274,1.2623855895849503,1.3499795263943906,1.3484478904952917
2024-05-30,1.616423495655446,1.2747823732909653,1.3418274334893372,1.3308655083422114
2024-05-31,1.6365965908671698,1.2908402944365307,1.3742026858400898,1.3460357125829285
2024-06-03,1.635969249175713,1.2943565463121531,1.378162172657886,1.3612535948035638
2024-06-04,1.6258260949183176,1.2958077909009742,1.3730381174562483,1.3582609477316816
2024-06-05,1.606594810324107,1.2882028342974694,1.3530074498796436,1.3461152214204997
2024-06-06,1.6013806968160318,1.2846829049271853,1.3574328325818739,1.3535763471317588
2024-06-07,1.6114390885133374,1.29560987856269,1.3567340458643038,1.352891505546287
2024-06-10,1.6298982563298479,1.305517360751427,1.3707088664704024,1.365279993376995
2024-06-11,1.6337835919908819,1.305587873411505,1.36791406225461,1.3686593922000183
2024-06-12,1.6304225910760035,1.3049207110616972,1.3562682641980321,1.3596336363913308
2024-06-13,1.6089261494940739,1.2860444124295318,1.3439236794238842,1.3541693846985918
2024-06-14,1.6388307769807762,1.3160331961452596,1.352308548943911,1.3574599849916817
2024-06-17,1.6231822823988324,1.3015491259444616,1.3290170670489174,1.3325551394471618
2024-06-18,1.6285736960929305,1.3079129507568876,1.3374019365689442,1.3458332519346805
2024-06-19,1.6291536213656348,1.3204918742575251,1.3446223519232918,1.3489336867605897
2024-06-20,1.6347967292325267,1.3132127097937585,1.3427591110400428,1.3511110267145594
2024-06-21,1.6151875268822362,1.3050352924822577,1.341361537604903,1.3498327377228858
2024-06-24,1.6285838168142612,1.3125142098714628,1.3492807396768207,1.3571133974986953
2024-06-25,1.6418452222323587,1.3280236289799714,1.3730381174562485,1.3700009330676295
2024-06-26,1.660843263196909,1.3364090433936902,1.3788610735936186,1.387274842789033
2024-06-27,1.6650108496804923,1.3452434164983622,1.3744355766732257,1.3758900515728196
2024-06-28,1.6571890053196476,1.3378971235088153,1.3828206746295773,1.3843373874188327
2024-07-01,1.6462068060818622,1.334233801907418,1.3907397624833322,1.3860154064083299
2024-07-02,1.6416939420108265,1.334261887279282,1.4063450473577064,1.4015305587845581
2024-07-03,1.6543208663515563,1.3379644904090544,1.4193884188494241,1.4192293353184127
2024-07-04,1.6523394671679221,1.3384505835373748,1.4296366434708623,1.430871369045187
2024-07-05,1.6459182103277228,1.3227490489207239,1.418456627080556,1.4308266965539744
2024-07-08,1.6364999438587615,1.3173454842235441,1.41379835354519,1.4262217414047458
2024-07-09,1.6476654067872287,1.3223064300917033,1.3998234187209289,1.4541816662183473
2024-07-10,1.6396125053620654,1.3203915753137605,1.4113937185721597,1.4629884311909065
2024-07-11,1.6338885599832993,1.329829298543584,1.4207283121125514,1.4766989242126398
2024-07-12,1.6361330211245482,1.338264530025674,1.4034592112664803,1.4405599717265474
2024-07-16,1.6319863273921666,1.33531838191549,1.4057929167606595,1.443511634861537
2024-07-17,1.6240262658349662,1.340423172326372,1.4118604139837305,1.4373078963341364
2024-07-18,1.5951729478977554,1.3411761820459964,1.388523930132751,1.4033372673358973
2024-07-19,1.5855417799732525,1.3347365085117608,1.3777890219213218,1.4011492715583358
2024-07-22,1.5585045021778656,1.317300260923281,1.3691545857164487,1.384894222508077
2024-07-23,1.5647749150134707,1.3236377036363562,1.373588534780859,1.3847330190229667
2024-07-24,1.5440025697858382,1.3056202594767996,1.3521188325761628,1.3693610371996159
2024-07-25,1.516228855259073,1.298255182909811,1.315013806120381,1.3244088989241845
2024-07-26,1.5110824131828018,1.2969601846568004,1.3208479556376664,1.3173408091677232
2024-07-29,1.5425965775057575,1.3176218988076818,1.3362500464011293,1.3453618000472944
2024-07-30,1.5327331120195287,1.3030454460500371,1.3334496454953793,1.3473664610138243
2024-07-31,1.5784006948765221,1.3334341178397426,1.3537523807348233,1.3675063774421126
2024-08-01,1.5382911024506123,1.298257361747152,1.3096463520146664,1.3333905286941514
2024-08-02,1.4291675542427407,1.2314397793387812,1.2296020353676547,1.2558684557703397
2024-08-05,1.2509225965607993,1.0974816401973693,1.0965837918716652,1.1001940452798726
2024-08-06,1.3556621618925087,1.1948543525167155,1.1628595659138745,1.212703490369662
2024-08-07,1.382974465180697,1.204862097978728,1.2060322038108897,1.2271878967330467
2024-08-08,1.387946731303709,1.192739803838491,1.1920301992821396,1.2181483429989388
2024-08-09,1.4032021509749983,1.1956827691037084,1.2046320033580147,1.2249279058396776
2024-08-13,1.436596255247831,1.2125607909417395,1.2354361848849402,1.2671581642529626
2024-08-14,1.4607839417581152,1.226263259870626,1.2494380751955279,1.2744996168684959
2024-08-15,1.482556173184323,1.2275235440915389,1.2590061306598674,1.2844393144698838
2024-08-16,1.524672379936332,1.2491880671537767,1.2989115580213995,1.331164281242157
2024-08-19,1.5021919148865275,1.234218480529641,1.2797756755290448,1.3075907305810246
2024-08-20,1.5321155331874894,1.248164453275757,1.2930774085041137,1.3311730244820275
2024-08-21,1.522696279183149,1.2460670192717767,1.2902770075983636,1.3272867909727684
2024-08-22,1.5333237662388408,1.2523166848227207,1.2951777662925072,1.3363521645871186
2024-08-23,1.5305559577837435,1.2548582291880594,1.301711958927149,1.341712043853905
2024-08-26,1.536067581919756,1.26113138835721,1.2884101117339177,1.3328271361750044
2024-08-27,1.5445037875504317,1.2712389254409566,1.2975113575685242,1.3390663941143786
2024-08-28,1.549299874332702,1.2709926604012352,1.3040456644213283,1.3419740678237704
2024-08-29,1.5576326402488458,1.2806364498544611,1.3047457075386846,1.3416512510141814
2024-08-30,1.5701142578984046,1.2955069164031348,1.3119800575088452,1.3516261948012966
2024-09-02,1.5620058208369798,1.2909409781880943,1.314780458414595,1.3534839966606287
2024-09-03,1.5572905621026942,1.298339532634597,1.3227148515021119,1.3529747029381793
2024-09-04,1.497074462321783,1.2666958540573807,1.2741748737175445,1.2956645415584633
2024-09-05,1.4892887342504553,1.2647468084337312,1.2706743154762756,1.2820069178153213
2024-09-06,1.4731848184879994,1.258215449552464,1.2578392779127774,1.2727173620661698
2024-09-09,1.4593105031062847,1.2632814013778426,1.251538432983921,1.2665719573422793
2024-09-10,1.4613883117276625,1.2657842616977941,1.2478045270368667,1.264592843029746
2024-09-11,1.4367408605724672,1.2466134488163048,1.2265682867561185,1.2457287565569177
2024-09-12,1.475598907764415,1.2650607697744483,1.2559723820483313,1.288168442887723
2024-09-13,1.472022463586512,1.2566501204511564,1.2438373876021895,1.2793724703518787
2024-09-17,1.4829402766227764,1.261709550511712,1.2405702912848686,1.2661337024437769
2024-09-18,1.4979643814494212,1.2698847013067758,1.2410369866964397,1.2723222769145273
2024-09-19,1.5181579959277351,1.2757029561492337,1.2676405668647401,1.2994317850376118
2024-09-20,1.5387672662663654,1.275605549371637,1.2793088658993113,1.3193167813784292
2024-09-24,1.5367867906184827,1.2795433454762302,1.2865432158694718,1.3268947113098315
2024-09-25,1.5351269977034496,1.2765595529618092,1.2842095103752926,1.3244351286437963
2024-09-26,1.5774369562953288,1.2967442885609848,1.315713849237737,1.3613444425303427
2024-09-27,1.6051249277024322,1.3010626367870795,1.3355498890656101,1.3929575388654087
2024-09-30,1.5597855353622037,1.2754099979751412,1.2914438603454532,1.3261589130294902
2024-10-01,1.583616939479566,1.2877236894594566,1.3161806588674703,1.3517737369741094
2024-10-02,1.5577302257219927,1.2745176982798674,1.2944776089569887,1.3222842916356838
2024-10-03,1.5759005471771774,1.2811486660067786,1.3108132047617558,1.3482795831277872
2024-10-04,1.580676165800054,1.288757992678768,1.3168807019848268,1.3512020110544603
2024-10-07,1.5941774543475151,1.2955649734578656,1.3423175436242,1.3755822622067577
2024-10-08,1.5720596325323453,1.279264644727322,1.3222481560905415,1.361760975942292
2024-10-09,1.5842587241968589,1.2709351268934295,1.3229481992078977,1.3736665363832847
2024-10-10,1.574771049196635,1.265803779888765,1.3278488436838791,1.3772662921736663
2024-10-11,1.574864473775112,1.2650441823899563,1.3234148946194686,1.3851320659551762
2024-10-15,1.5944614289077486,1.2698630599933745,1.3301825491780583,1.3957900753571646
2024-10-16,1.5677371309208288,1.2661115436581547,1.318280902437702,1.3702510716957963
2024-10-17,1.5530169372486595,1.2636842409538038,1.314080301079077,1.3608395204278285
2024-10-18,1.5491576935586928,1.2609740183820604,1.315013806120381,1.3633071632681193
2024-10-21,1.5500131845723923,1.260267556366732,1.3115133620972748,1.3623577020634456
2024-10-22,1.5310034306486584,1.2469715233277565,1.2972780098627392,1.3433799534723025
2024-10-23,1.515533983649562,1.2344187252217482,1.2907438172280974,1.3326397029702834
2024-10-24,1.5145224488441982,1.2345546890852261,1.2900436598925789,1.3339837028741077
2024-10-25,1.4926037077647025,1.219510317120673,1.281175761763758,1.3259620535192838
2024-10-28,1.5207654943064344,1.2340207122570128,1.3007784538858458,1.3501496801681871
2024-10-29,1.5236499905350025,1.2369387297849739,1.3115133620972752,1.3605768133923484
2024-10-30,1.5443204827337542,1.239837489459868,1.3248150950723443,1.3736465908673308
2024-10-31,1.5427856988944035,1.2545457894843406,1.315247153826167,1.366786972736529
2024-11-01,1.4917197601397867,1.2334686230791692,1.2942442612512042,1.3308495246068242
2024-11-05,1.5144761518246774,1.2330478728763257,1.2956444617040792,1.3455810641096697
2024-11-06,1.54538988177222,1.235040055689956,1.3290156964309692,1.3807559377869303
2024-11-07,1.5570089577468254,1.250369296074238,1.3399838381300213,1.377284461719022
2024-11-08,1.5492518378249496,1.2434630411003713,1.3376502468540046,1.3814448777660913
2024-11-11,1.5522299245998084,1.2402716498217485,1.3404506477597546,1.3825972094583823
2024-11-12,1.5511461351725397,1.2422578091050984,1.3390504473068796,1.3770983946455306
2024-11-13,1.5511362213010744,1.2446660465794408,1.3245817473665586,1.3542110517010997
2024-11-14,1.521039006157925,1.2383913351149327,1.322014694166594,1.3477074473687696
2024-11-15,1.5186831096391067,1.2306186138932533,1.3264486432310045,1.351456931141931
2024-11-18,1.507825492375765,1.2347620756010824,1.317580859320346,1.3366962930438917
2024-11-19,1.5102604674444147,1.2386279707393968,1.3264486432310043,1.3434662929660224
2024-11-20,1.5028124222317023,1.2303502028014164,1.3213146510492375,1.3412948273763408
2024-11-21,1.5040928661291295,1.229967713378824,1.3119800575088456,1.3298877682210826
2024-11-22,1.5191837031061712,1.2311443632633947,1.318280902437702,1.3388995894912268
2024-11-25,1.5203947716413422,1.2330562259372764,1.3269154528607376,1.3562562867651529
2024-11-26,1.5064218955548159,1.228803996981117,1.3175808593203457,1.3444305083879775
2024-11-27,1.5069220264303445,1.2214538558863175,1.3056792125799892,1.333692716922172
2024-11-28,1.5117491860575913,1.2284667311676674,1.3157138492377372,1.3411800723530423
2024-11-29,1.5056164015511768,1.2282353767488117,1.30894630889731,1.3362479287742894
2024-12-02,1.516621833881873,1.2329010103445661,1.327848843683879,1.3469142715767795
2024-12-03,1.5302621212943441,1.2422485995456636,1.3437177440770751,1.3726487686171245
2024-12-04,1.5190962397115686,1.2291539189427,1.3383502899713606,1.3736116179078495
2024-12-05,1.5166750781538754,1.2294409086522013,1.3392837950126648,1.377780777194789
2024-12-06,1.5057284396721469,1.2281222816421817,1.3339163409069503,1.3671339700688845
2024-12-09,1.5155641967431168,1.2333975859053006,1.3381169422655754,1.3695585797754382
2024-12-10,1.5056158172690426,1.2329738881021333,1.3399838381300215,1.3768007146505687
2024-12-11,1.508257458480161,1.2301697962672886,1.3462847972770404,1.3769634208800317
2024-12-12,1.5093545558251753,1.2305995055352754,1.3563194339347886,1.3936423804508808
2024-12-13,1.4991200274911027,1.2178941544017339,1.344417787194432,1.38039814801786
2024-12-16,1.496650708341294,1.2160891527199997,1.3388170996010944,1.379945138902076
2024-12-17,1.4877358632835471,1.208539677924118,1.3322827927482903,1.3766993477133218
2024-12-18,1.4883697067414436,1.2029242822466888,1.3313494019251486,1.36680309308504
2024-12-19,1.4818345296587379,1.2048396196571285,1.3276154959780944,1.3574256950978159
2024-12-20,1.4672272708998124,1.2013013413246043,1.3210813033434525,1.3535199259119712
2024-12-23,1.4807981763971398,1.2114764342450801,1.3346164982424695,1.3695879515968779
2024-12-24,1.4770402558233184,1.210838786353733,1.3355498890656115,1.3652342279807996
2024-12-25,1.4849539239430738,1.215434056851112,1.3355498890656115,1.3685069319547798
2024-12-26,1.4905786477133298,1.2206214784145273,1.3542191903645575,1.383812109960996
2024-12-27,1.5118909062179267,1.236212323032497,1.37358853478086,1.4087513820125055
2024-12-30,1.5084122009114809,1.2390755663690207,1.36238693115786,1.3952300981660921
2025-01-06,1.5107292583273828,1.2327787414967146,1.3488517362588432,1.3746838943100774
2025-01-07,1.5181753949041699,1.2319274070346695,1.3663541848106997,1.401831654107595
2025-01-08,1.5176942085678986,1.2222521760680833,1.357019591270308,1.3982559422268572
2025-01-09,1.504934628350412,1.2145764804996881,1.34021730005397,1.3851072023667954
2025-01-10,1.5063156600461935,1.2193995662009407,1.3290156964309698,1.3706042166186863
2025-01-14,1.4865267377097757,1.2082947629335374,1.3143136487848635,1.345560162301855
2025-01-15,1.4837010512757982,1.2107698937407498,1.3189809455550594,1.344520673049141
2025-01-16,1.4829265460600463,1.2054515669013233,1.317347397396399,1.3489980315415115
2025-01-17,1.4788302111513956,1.2044898290647073,1.311279900173328,1.3447613853718225
2025-01-20,1.499626700739019,1.2181296192049382,1.327615495978095,1.3605355562292105
2025-01-21,1.5032361401490972,1.2224520891607369,1.3287823487251846,1.3649239795785242
2025-01-22,1.5257370430326815,1.2251301778844859,1.3413840385828975,1.386546694843579
2025-01-23,1.5479879515496588,1.2207241431442346,1.348151693141487,1.3974799796883612
2025-01-24,1.5479781601322886,1.2262136779038515,1.346751492688612,1.396539534949804
2025-01-27,1.5397930304464336,1.2354421220504819,1.3509520940472368,1.3837331475759167
2025-01-28,1.5296412582660726,1.2418810014719006,1.3497852413001472,1.3645354518567845
2025-01-29,1.5334765475425685,1.243469837486847,1.3602866875876285,1.3784515476285948
2025-01-30,1.5397033039909505,1.2464666474432151,1.3628537407875931,1.3819204280471664
2025-01-31,1.5383875587323634,1.2421069696392257,1.3651873320636099,1.383967029242449
2025-02-03,1.4892893063741066,1.2244089181257578,1.3318160973367197,1.3471615413293634
2025-02-04,1.5076586033214827,1.2300181437530935,1.3409173431713262,1.3568938602100757
2025-02-05,1.5060857759521782,1.2307355167951828,1.344651134900218,1.3580517930404086
2025-02-06,1.5225677653833698,1.238382354822834,1.3490850839646285,1.3662722144891608
2025-02-07,1.5074060546479584,1.239096791386433,1.3409173431713262,1.3564968624747116
2025-02-10,1.528368480431269,1.2453049654421133,1.3395171427184511,1.3569918118192488
2025-02-12,1.5482792109826404,1.2421164046175543,1.3392837950126657,1.3626758740268539
2025-02-13,1.553716398891337,1.2551453308726261,1.3551525811876994,1.3800843476743874
2025-02-14,1.5426826035314523,1.2488270878850773,1.3514187894588077,1.3691714181849284
2025-02-17,1.5298422484936798,1.259494932257067,1.3556193908174328,1.3700394579683093
2025-02-18,1.5279143467708711,1.2614757975593591,1.359119834840539,1.3734020533772067
2025-02-19,1.5302196906050964,1.2534339298180859,1.3556193908174328,1.369702296780808
2025-02-20,1.516230703743687,1.240392903668479,1.3390504473068805,1.3526854929568426
2025-02-21,1.514303187543146,1.2388354199514404,1.340683995465541,1.3561444006174372
2025-02-25,1.507595838035801,1.241715511274365,1.3353165413598262,1.3372886475451107
2025-02-26,1.5092810492467361,1.2439553217096995,1.3322827927482908,1.3339515987902095
2025-02-27,1.534546651031367,1.253880445013877,1.3416173862886824,1.337931548901829
2025-02-28,1.4987373495796552,1.2510248995304452,1.313146910255936,1.2994377960150232
2025-03-03,1.517744429478422,1.2626959561803435,1.3378835945597907,1.3214696675833868
2025-03-04,1.5045468862071785,1.2583046425522968,1.3280821913896657,1.3055818346076837
2025-03-05,1.5244772212547772,1.265826798778798,1.3315827496309345,1.3086265312794192
2025-03-06,1.528726294595066,1.2740050536113252,1.3481516931414868,1.3186529782138958
2025-03-07,1.5076670514359078,1.268143795850782,1.3276154959780948,1.29005356737165
2025-03-10,1.5162228763467747,1.266614661471493,1.324348399660774,1.2949881699866164
2025-03-11,1.5124694397020977,1.2598515707188729,1.3101131616444006,1.286763923370421
2025-03-12,1.5115476891075883,1.2686324015745991,1.3213146510492384,1.2876725372513251
2025-03-13,1.5105205255092102,1.270510395976621,1.324581747366559,1.286656272229517
2025-03-14,1.5264501887679183,1.2739342584325795,1.332982950083809,1.295856619609366
2025-03-17,1.5347175428368773,1.2831302801749773,1.3467514926886113,1.30786696231568
2025-03-18,1.544058622693706,1.2879177609049044,1.364953984357824,1.3235664057948011
2025-03-19,1.5379343567336854,1.295641784487656,1.3700879765395908,1.3202949313389276
2025-03-21,1.5494318313167617,1.2933638725200405,1.373821882486645,1.3176782435814716
2025-03-24,1.5448804746114304,1.288539091901045,1.369154585716449,1.315280136820775
2025-03-25,1.5527189158890977,1.294846014516768,1.3717215246982513,1.3212972618221923
2025-03-26,1.561384270313307,1.3020220189855622,1.3796560320039306,1.3299268395742536
2025-03-27,1.5504757289099445,1.3031598456511269,1.377555674215537,1.3219767754958682
2025-03-28,1.5479416581171503,1.2987930770687548,1.3658874893991284,1.2982077314557592
2025-03-31,1.4934273063072776,1.2709328260601755,1.3180475547319173,1.245651433529314
2025-04-01,1.4914842673396758,1.272179826701847,1.317114049690613,1.245893511983225
2025-04-02,1.4908492020522204,1.2630170992100616,1.314313648784863,1.2494394422031545
2025-04-03,1.448586095049403,1.24032551092935,1.2741748737175456,1.21481826151331
2025-04-04,1.3835419008758378,1.1986656558753743,1.228901992250299,1.1814067900274061
2025-04-07,1.2677808975177287,1.13085328732583,1.1353224807042706,1.088938353464871
2025-04-08,1.3781767584860436,1.1987761401417296,1.2036984983167112,1.154547557145611
2025-04-09,1.3386857112471249,1.1668888377225564,1.1630929136196606,1.1091334615948407
2025-04-10,1.4385608411276791,1.222653014090652,1.2608730265243142,1.2103791546953724
2025-04-11,1.4285625021393522,1.2313302183927795,1.221434294574353,1.1745870629285124
2025-04-14,1.4458252958600049,1.2405154828123277,1.23216908856762,1.188463677507783
2025-04-15,1.4586278908979862,1.244223474384454,1.245004126131118,1.1984372551636684
2025-04-16,1.441443362155065,1.2401587819122555,1.2356695325907263,1.1862967201511594
2025-04-17,1.4609890915030612,1.2458178568347817,1.2534053288483682,1.2022864665166013
2025-04-18,1.4838096323824617,1.2662113854783785,1.266940523747385,1.2146207189374885
2025-04-21,1.4825802649340163,1.2645117046766936,1.2522384761012786,1.198870318763498
2025-04-22,1.481220488639989,1.2723997089186487,1.2550388770070287,1.1967957118780053
2025-04-23,1.502204261261447,1.2802984318294928,1.278608822781956,1.2194591459138806
2025-04-24,1.489777982414251,1.2671864715703536,1.2825759622166333,1.225422718571092
2025-04-25,1.5148957760777189,1.2768092513577296,1.302178654338721,1.2487353381673427
2025-04-28,1.53343708536805,1.2848272610666185,1.313380257961721,1.2534304579777347
2025-04-30,1.5378228584680858,1.2936466849337358,1.3229481992078984,1.2606135759837405
2025-05-01,1.5368203775897955,1.2782615141636504,1.3278488436838798,1.2748448382302533
2025-05-02,1.5364700720662097,1.2768176071289337,1.3308825922954153,1.2880782782265594
2025-05-07,1.5536669016363567,1.2914295403267013,1.3367167418127008,1.286293564388019
2025-05-08,1.5646766787905286,1.2869620715664092,1.3371835514424342,1.2915034424457794
2025-05-09,1.5814262786948248,1.3091844628793372,1.3542191903645575,1.311602374937175
2025-05-12,1.6242760566130916,1.3143777336867526,1.360053339881843,1.3165312398009765
2025-05-13,1.6229355018508962,1.3092011242222423,1.3745219256040018,1.3353816649615071
2025-05-14,1.6434229082558944,1.288860231484669,1.3684544283809308,1.3334535073438432
2025-05-15,1.6284984234494468,1.2808659666317914,1.3560860862290034,1.3204219815432936
2025-05-16,1.625235893502835,1.2909124343768004,1.358186329799235,1.3203592761198482
2025-05-19,1.6229285793017347,1.3018569084018121,1.3574862866818787,1.3114380293502361
2025-05-20,1.6202513364324682,1.2927658233029666,1.3553860431116473,1.3125172730217358
2025-05-21,1.6186781038015328,1.2864491114865941,1.3542191903645577,1.3044557326350033
2025-05-22,1.621858060600955,1.286284439431397,1.3453512922357367,1.2935053711498492
2025-05-23,1.6312578731786742,1.3011488203513406,1.3563194339347888,1.2996115679074463
2025-05-26,1.6463317319647628,1.3028578577742917,1.3637871316107346,1.3125887216850518
2025-05-27,1.648900338655156,1.3079166104526239,1.374288577898216,1.319323748647701
2025-05-28,1.6502301043566696,1.3114337829965395,1.3745219256040015,1.3192639120998382
2025-05-29,1.6614997433474608,1.3123916257641832,1.392957764979,1.3441150686870291
2025-05-30,1.663298393882942,1.3195951200977487,1.3873570773856623,1.3277519586564974
2025-06-02,1.6533504013078635,1.317331252355273,1.3759221260568768,1.3104602892291073
2025-06-03,1.6555960646506243,1.308970045896497,1.37358853478086,1.3096257196608552
2025-06-04,1.661454542679295,1.3134592513215222,1.3796560320039308,1.3201400120574742
2025-06-05,1.6654733297330724,1.3122908400573599,1.3651873320636099,1.3133915970087737
2025-06-06,1.6631437341360078,1.3137258753469756,1.3731217251511267,1.3199357754386272
2025-06-09,1.6761343013633647,1.3093339410807847,1.380122727415502,1.3320700262474792
2025-06-10,1.6690086353749938,1.3086441768030908,1.3789558746684123,1.3363696510668597
2025-06-11,1.6898032587865475,1.318954755486644,1.3819896232799478,1.3437027702818918
2025-06-12,1.6968862789332,1.3210103306333403,1.3789558746684123,1.3350259243892815
2025-06-13,1.679921211551386,1.3153373653624214,1.3649539843578244,1.3231756922630935
2025-06-16,1.686887179285751,1.3121449414266233,1.376855631098181,1.3398605261982304
2025-06-17,1.7077880437472932,1.3167195787126773,1.378955874668412,1.347743786459481
2025-06-18,1.7131900742727784,1.3203655001910768,1.392491069567429,1.3599287207369568
2025-06-19,1.7088354824387906,1.321495359880888,1.3831564760270372,1.3460511498658254
2025-06-20,1.7084150799608386,1.3155827862837626,1.3740552301924307,1.3430746231424544
2025-06-23,1.704098259534322,1.3108375098732306,1.3682210806751451,1.3413560300554337
2025-06-24,1.72454532980164,1.314780652181473,1.377555674215537,1.3566206339641262
2025-06-25,1.7293683491846579,1.3121665306226622,1.3784891792568412,1.361919447164943
2025-06-26,1.7567256885636404,1.32084527813323,1.3901574782914121,1.384389846858055
2025-06-27,1.7742561402629284,1.3304873002739623,1.4099935181192853,1.4041919190332268
2025-06-30,1.7776251053218,1.335055245568893,1.4141941194779104,1.41596387183995
2025-07-01,1.7689030386923947,1.3277880910800566,1.4043927163077854,1.398440233329749
2025-07-02,1.7621864541396153,1.329537497870126,1.4001921149491603,1.390611618317688
2025-07-03,1.7746494815021001,1.3311465701066505,1.4020590108136064,1.3914306139899209
2025-07-04,1.7684261159753172,1.3311331330780183,1.4039260208962145,1.3923042549113436
2025-07-07,1.7655523497138137,1.3299611146343422,1.3931912269029476,1.3844983176776964
2025-07-08,1.7757836134882399,1.3354605460621376,1.398091871378929,1.3880350948183864
2025-07-09,1.7806626679055422,1.3437506749605275,1.3710214815808952,1.3926680556578248
2025-07-10,1.773882087685107,1.341531929856915,1.3637465841630823,1.386550520011021
2025-07-11,1.773023678760961,1.345081285348607,1.3719337420439928,1.383868804407029
2025-07-14,1.7693887785935334,1.3448267039956838,1.3721676608405902,1.380019729667219
2025-07-15,1.780076460840878,1.349067473582676,1.372635498433785,1.38765776937273
2025-07-16,1.770039361635506,1.3473598702302314,1.3695945540780181,1.387146426453436
2025-07-17,1.7806445606116832,1.350929492364037,1.380120899924903,1.3954627503145165
2025-07-18,1.774476656831131,1.3443162210059196,1.3773138743657338,1.3925920987614506
2025-07-22,1.7718376033661296,1.3451665987200991,1.3770799555691364,1.3910467311143617
2025-07-23,1.79084224807502,1.3592509415695837,1.4222262833124426,1.4398829170890848
2025-07-24,1.8073562100236056,1.3669832733055114,1.4470216757517715,1.4627908886150847
2025-07-25,1.8116723920853002,1.3741849503982597,1.4325187103627302,1.4498470684394849
2025-07-28,1.8079523535971094,1.3699945710701902,1.4236297960920274,1.4338308191281859
2025-07-29,1.7939859209644415,1.3687204152826185,1.4124016938553503,1.4225094164010328
2025-07-30,1.810840303585717,1.375953622371799,1.4189514201600788,1.4218151485100756
2025-07-31,1.8302432073786408,1.383000825877854,1.4297116848035611,1.4363331617017119
2025-08-01,1.8285451920609386,1.3986052618266716,1.4334543855491204,1.4268828123068191
2025-08-04,1.8191790448489418,1.3986606052759814,1.4166122321941046,1.409084991258808
2025-08-05,1.8474675690812528,1.4023751999044198,1.427372496837587,1.4181373866264755
2025-08-06,1.8679273457737124,1.4063730217957895,1.443278975006213,1.426716963975528
2025-08-07,1.8795953817661077,1.4134653519360925,1.4521678892769156,1.4359599346497451
2025-08-08,1.8850652801369092,1.4129939731341932,1.4690100426319315,1.4625859689306226
2025-08-12,1.9088007765253832,1.4208720387614575,1.4895948967325063,1.4939808941082982
2025-08-13,1.9153311818073233,1.4245669713369054,1.5022265117487683,1.513443346059755
2025-08-14,1.903425942474503,1.420559416255073,1.4863200335801423,1.4915709020059027
2025-08-15,1.9193331226395496,1.4238130614754576,1.5106475884262764,1.5170678288253947
2025-08-18,1.9252564261865623,1.4296416107696657,1.51579380195142,1.5288187432111802
2025-08-19,1.9282116124832258,1.438509327507194,1.5143902891718355,1.5229426029526727
2025-08-20,1.9060513118317346,1.4341329303599408,1.5064370500875224,1.4999395486930822
2025-08-21,1.895177586749771,1.4416007993728817,1.4984838110032093,1.4902038144842957
2025-08-22,1.9033491819709762,1.4465747603082844,1.5064370500875224,1.4910122909460595
2025-08-25,1.9245875167853863,1.4475865211194818,1.5078405628671072,1.4971161652805658
2025-08-26,1.9251753752299627,1.443825355878809,1.492869759884871,1.4826575787974232
2025-08-27,1.9371979933835057,1.447766905542315,1.4914662471052864,1.4870596634590345
2025-08-28,1.9467578558324974,1.4504483926822695,1.501758674155574,1.4978495045246933
2025-08-29,1.9304952213787607,1.44452954623061,1.4952089478508457,1.493991276705644
2025-09-01,1.9111385965074863,1.4410714874850192,1.4881913839529224,1.475466810456531
2025-09-02,1.9149731236093503,1.4417480420005264,1.4989516485964045,1.4797229923028052
2025-09-03,1.9113575888957328,1.4370517411162749,1.4821094952413887,1.4667271225273522
2025-09-04,1.934172532280659,1.4495607467797913,1.49661246063043,1.4891580410279248
2025-09-05,1.953901387830997,1.4569257511756277,1.5111154260194717,1.5044930006949493
2025-09-08,1.9822017903359614,1.4600774813353117,1.526086229001708,1.5263531495677338
2025-09-09,1.9796218173029898,1.4575393912708685,1.5181329899173952,1.5198999554777815
2025-09-10,1.9930557987215807,1.4630517058783328,1.5256183914085133,1.5331331222478413
2025-09-11,1.999956492854101,1.4622496838038757,1.5298289297472674,1.551837644593035
2025-09-12,2.0059462171981806,1.4616316181282214,1.5363786560519959,1.565673685074782
2025-09-16,2.0273309459980853,1.4817277629584575,1.5410570319839447,1.5703652529439764
2025-09-17,2.001177265761139,1.47151408079484,1.5288932545608778,1.5664521066494914
2025-09-18,2.0204540635495607,1.4700693612420717,1.5373143312383857,1.5843950108341016
2025-09-19,2.0290858846956037,1.4665680435695194,1.5279575793744882,1.575385238760802
2025-09-22,2.059410379576118,1.4708490082841452,1.5373143312383857,1.5910479333098428
2025-09-24,2.052159337594845,1.4740927896516351,1.54058919439075,1.5958269335777413
2025-09-25,2.057567291513939,1.4789641014601707,1.5494781086614526,1.6001853020400008
2025-09-26,2.0377698305601193,1.4848578996374426,1.5466710831022834,1.5861981674442438
2025-09-29,2.0354816073104414,1.4815293552035897,1.5368464936451909,1.5753132436449946
2025-09-30,2.023575611638624,1.4703773672854572,1.535910818458801,1.5714270101357353
2025-10-01,1.9920139652185176,1.4431713012770606,1.5181329899173954,1.5580751265618102
2025-10-02,1.9875071568533167,1.43691231897822,1.5139224515786416,1.5715704539148585
2025-10-03,2.0049524691261467,1.4465978106166621,1.5345073056792167,1.600694868988696
2025-10-06,2.0523996130484026,1.4619493708941753,1.5836302529646793,1.6767702089402066
2025-10-07,2.0451306917435645,1.4652722409948882,1.5826945777782895,1.676984145090785
2025-10-08,2.0573560412938696,1.4783313820020567,1.5878407913034331,1.6694338110102236
2025-10-09,2.064401483528367,1.4797170999227476,1.5976653807605259,1.6990018088943597
2025-10-10,2.0369709926142696,1.4584124595582273,1.5672559372028585,1.6818076812367735
2025-10-14,1.9918414202765473,1.4405059110801035,1.5377821688315807,1.6383894351061012
2025-10-15,2.033564183444849,1.45851039506174,1.5635132364572992,1.6672544218594096
2025-10-16,2.0430591000287417,1.45972342669212,1.5695951251688327,1.6884153847688104
2025-10-17,2.024513646490463,1.4558887424822027,1.5550921597797913,1.6640885493475959
2025-10-20,2.060313447279014,1.4675534019361522,1.5906478168626024,1.7201624985775146
2025-10-21,2.048810473681704,1.4646591487228364,1.5943905176081616,1.7247285189866954
2025-10-22,2.0762460342416964,1.4734264157547516,1.6004724063196951,1.7244393090053582
2025-10-23,2.093816179846771,1.4867888107270266,1.5939226800149668,1.7011410337870199
2025-10-24,2.096624518837421,1.4812891461178932,,1.7241546072570793
2025-10-27,2.136639504055721,1.494498233419036,,1.7665653316058136
2025-10-28,2.0823163886328917,1.4660820266876728,1.5774574815987432,1.7563133364053058
2025-10-29,2.0780482045222555,1.4471125002710925,1.5724264487493416,1.794380309895939
2025-10-30,2.1180343718778327,1.4576115730856054,1.581573781202799,1.7950084570353764
2025-10-31,2.148931423913054,1.4586084512847979,1.5971242463736766,1.8329796647268046
2025-11-04,2.140289245610521,1.4707346120988227,1.588434280542892,1.801009461688283
2025-11-05,2.0916675016433266,1.4594017001697268,1.5669380492772669,1.756071667790764
2025-11-06,2.0993193094971914,1.4703931848288432,1.5879769139202191,1.7795528679807655
2025-11-07,2.09130626468782,1.4714204430980233,1.5802016813347803,1.7583134891387775
2025-11-10,2.1370828422260715,1.481294465184763,1.5911784802789293,1.7805349797218302
2025-11-11,2.1287738081527556,1.4796729156610806,1.5920932135242751,1.778127719881894
2025-11-12,2.1490350661267406,1.4924800491270998,1.6108452450538628,1.7858350224407533
2025-11-13,2.165121317923853,1.4914746726850485,1.6231941438660304,1.7934772971530768
2025-11-14,2.1220839633472712,1.4820060506236885,1.6108452450538628,1.7618163862249696
2025-11-17,2.1501590449959553,1.5005563773193793,1.60398474571377,1.7599760708453784
2025-11-18,2.0787671817512865,1.4854450289601304,1.560077549937174,1.703287362562074
2025-11-19,2.0745820469187053,1.481083114312015,1.5573333502011366,1.6975069881027716
2025-11-20,2.1217886042750305,1.4890382583149389,1.5820311478254718,1.74249068400961
2025-11-21,2.1191560128369487,1.5150543105805185,1.5811164145801262,1.7005908927408007
2025-11-25,2.1008020828291425,1.5134000257591935,1.5783722148440888,1.701767404955858
2025-11-26,2.1441062770696893,1.530348390882535,1.609930511808517,1.7332273579800694
2025-11-27,2.156187444261622,1.5320676205867785,1.6149615446579186,1.7544920102498078
2025-11-28,2.172707373413823,1.5433775558877227,1.61999257750732,1.757527963681673
2025-12-01,2.1300267851043837,1.5230015849861267,1.6012405459777321,1.7242816574614452
2025-12-02,2.11132406747382,1.5152138908063646,1.6012405459777321,1.7242875318257331
2025-12-03,2.126269784924081,1.5005023167880702,1.5989537128643678,1.7439154222691122
2025-12-04,2.144680458907698,1.5079650468117944,1.630969376451469,1.7846149306394667
2025-12-05,2.1355972303610615,1.4979768388371577,1.6108452450538624,1.7658501619070412
2025-12-08,2.1543831641820557,1.503596817030335,1.6236515104887028,1.7690001872965901
2025-12-09,2.1465779327573355,1.4958634482454052,1.6227367772433572,1.771558814476782
2025-12-10,2.1436641046882636,1.5036877194214486,1.624566243734049,1.7697297013732747
2025-12-11,2.115961182402737,1.490184381714816,1.6122173449218813,1.7538526608342868
2025-12-12,2.1376260641359894,1.5074109503883837,1.6433182752636368,1.7779046306520763
2025-12-15,2.138762061111104,1.5213619078068428,1.6492640413583843,1.7545272564355354
2025-12-16,2.1090181005150423,1.5135779519137171,1.618163111016629,1.7270797674462115
2025-12-17,2.112027978689357,1.5156852600089397,1.617705744393956,1.7315910059930795
2025-12-18,2.1137985983572345,1.5228388971821722,1.61038787843119,1.7137274740329176
2025-12-19,2.1369591364724143,1.5314295165421965,1.625023610356722,1.7314136821594586
2025-12-22,2.157237771142997,1.5269482422461642,1.6337135761875066,1.7627207650990615
2025-12-23,2.168936204413398,1.5389577612479044,1.6410314421502725,1.7630872981080026
2025-12-24,2.167301739203647,1.5319661248480931,1.6341709428101794,1.7606822240780342
2025-12-25,2.1815969478777313,1.5393548816979743,1.6401167089049267,1.7629095644350126
2025-12-26,2.1808197375523526,1.539968304459561,1.6410314421502723,1.7748913549986252
2025-12-29,2.187602045524286,1.5498973572636872,1.646062474999674,1.767075991459493
2025-12-30,2.1768346028922445,1.5466588782937738,1.6369151425462165,1.7605206107535554
2026-01-05,2.2005792049557726,1.5460136488768774,1.6693881727559907,1.812746441535525
2026-01-06,2.233682431079563,1.564090781590382,1.6986596366070548,1.8367126183120865
2026-01-07,2.23612611566911,1.5648395143502465,1.6849386379268685,1.8172642375122958
2026-01-08,2.216800906191674,1.5613338100074161,1.671675005869355,1.7877219228952792
2026-01-09,2.2266018369194365,1.5681214612863787,1.6876828376629058,1.8164916903018744
2026-01-13,2.257867739845933,1.5716344224602825,1.7265590005901004,1.8727726084130996
2026-01-14,2.2843562731826013,1.5735678446861772,1.7489699651010713,1.9004736513586644
2026-01-15,2.290372591707298,1.5817754698341129,1.7626909637812573,1.8924043240239221
2026-01-16,2.3082763289982977,1.583638962152939,1.75994676404522,1.8863075535718106
2026-01-19,2.308943914225114,1.5907037816425216,1.756287831063837,1.873976033413383
2026-01-20,2.287766492074144,1.5888121778350006,1.7398226326476136,1.8532556478255757
2026-01-21,2.2854761573140006,1.5779514069996257,1.723814800854063,1.84568536822906
2026-01-22,2.312660902220253,1.5877355200415562,1.738450532779595,1.877659396435025
2026-01-23,2.3104683698801205,1.5884572056830353,1.7439389322516692,1.8831844409674876
2026-01-26,2.2787235588437302,1.5760183323047396,1.705520135947148,1.8495537054192093
2026-01-27,2.283901391272826,1.5687518918591563,1.7105511687965493,1.8652317006380232
2026-01-28,2.264884953551546,1.5563569061660782,1.6959154368710174,1.8661120356024716
2026-01-29,2.2588570881892567,1.5513394017479558,1.700946469720419,1.866702750746214
2026-01-30,2.255614954356855,1.5676935568982855,1.712380635287241,1.8648579271335646
2026-02-02,2.2263906093975208,1.5560085806457844,1.698202269984382,1.8415074657022499
2026-02-03,2.260309228611958,1.5709017029184928,1.7521715314597812,1.9137434304456817
2026-02-04,2.2474724584153933,1.5807616329172163,1.7553730978184914,1.8987994575366105
2026-02-05,2.224009264158668,1.5852627983902192,1.7544583645731457,1.8821760995068122
2026-02-06,2.2171290833525314,1.5807276910764865,1.7768693290841164,1.8974117414334344
2026-02-09,2.2271613259925656,1.5923186452387295,1.8171175918793292,1.9712138390186469
2026-02-10,2.2483808854748215,1.6053553159467044,1.8509627219571219,2.016209966719676
2026-02-12,2.268554823488005,1.6249754683253128,1.864683720637308,2.0158357833758482
2026-02-13,2.2312695349258527,1.609991816201341,1.834954890163571,1.9914291658908165
2026-02-16,2.232978673182716,1.6049800062041104,1.820776524860712,1.986688280684228
2026-02-17,2.2173105455837736,1.604937341484013,1.8075128928031987,1.9782975026711267
2026-02-18,2.245789236916344,1.6131242937804022,1.828094390823478,1.9984891954730224
2026-02-19,2.261247825821039,1.6201369149187668,1.8505053553344486,2.009820024505661
2026-02-20,2.246232979934201,1.6062308838469395,1.8299238573141694,1.9873628762854774
2026-02-24,2.271347252699583,1.619406160671302,1.8344975235408982,2.004688152541119
2026-02-25,2.301940431293714,1.6377629419477515,1.8500479887117762,2.048825120311761
2026-02-26,2.332413913209295,1.6421219725116267,1.8651410872599812,2.0547799497291015
2026-02-27,2.3528414473064165,1.6680820672122016,1.8893815182616434,2.058168091791995
2026-03-02,2.3332631855926063,1.6524574571929755,1.8724589532227471,2.0304334420181784
2026-03-03,2.275072168923926,1.6200282261458672,1.810714459161909,1.9682449626301615
2026-03-04,2.1886655443173795,1.578020476375411,1.7462257653650337,1.897127039685154
2026-03-05,2.252457264465213,1.6195417942771468,1.7768693290841162,1.9332373034154215
2026-03-06,2.2511133634763567,1.6218352988772844,1.785101928292228,1.945225378182691
2026-03-09,2.163220160270819,1.587876868587872,1.7169543015139697,1.8440793443553694
2026-03-10,2.2234438545563395,1.6162355666973252,1.759489397422547,1.8972267672649255
2026-03-11,2.244037055930562,1.6287131335363962,1.7759545958387704,1.9244000737164393
2026-03-12,2.2029872893931226,1.6004113327485752,1.7512567982144351,1.9043811965151067
2026-03-13,2.195381513338875,1.5999344537909557,1.7421094657609777,1.882231017982247
2026-03-16,2.1932277302774197,1.6105292293187723,1.733419499930193,1.8798367363889936
2026-03-17,2.1735005805055603,1.6033271578375783,1.742109465760978,1.8780615854690614
2026-03-18,2.220692255295112,1.630419796615185,1.7869313947829197,1.9318852433373421
2026-03-19,2.154359323633357,1.5905980327979774,1.7338768665528663,1.8665953728315554
2026-03-23,2.076734985909099,1.544550559880431,1.673504472360047,1.8016490843300499
2026-03-24,2.1277491134924857,1.5736141725986317,1.7119232686645682,1.8274169149724007
2026-03-25,2.1806262183017218,1.59970146538835,1.7544583645731455,1.879783320657911
2026-03-26,2.1870391932837787,1.5952409005028787,1.7498846983464167,1.8746782248654723
2026-03-27,2.1938845534024893,1.5990696117015235,1.7503420649690893,1.8666142254425262
2026-03-30,2.1569188708690854,1.5837875109638457,1.7215279398252548,1.8146017843586433
2026-03-31,2.1322878554219526,1.578370017421183,1.698659608691611,1.785849366818666
2026-04-01,2.213376975741933,1.624839210597421,1.7800709512737123,1.8794356402599406
2026-04-02,2.1744985907560523,1.6116281320735137,1.7517141648371075,1.8347957995836293
2026-04-03,2.19704620152049,1.6188548345071494,1.768179391168774,1.8578856031763087
2026-04-06,2.2044033216531127,1.6254289781736533,1.7690940406677897,1.8680344554689703
2026-04-07,2.2066929528585053,1.6379616678964568,1.7736677068945186,1.8685897878138622
2026-04-08,2.289565681994701,1.6493893461440834,1.831295929266744,1.969272156701808
2026-04-09,2.2645726620392646,1.6302067754741751,1.8143734479741775,1.9548247724947496
2026-04-10,2.2768973096934033,1.6293984386295648,1.813458658897945,1.9908045706925768
2026-04-13,2.2594504583406994,1.6218943760547715,1.8056833704816198,1.976069069409165
2026-04-14,2.2755664427873525,1.6169465260951537,1.8212339473142707,2.0241436372233044
2026-04-15,2.2616259211790557,1.6169121704659912,1.8276370521162477,2.033126359898255
2026-04-16,2.2792026662222087,1.6246308711014827,1.8495905941736592,2.0815324877618537
2026-04-17,2.271808958530151,1.61961657501211,1.8253502190028834,2.0450752266992303
2026-04-20,2.271414924594258,1.6182235741445972,1.8322107183429763,2.057280516332029
2026-04-21,2.2779278506531764,1.6119630957941085,1.8271796575781316,2.075616183245191
2026-04-22,2.2639226468185036,1.592952532240955,1.8152880974731935,2.0838938455924696
2026-04-23,2.2420686887550367,1.5746702703319957,1.8001950547558754,2.0683088839104014
2026-04-24,2.24113711176432,1.5742311993922757,1.8006524492939913,2.0884515326011486
2026-04-27,2.2340135534048193,1.5716501515913828,1.8107144312464647,2.11717061653912
2026-04-28,2.2408088013464966,1.5798148174649036,1.8294664906914957,2.095490933601785
2026-04-30,2.2096565326900772,1.5623387046498385,1.8024818878692395,2.0733691705985042
2026-05-01,2.214094915359154,1.5621437309307429,1.8047687209826038,2.0813499726295586
2026-05-07,2.2817415455614447,1.570527199218993,1.862396943354829,2.197485334922779
2026-05-08,2.294752462560565,1.5579463011791346,1.8564510935137517,2.193281885741973
2026-05-11,2.286811418518596,1.561315525972095,1.861939548816713,2.1829379499097032
2026-05-12,2.271584275426999,1.5269719725902793,1.8765751969959152,2.194293369304477
2026-05-13,2.2904060655349845,1.5219904578686776,1.9012731062820236,2.212812917481163
2026-05-14,2.2526834515972034,1.5065626258794507,1.8806916082617442,2.191197579324749
2026-05-15,2.240373795091202,1.503835482255037,1.8747457584206668,2.147664578170778
2026-05-18,2.2052147969405747,1.475407904213714,1.856451093513752,2.1269137278565475
2026-05-19,2.1992386684431606,1.4918490100498631,1.8674278645424578,2.117633325186635
2026-05-20,2.1748347578847746,1.4713862600022098,1.8395286122211856,2.0915372132097763
2026-05-21,2.2352112030226703,1.479986115112505,1.869714697655822,2.1572769507295186
2026-05-22,2.2464170006543847,1.475180543819735,1.8861799239874888,2.215154739635194
2026-05-25,2.2715118378199257,1.4645240668132533,1.911792482772613,2.278774787938862
2026-05-26,2.2674377740626848,1.4628045150178128,1.9090482551211323,2.273105616561661
2026-05-27,2.269370028633465,1.4692442758429611,1.9008157117439073,2.2732217377161894
2026-05-28,2.2573445253548394,1.4737343970486438,1.8912109847523337,2.2625099027437487
2026-05-29,2.2643444153327446,1.4838565089132485,1.911335088234497,2.3197389159284176
2026-06-01,2.2372705220393585,1.457532306565153,1.9095056496592488,2.3408915454373167
