rank,code,ticker,company_name,sector,final_exploratory_weighted_score,bm_raw,ep_raw,gross_profitability,gross_profitability_definition_status,gross_profitability_source,gross_profitability_proxy_flag,gross_profitability_proxy_note,piotroski_available_ratio,sloan_accruals,avg_daily_value_60d,distress_exclusion_flag,distress_review_flag,anomaly_flags,anomaly_flag_bool,anomaly_penalty,gp_missing_review_flag,normalization_top1200_count,normalization_core_flag,normalization_robust_flag,normalization_fragile_flag,sector_adjusted_candidate_flag,outlier_sensitive_flag,phase2_review_required,phase2_review_reasons,phase3_review_required,phase3_review_reasons,phase1_top5_flag,top100_flag,top300_flag,top1200_flag,top2000_reference_flag,phase3_priority_flag,phase3_handoff_note
1,7261,7261.T,Mazda Motor Corporation,Transportation Equipment,1.0,2.5609190009374183,0.1628279785698918,0.2279626242047051,original_gross_profit_over_total_assets,direct_xbrl_gross_profit_panel_confirmed,False,Gross Profit / Total Assets was confirmed from direct XBRL gross profit in the point-in-time panel.,0.5,-0.0415734057274953,8166730167.29655,False,False,none,False,0.0,False,4,True,True,False,False,False,False,none,True,top300_priority_due_diligence,False,True,True,True,True,high,Top100 and normalization core. Prioritize Phase3 moat review.
2,7211,7211.T,MITSUBISHI MOTORS CORPORATION,Transportation Equipment,0.9931305702633936,2.08613505000056,0.1085296350500257,0.2371500267107117,original_gross_profit_over_total_assets,direct_xbrl_gross_profit_panel_confirmed,False,Gross Profit / Total Assets was confirmed from direct XBRL gross profit in the point-in-time panel.,0.8333333333333334,-0.0523004660404182,5211658271.408691,False,False,none,False,0.0,False,4,True,True,False,False,False,False,none,True,top300_priority_due_diligence,False,True,True,True,True,high,Top100 and normalization core. Prioritize Phase3 moat review.
3,9533,9533.T,"TOHO GAS CO.,LTD.",Electric Power and Gas,0.9905049928140924,3.7970202710801617,0.2155456004765327,0.2277964850777249,original_gross_profit_over_total_assets,direct_xbrl_gross_profit_panel_confirmed,False,Gross Profit / Total Assets was confirmed from direct XBRL gross profit in the point-in-time panel.,0.6666666666666666,-0.0772013990593917,1168177015.8333333,False,False,none,False,0.0,False,4,True,True,False,False,False,False,none,True,top300_priority_due_diligence,False,True,True,True,True,high,Top100 and normalization core. Prioritize Phase3 moat review.
4,9507,9507.T,"Shikoku Electric Power Company,Incorporated",Electric Power and Gas,0.9898966402528044,1.5210845189509965,0.236369625854869,0.3592865040089916,gross_profit_over_total_assets_derived_from_revenue_minus_cost,derived_revenue_minus_cost_of_sales_panel_confirmed,True,Gross profit was reconstructed as revenue minus cost of sales in the point-in-time panel.,1.0,-0.0284462935638381,1122384626.6666667,False,False,none,False,0.0,False,4,True,True,False,False,False,False,none,True,top300_priority_due_diligence,False,True,True,True,True,high,Top100 and normalization core. Prioritize Phase3 moat review.
5,7419,7419.T,"Nojima Co.,Ltd.",Retail Trade,0.9898935704779284,1.4375356459111268,0.2251948479761692,0.394318782962761,original_gross_profit_over_total_assets,direct_xbrl_gross_profit_panel_confirmed,False,Gross Profit / Total Assets was confirmed from direct XBRL gross profit in the point-in-time panel.,0.8333333333333334,-0.0195499046929336,1256600990.0,False,False,none,False,0.0,False,4,True,True,False,False,False,False,none,True,top300_priority_due_diligence,False,True,True,True,True,high,Top100 and normalization core. Prioritize Phase3 moat review.
6,8012,8012.T,"NAGASE & CO.,LTD.",Wholesale Trade,0.9858411683359852,3.2318551329825733,0.2088792088339837,0.2243303474756324,original_gross_profit_over_total_assets,direct_xbrl_gross_profit_panel_confirmed,False,Gross Profit / Total Assets was confirmed from direct XBRL gross profit in the point-in-time panel.,0.8333333333333334,-0.0125599898530377,1227580922.5,False,False,none,False,0.0,False,4,True,True,False,False,False,False,none,True,top300_priority_due_diligence,False,True,True,True,True,high,Top100 and normalization core. Prioritize Phase3 moat review.
7,2695,2695.T,"Kura Sushi,Inc.",Retail Trade,0.9828227566197852,1.3266371658947702,0.0561211599892185,0.8835641033443901,original_gross_profit_over_total_assets,direct_xbrl_gross_profit_panel_confirmed,False,Gross Profit / Total Assets was confirmed from direct XBRL gross profit in the point-in-time panel.,0.6666666666666666,-0.0719613640590827,922079620.0,False,False,none,False,0.0,False,4,True,True,False,False,False,False,none,True,top300_priority_due_diligence,False,True,True,True,True,high,Top100 and normalization core. Prioritize Phase3 moat review.
8,4022,4022.T,"Rasa Industries,Ltd.",Chemicals,0.9826186177217648,1.7852927535571048,0.2005148190762024,0.2101531480431083,original_gross_profit_over_total_assets,direct_xbrl_gross_profit_panel_confirmed,False,Gross Profit / Total Assets was confirmed from direct XBRL gross profit in the point-in-time panel.,1.0,-0.0423021040139306,2427613683.3333335,False,False,none,False,0.0,False,4,True,True,False,False,False,False,none,True,top300_priority_due_diligence,False,True,True,True,True,high,Top100 and normalization core. Prioritize Phase3 moat review.
9,1333,1333.T,Umios Corporation,"Fishery, Agriculture and Forestry",0.9818830469903836,4.33046990092831,0.4689838080262125,0.2137340706477141,original_gross_profit_over_total_assets,direct_xbrl_gross_profit_panel_confirmed,False,Gross Profit / Total Assets was confirmed from direct XBRL gross profit in the point-in-time panel.,1.0,-0.0138269283642717,835708894.1666666,False,False,none,False,0.0,False,4,True,True,False,False,False,False,none,True,top300_priority_due_diligence,False,True,True,True,True,high,Top100 and normalization core. Prioritize Phase3 moat review.
10,1515,1515.T,"Nittetsu Mining Co.,Ltd.",Mining,0.980881397611317,3.9995725898048793,0.2524422441216311,0.1425228683606809,original_gross_profit_over_total_assets,direct_xbrl_gross_profit_panel_confirmed,False,Gross Profit / Total Assets was confirmed from direct XBRL gross profit in the point-in-time panel.,0.8333333333333334,-0.0345753965888674,2948757588.3333335,False,False,none,False,0.0,False,4,True,True,False,False,False,False,none,True,top300_priority_due_diligence,False,True,True,True,True,high,Top100 and normalization core. Prioritize Phase3 moat review.
11,8111,8111.T,Goldwin Inc.,Textiles and Apparels,0.9776799340054664,1.1742490396118532,0.2530470045879811,0.4568290726883487,original_gross_profit_over_total_assets,direct_xbrl_gross_profit_panel_confirmed,False,Gross Profit / Total Assets was confirmed from direct XBRL gross profit in the point-in-time panel.,0.5,0.0001027911215881,1059624842.5,False,False,none,False,0.0,False,4,True,True,False,False,False,False,none,True,top300_priority_due_diligence,False,True,True,True,True,high,Top100 and normalization core. Prioritize Phase3 moat review.
12,9684,9684.T,"SQUARE ENIX HOLDINGS CO.,LTD.",Information & Communication,0.9776603468283108,1.1419701429032374,0.0812038123146788,0.3908712995001922,original_gross_profit_over_total_assets,direct_xbrl_gross_profit_panel_confirmed,False,Gross Profit / Total Assets was confirmed from direct XBRL gross profit in the point-in-time panel.,0.6666666666666666,-0.0443535710658302,3615485590.8333335,False,False,none,False,0.0,False,4,True,True,False,False,False,False,none,True,top300_priority_due_diligence,False,True,True,True,True,high,Top100 and normalization core. Prioritize Phase3 moat review.
13,6745,6745.T,HOCHIKI CORPORATION,Electric Appliances,0.9767186795769388,1.2254997659566285,0.1588247366139235,0.4143996430762366,original_gross_profit_over_total_assets,direct_xbrl_gross_profit_panel_confirmed,False,Gross Profit / Total Assets was confirmed from direct XBRL gross profit in the point-in-time panel.,1.0,-0.047870637207813,705398966.8503824,False,False,none,False,0.0,False,4,True,True,False,False,False,False,none,True,top300_priority_due_diligence,False,True,True,True,True,high,Top100 and normalization core. Prioritize Phase3 moat review.
14,9831,9831.T,"YAMADA HOLDINGS CO.,LTD.",Retail Trade,0.97563391443188,1.5315686074520405,0.0651268234781706,0.3451825687934912,original_gross_profit_over_total_assets,direct_xbrl_gross_profit_panel_confirmed,False,Gross Profit / Total Assets was confirmed from direct XBRL gross profit in the point-in-time panel.,0.6666666666666666,-0.0184600152870686,2204535293.9248657,False,False,none,False,0.0,False,4,True,True,False,False,False,False,none,True,top300_priority_due_diligence,False,True,True,True,True,high,Top100 and normalization core. Prioritize Phase3 moat review.
15,8273,8273.T,"IZUMI CO.,LTD.",Retail Trade,0.973295317931272,1.6419362978602792,0.0911828402044191,0.333054301827232,original_gross_profit_over_total_assets,direct_xbrl_gross_profit_panel_confirmed,False,Gross Profit / Total Assets was confirmed from direct XBRL gross profit in the point-in-time panel.,0.8333333333333334,-0.0726251207189295,647097245.0,False,False,none,False,0.0,False,4,True,True,False,False,False,False,none,True,top300_priority_due_diligence,False,True,True,True,True,high,Top100 and normalization core. Prioritize Phase3 moat review.
16,5021,5021.T,"COSMO ENERGY HOLDINGS COMPANY,LIMITED",Oil and Coal Products,0.9721323301961704,2.317108126436069,0.2652364451583565,0.1422708377287449,original_gross_profit_over_total_assets,direct_xbrl_gross_profit_panel_confirmed,False,Gross Profit / Total Assets was confirmed from direct XBRL gross profit in the point-in-time panel.,0.6666666666666666,-0.0256991626735388,3314935555.0,False,False,none,False,0.0,False,4,True,True,False,False,False,False,none,True,top300_priority_due_diligence,False,True,True,True,True,high,Top100 and normalization core. Prioritize Phase3 moat review.
17,1909,1909.T,"Nippon Dry-Chemical CO.,LTD.",Machinery,0.9706087518853452,1.2144395139194808,0.1672963333050793,0.2908272956083912,original_gross_profit_over_total_assets,direct_xbrl_gross_profit_panel_confirmed,False,Gross Profit / Total Assets was confirmed from direct XBRL gross profit in the point-in-time panel.,1.0,-0.0902868256360876,1098486153.3333333,False,False,none,False,0.0,False,4,True,True,False,False,False,False,none,True,top300_priority_due_diligence,False,True,True,True,True,high,Top100 and normalization core. Prioritize Phase3 moat review.
18,6454,6454.T,"MAX CO.,LTD.",Machinery,0.9700994129050016,1.4066745456714502,0.148993358945584,0.3522963462294661,original_gross_profit_over_total_assets,direct_xbrl_gross_profit_panel_confirmed,False,Gross Profit / Total Assets was confirmed from direct XBRL gross profit in the point-in-time panel.,1.0,-0.0272563411386444,539091076.6666666,False,False,none,False,0.0,False,4,True,True,False,False,False,False,none,True,top300_priority_due_diligence,False,True,True,True,True,high,Top100 and normalization core. Prioritize Phase3 moat review.
19,8060,8060.T,Canon Marketing Japan Inc.,Wholesale Trade,0.9691231173106468,1.075431531498073,0.1079657226303506,0.3856927214550711,original_gross_profit_over_total_assets,direct_xbrl_gross_profit_panel_confirmed,False,Gross Profit / Total Assets was confirmed from direct XBRL gross profit in the point-in-time panel.,0.6666666666666666,-0.0080219133401957,1918739823.3333333,False,False,none,False,0.0,False,4,True,True,False,False,False,False,none,True,top300_priority_due_diligence,False,True,True,True,True,high,Top100 and normalization core. Prioritize Phase3 moat review.
20,1911,1911.T,"Sumitomo Forestry Co.,Ltd.",Construction,0.967053585110056,1.4410784809889408,0.1753426707695453,0.2039807436299393,original_gross_profit_over_total_assets,direct_xbrl_gross_profit_panel_confirmed,False,Gross Profit / Total Assets was confirmed from direct XBRL gross profit in the point-in-time panel.,0.3333333333333333,0.0180598200763061,5753079290.0,False,False,none,False,0.0,False,4,True,True,False,False,False,False,none,True,top300_priority_due_diligence,False,True,True,True,True,high,Top100 and normalization core. Prioritize Phase3 moat review.
21,3028,3028.T,"Alpen Co.,Ltd.",Retail Trade,0.9657243682170388,1.5595882417716584,0.0726740158227618,0.5223581973581973,original_gross_profit_over_total_assets,direct_xbrl_gross_profit_panel_confirmed,False,Gross Profit / Total Assets was confirmed from direct XBRL gross profit in the point-in-time panel.,1.0,-0.016846328138027,375134426.6666667,False,False,none,False,0.0,False,4,True,True,False,False,False,False,none,True,top300_priority_due_diligence,False,True,True,True,True,high,Top100 and normalization core. Prioritize Phase3 moat review.
22,2602,2602.T,"The Nisshin OilliO Group,Ltd.",Foods,0.965679975275605,3.5048336109921365,0.2500798555060067,0.1922214853770505,original_gross_profit_over_total_assets,direct_xbrl_gross_profit_panel_confirmed,False,Gross Profit / Total Assets was confirmed from direct XBRL gross profit in the point-in-time panel.,0.8333333333333334,-0.0179748168521576,538747864.448649,False,False,none,False,0.0,False,4,True,True,False,False,False,False,none,True,top300_priority_due_diligence,False,True,True,True,True,high,Top100 and normalization core. Prioritize Phase3 moat review.
23,2791,2791.T,"DAIKOKUTENBUSSAN CO.,LTD.",Retail Trade,0.9655851424854276,1.086035287183094,0.1205480672168055,0.5903885638686288,original_gross_profit_over_total_assets,direct_xbrl_gross_profit_panel_confirmed,False,Gross Profit / Total Assets was confirmed from direct XBRL gross profit in the point-in-time panel.,0.5,-0.0422187492922017,485456225.0,False,False,none,False,0.0,False,4,True,True,False,False,False,False,none,True,top300_priority_due_diligence,False,True,True,True,True,high,Top100 and normalization core. Prioritize Phase3 moat review.
24,9682,9682.T,DTS CORPORATION,Information & Communication,0.9651273563958188,1.4552379798967203,0.2616260111808794,0.3529177603343824,original_gross_profit_over_total_assets,direct_xbrl_gross_profit_panel_confirmed,False,Gross Profit / Total Assets was confirmed from direct XBRL gross profit in the point-in-time panel.,0.6666666666666666,0.0180070067586782,481370001.6666667,False,False,none,False,0.0,False,4,True,True,False,False,False,False,none,True,top300_priority_due_diligence,False,True,True,True,True,high,Top100 and normalization core. Prioritize Phase3 moat review.
25,5105,5105.T,Toyo Tire Corporation,Rubber Products,0.9648001739384976,0.9225291248042264,0.1122830903998516,0.3117353116105187,original_gross_profit_over_total_assets,direct_xbrl_gross_profit_panel_confirmed,False,Gross Profit / Total Assets was confirmed from direct XBRL gross profit in the point-in-time panel.,0.8333333333333334,-0.0399020539137104,3965561160.0,False,False,none,False,0.0,False,4,True,True,False,False,False,False,none,True,top300_priority_due_diligence,False,True,True,True,True,high,Top100 and normalization core. Prioritize Phase3 moat review.
26,9997,9997.T,"BELLUNA CO.,LTD.",Retail Trade,0.9643022753963326,1.5811978557981228,0.0985513911789237,0.4136535002656323,original_gross_profit_over_total_assets,direct_xbrl_gross_profit_panel_confirmed,False,Gross Profit / Total Assets was confirmed from direct XBRL gross profit in the point-in-time panel.,0.8333333333333334,-0.0028051726078156,389976626.6666667,False,False,none,False,0.0,False,4,True,True,False,False,False,False,none,True,top300_priority_due_diligence,False,True,True,True,True,high,Top100 and normalization core. Prioritize Phase3 moat review.
27,5406,5406.T,"Kobe Steel,Ltd.",Iron and Steel,0.9631605648962672,1.5960241103581545,0.1558519977682185,0.1463888763021639,original_gross_profit_over_total_assets,direct_xbrl_gross_profit_panel_confirmed,False,Gross Profit / Total Assets was confirmed from direct XBRL gross profit in the point-in-time panel.,1.0,-0.0094520108755603,4657884126.666667,False,False,none,False,0.0,False,4,True,True,False,False,False,False,none,True,top300_priority_due_diligence,False,True,True,True,True,high,Top100 and normalization core. Prioritize Phase3 moat review.
28,8276,8276.T,"HEIWADO CO.,LTD.",Retail Trade,0.962786844831248,1.6011494901321344,0.0771611023118606,0.4902917640247307,original_gross_profit_over_total_assets,direct_xbrl_gross_profit_panel_confirmed,False,Gross Profit / Total Assets was confirmed from direct XBRL gross profit in the point-in-time panel.,0.8333333333333334,-0.0244148751862063,328742838.3333333,False,False,none,False,0.0,False,4,True,True,False,False,False,False,none,True,top300_priority_due_diligence,False,True,True,True,True,high,Top100 and normalization core. Prioritize Phase3 moat review.
29,1414,1414.T,"SHO-BOND Holdings Co.,Ltd.",Construction,0.9623996869718898,1.667313357860232,0.2360272058306353,0.2052030505981185,original_gross_profit_over_total_assets,direct_xbrl_gross_profit_panel_confirmed,False,Gross Profit / Total Assets was confirmed from direct XBRL gross profit in the point-in-time panel.,0.8333333333333334,0.0431013204985807,1236836335.0,False,False,none,False,0.0,False,4,True,True,False,False,False,False,none,True,top300_priority_due_diligence,False,True,True,True,True,high,Top100 and normalization core. Prioritize Phase3 moat review.
30,3382,3382.T,"Seven & i Holdings Co.,Ltd.",Retail Trade,0.9617092086890396,0.8604768900717785,0.0705447196568325,0.3423436203407716,original_gross_profit_over_total_assets,direct_xbrl_gross_profit_panel_confirmed,False,Gross Profit / Total Assets was confirmed from direct XBRL gross profit in the point-in-time panel.,1.0,-0.0358170180935637,14576106490.833334,False,False,none,False,0.0,False,4,True,True,False,False,False,False,none,True,top300_priority_due_diligence,False,True,True,True,True,high,Top100 and normalization core. Prioritize Phase3 moat review.
31,3863,3863.T,"Nippon Paper Industries Co.,Ltd.",Pulp and Paper,0.9615501648673708,3.606671276476924,0.134407125336515,0.1121711399230203,original_gross_profit_over_total_assets,direct_xbrl_gross_profit_panel_confirmed,False,Gross Profit / Total Assets was confirmed from direct XBRL gross profit in the point-in-time panel.,0.8333333333333334,-0.0313100423839725,1578237018.3333333,False,False,none,False,0.0,False,4,True,True,False,False,False,False,none,True,top300_priority_due_diligence,False,True,True,True,True,high,Top100 and normalization core. Prioritize Phase3 moat review.
32,4204,4204.T,"Sekisui Chemical Co.,Ltd.",Chemicals,0.9615015256342816,0.8996711203175161,0.0905803435205945,0.3118542980560914,original_gross_profit_over_total_assets,direct_xbrl_gross_profit_panel_confirmed,False,Gross Profit / Total Assets was confirmed from direct XBRL gross profit in the point-in-time panel.,0.8333333333333334,-0.026291472692984,7323462598.333333,False,False,none,False,0.0,False,4,True,True,False,False,False,False,none,True,top300_priority_due_diligence,False,True,True,True,True,high,Top100 and normalization core. Prioritize Phase3 moat review.
33,8278,8278.T,"FUJI CO.,LTD.",Retail Trade,0.9602509221678523,1.3580434047819971,0.0976097245789434,0.6015240407310001,original_gross_profit_over_total_assets,direct_xbrl_gross_profit_panel_confirmed,False,Gross Profit / Total Assets was confirmed from direct XBRL gross profit in the point-in-time panel.,0.8333333333333334,-0.0517714202800415,256673550.0,False,False,none,False,0.0,False,4,True,True,False,False,False,False,none,True,top300_priority_due_diligence,False,True,True,True,True,high,Top100 and normalization core. Prioritize Phase3 moat review.
34,1723,1723.T,"NIHON DENGI CO.,LTD.",Construction,0.9601875907509162,1.107349189413224,0.1796200925824799,0.3527587641341754,original_gross_profit_over_total_assets,direct_xbrl_gross_profit_panel_confirmed,False,Gross Profit / Total Assets was confirmed from direct XBRL gross profit in the point-in-time panel.,0.6666666666666666,-0.0348003680224857,641578548.3333334,False,False,none,False,0.0,False,4,True,True,False,False,True,True,outlier_sensitive,True,outlier_sensitive;phase3_due_diligence,False,True,True,True,True,high,Top100 and normalization core. Prioritize Phase3 moat review.
35,2121,2121.T,"MIXI,Inc.",Information & Communication,0.9596757617725497,0.9856274396574592,0.0959086110788211,0.4701654666051857,original_gross_profit_over_total_assets,direct_xbrl_gross_profit_panel_confirmed,False,Gross Profit / Total Assets was confirmed from direct XBRL gross profit in the point-in-time panel.,0.6666666666666666,-0.0454207343272824,757822020.0,False,False,none,False,0.0,False,4,True,True,False,False,False,False,none,True,top300_priority_due_diligence,False,True,True,True,True,high,Top100 and normalization core. Prioritize Phase3 moat review.
36,1662,1662.T,"Japan Petroleum Exploration Co.,Ltd.",Mining,0.9595032580197608,1.2417513764926127,0.1846125181732306,0.1454772461186799,original_gross_profit_over_total_assets,direct_xbrl_gross_profit_panel_confirmed,False,Gross Profit / Total Assets was confirmed from direct XBRL gross profit in the point-in-time panel.,1.0,-0.0713848372396512,7950185018.333333,False,False,none,False,0.0,False,4,True,True,False,False,False,False,none,True,top300_priority_due_diligence,False,True,True,True,True,high,Top100 and normalization core. Prioritize Phase3 moat review.
37,9956,9956.T,"VALOR HOLDINGS CO.,LTD.",Retail Trade,0.958622405725816,1.0884954397508355,0.0859772645970291,0.5220467880436152,original_gross_profit_over_total_assets,direct_xbrl_gross_profit_panel_confirmed,False,Gross Profit / Total Assets was confirmed from direct XBRL gross profit in the point-in-time panel.,0.8333333333333334,-0.0493334452688928,485283200.0,False,False,none,False,0.0,False,4,True,True,False,False,False,False,none,True,top300_priority_due_diligence,False,True,True,True,True,high,Top100 and normalization core. Prioritize Phase3 moat review.
38,7516,7516.T,"KOHNAN SHOJI CO.,LTD.",Retail Trade,0.9586032918939504,1.4728443132235791,0.1041036239546465,0.4026422711883881,original_gross_profit_over_total_assets,direct_xbrl_gross_profit_panel_confirmed,False,Gross Profit / Total Assets was confirmed from direct XBRL gross profit in the point-in-time panel.,0.5,-0.0217564766786711,381394408.3333333,False,False,none,False,0.0,False,4,True,True,False,False,False,False,none,True,top300_priority_due_diligence,False,True,True,True,True,high,Top100 and normalization core. Prioritize Phase3 moat review.
39,4922,4922.T,KOSE Holdings Corporation,Chemicals,0.9581383359160324,0.9974081025416932,0.0526579275093127,0.5794171618537364,original_gross_profit_over_total_assets,direct_xbrl_gross_profit_panel_confirmed,False,Gross Profit / Total Assets was confirmed from direct XBRL gross profit in the point-in-time panel.,0.6666666666666666,0.0127560119756623,1676975191.6666667,False,False,none,False,0.0,False,4,True,True,False,False,False,False,none,True,top300_priority_due_diligence,False,True,True,True,True,high,Top100 and normalization core. Prioritize Phase3 moat review.
40,2212,2212.T,"YAMAZAKI BAKING CO.,LTD.",Foods,0.9576135902476718,0.8400760054843739,0.0714683279819037,0.4531366515798815,original_gross_profit_over_total_assets,direct_xbrl_gross_profit_panel_confirmed,False,Gross Profit / Total Assets was confirmed from direct XBRL gross profit in the point-in-time panel.,0.8333333333333334,-0.0388169447605016,2279715938.3333335,False,False,none,False,0.0,False,4,True,True,False,False,False,False,none,True,top300_priority_due_diligence,False,True,True,True,True,high,Top100 and normalization core. Prioritize Phase3 moat review.
41,3608,3608.T,"TSI HOLDINGS CO.,LTD.",Textiles and Apparels,0.957038447109566,1.4477643062725285,0.0552891132156512,0.5250051663566853,original_gross_profit_over_total_assets,direct_xbrl_gross_profit_panel_confirmed,False,Gross Profit / Total Assets was confirmed from direct XBRL gross profit in the point-in-time panel.,0.1666666666666666,0.072995246747399,596071966.6666666,False,False,none,False,0.0,False,4,True,True,False,False,False,False,none,True,top300_priority_due_diligence,False,True,True,True,True,high,Top100 and normalization core. Prioritize Phase3 moat review.
42,6457,6457.T,GLORY LTD.,Machinery,0.9562915584328152,1.0275330080484286,0.1061018465274201,0.353628963783949,original_gross_profit_over_total_assets,direct_xbrl_gross_profit_panel_confirmed,False,Gross Profit / Total Assets was confirmed from direct XBRL gross profit in the point-in-time panel.,0.8333333333333334,-0.0470460325268204,805967148.3333334,False,False,none,False,0.0,False,4,True,True,False,False,True,True,outlier_sensitive,True,outlier_sensitive;phase3_due_diligence,False,True,True,True,True,high,Top100 and normalization core. Prioritize Phase3 moat review.
43,3405,3405.T,"KURARAY CO.,LTD.",Chemicals,0.9561473100492096,1.5276641889637002,0.0774720501138713,0.1891107938483066,original_gross_profit_over_total_assets,direct_xbrl_gross_profit_panel_confirmed,False,Gross Profit / Total Assets was confirmed from direct XBRL gross profit in the point-in-time panel.,0.5,-0.0464738593212676,2948053131.6666665,False,False,none,False,0.0,False,4,True,True,False,False,False,False,none,True,top300_priority_due_diligence,False,True,True,True,True,high,Top100 and normalization core. Prioritize Phase3 moat review.
44,2220,2220.T,"KAMEDA SEIKA CO.,LTD.",Foods,0.9559889343086112,3.1319405674705356,0.2334626960239987,0.2265747364001873,original_gross_profit_over_total_assets,direct_xbrl_gross_profit_panel_confirmed,False,Gross Profit / Total Assets was confirmed from direct XBRL gross profit in the point-in-time panel.,1.0,-0.0291359075507832,259911348.64074707,False,False,none,False,0.0,False,4,True,True,False,False,False,False,none,True,top300_priority_due_diligence,False,True,True,True,True,high,Top100 and normalization core. Prioritize Phase3 moat review.
45,2918,2918.T,"WARABEYA NICHIYO HOLDINGS CO.,LTD.",Foods,0.9548306099288242,1.3484299567485671,0.1218190170322336,0.3336243215546362,original_gross_profit_over_total_assets,direct_xbrl_gross_profit_panel_confirmed,False,Gross Profit / Total Assets was confirmed from direct XBRL gross profit in the point-in-time panel.,0.6666666666666666,-0.0898206673817279,376477828.3333333,False,False,none,False,0.0,False,4,True,True,False,False,True,True,outlier_sensitive,True,outlier_sensitive;phase3_due_diligence,False,True,True,True,True,high,Top100 and normalization core. Prioritize Phase3 moat review.
46,3539,3539.T,"JM HOLDINGS CO.,LTD.",Retail Trade,0.9545126937979272,1.4261053094504172,0.2040707732159516,0.7348633819666947,original_gross_profit_over_total_assets,direct_xbrl_gross_profit_panel_confirmed,False,Gross Profit / Total Assets was confirmed from direct XBRL gross profit in the point-in-time panel.,1.0,-0.0021099389228206,144716800.0,False,False,none,False,0.0,False,4,True,True,False,False,False,False,none,True,top300_priority_due_diligence,True,True,True,True,True,high,Top100 and normalization core. Prioritize Phase3 moat review.
47,8016,8016.T,"ONWARD HOLDINGS CO.,LTD.",Textiles and Apparels,0.9540323345534888,0.9797284524528492,0.1023618080472307,0.6839284864947707,original_gross_profit_over_total_assets,direct_xbrl_gross_profit_panel_confirmed,False,Gross Profit / Total Assets was confirmed from direct XBRL gross profit in the point-in-time panel.,0.6666666666666666,0.0100151720356854,464536056.6666667,False,False,none,False,0.0,False,4,True,True,False,False,False,False,none,True,top300_priority_due_diligence,False,True,True,True,True,high,Top100 and normalization core. Prioritize Phase3 moat review.
48,9101,9101.T,Nippon Yusen Kabushiki Kaisha,Marine Transportation,0.9539927668401804,1.395165378282858,0.2286358618174065,0.0978776267942344,original_gross_profit_over_total_assets,direct_xbrl_gross_profit_panel_confirmed,False,Gross Profit / Total Assets was confirmed from direct XBRL gross profit in the point-in-time panel.,1.0,-0.0050799515583391,23408384221.666668,False,False,none,False,0.0,False,4,True,True,False,False,False,False,none,True,top300_priority_due_diligence,False,True,True,True,True,high,Top100 and normalization core. Prioritize Phase3 moat review.
49,6196,6196.T,"Strike Group Co.,Ltd.",Services,0.9530167069791876,0.8967935860863916,0.1971107645037531,0.4813003805533472,original_gross_profit_over_total_assets,direct_xbrl_gross_profit_panel_confirmed,False,Gross Profit / Total Assets was confirmed from direct XBRL gross profit in the point-in-time panel.,0.6666666666666666,0.0367764413569139,648150802.1563721,False,False,none,False,0.0,False,4,True,True,False,False,False,False,none,True,top300_priority_due_diligence,False,True,True,True,True,high,Top100 and normalization core. Prioritize Phase3 moat review.
50,4118,4118.T,KANEKA CORPORATION,Chemicals,0.9529226958361652,1.4091805817343177,0.0767092364295211,0.2452271005702374,original_gross_profit_over_total_assets,direct_xbrl_gross_profit_panel_confirmed,False,Gross Profit / Total Assets was confirmed from direct XBRL gross profit in the point-in-time panel.,0.8333333333333334,-0.0161387618496515,1211886806.6666667,False,False,none,False,0.0,False,4,True,True,False,False,True,True,outlier_sensitive,True,outlier_sensitive;phase3_due_diligence,False,True,True,True,True,high,Top100 and normalization core. Prioritize Phase3 moat review.
51,6648,6648.T,KAWADEN CORPORATION,Electric Appliances,0.9527293395438796,3.203906598028923,0.3544637115342725,0.3153164610373536,original_gross_profit_over_total_assets,direct_xbrl_gross_profit_panel_confirmed,False,Gross Profit / Total Assets was confirmed from direct XBRL gross profit in the point-in-time panel.,0.6666666666666666,0.0177810487014362,162615866.66666666,False,False,none,False,0.0,False,4,True,True,False,False,False,False,none,True,top300_priority_due_diligence,False,True,True,True,True,high,Top100 and normalization core. Prioritize Phase3 moat review.
52,2730,2730.T,EDION Corporation,Retail Trade,0.9525879265963668,0.9167135613737252,0.0580187103903182,0.5125359335832395,original_gross_profit_over_total_assets,direct_xbrl_gross_profit_panel_confirmed,False,Gross Profit / Total Assets was confirmed from direct XBRL gross profit in the point-in-time panel.,1.0,-0.0380347226389574,1040772180.0,False,False,none,False,0.0,False,4,True,True,False,False,False,False,none,True,top300_priority_due_diligence,False,True,True,True,True,high,Top100 and normalization core. Prioritize Phase3 moat review.
53,1861,1861.T,"Kumagai Gumi Co.,Ltd.",Construction,0.951732878671953,3.0457050432770667,0.1566830647191244,0.0828373326876136,phase2_snapshot_metric_source_unverified,phase2_snapshot_metric_source_unverified,True,"Phase2 snapshot contains a gross_profitability value, but direct historical XBRL source was not confirmed for this row.",0.8333333333333334,0.0024113620108306,1539420790.0,False,False,none,False,0.0,False,4,True,True,False,False,False,False,none,True,top300_priority_due_diligence,False,True,True,True,True,high,Top100 and normalization core. Prioritize Phase3 moat review.
54,4202,4202.T,Daicel Corporation,Chemicals,0.9510326750863116,1.091370244153981,0.1709877500246632,0.2024326917996488,original_gross_profit_over_total_assets,direct_xbrl_gross_profit_panel_confirmed,False,Gross Profit / Total Assets was confirmed from direct XBRL gross profit in the point-in-time panel.,0.8333333333333334,-0.0419213551119177,1938201755.0,False,False,none,False,0.0,False,4,True,True,False,False,False,False,none,True,top300_priority_due_diligence,False,True,True,True,True,high,Top100 and normalization core. Prioritize Phase3 moat review.
55,5233,5233.T,TAIHEIYO CEMENT CORPORATION,Glass and Ceramics Products,0.9505336024977123,1.362145359284772,0.1184849123389437,0.1512270492094485,original_gross_profit_over_total_assets,direct_xbrl_gross_profit_panel_confirmed,False,Gross Profit / Total Assets was confirmed from direct XBRL gross profit in the point-in-time panel.,0.8333333333333334,-0.0424618711635711,2753052776.6666665,False,False,none,False,0.0,False,4,True,True,False,False,False,False,none,True,top300_priority_due_diligence,False,True,True,True,True,high,Top100 and normalization core. Prioritize Phase3 moat review.
56,6440,6440.T,JUKI CORPORATION,Machinery,0.9500116241923288,1.971059522355152,0.2498271362045276,0.2170423072457999,original_gross_profit_over_total_assets,direct_xbrl_gross_profit_panel_confirmed,False,Gross Profit / Total Assets was confirmed from direct XBRL gross profit in the point-in-time panel.,1.0,-0.0575998904163797,282656406.6666667,False,False,none,False,0.0,False,4,True,True,False,False,False,False,none,True,top300_priority_due_diligence,False,True,True,True,True,high,Top100 and normalization core. Prioritize Phase3 moat review.
57,1961,1961.T,"SANKI ENGINEERING CO.,LTD.",Construction,0.9498103758146608,0.9293605209957886,0.1502894251051941,0.2364829540079367,original_gross_profit_over_total_assets,direct_xbrl_gross_profit_panel_confirmed,False,Gross Profit / Total Assets was confirmed from direct XBRL gross profit in the point-in-time panel.,1.0,-0.0621439205955334,1726008034.3977864,False,False,none,False,0.0,False,4,True,True,False,False,False,False,none,True,top300_priority_due_diligence,False,True,True,True,True,high,Top100 and normalization core. Prioritize Phase3 moat review.
58,6417,6417.T,"SANKYO CO.,LTD.",Machinery,0.9497140415944114,0.8237260682202047,0.1675610369474735,0.333605576328521,original_gross_profit_over_total_assets,direct_xbrl_gross_profit_panel_confirmed,False,Gross Profit / Total Assets was confirmed from direct XBRL gross profit in the point-in-time panel.,0.3333333333333333,0.0035049329864446,2076866637.5,False,False,none,False,0.0,False,4,True,True,False,False,False,False,none,True,top300_priority_due_diligence,False,True,True,True,True,high,Top100 and normalization core. Prioritize Phase3 moat review.
59,7917,7917.T,ZACROS Corporation,Chemicals,0.949674956324162,4.338036065132955,0.3208238202199227,0.2256603822616062,original_gross_profit_over_total_assets,direct_xbrl_gross_profit_panel_confirmed,False,Gross Profit / Total Assets was confirmed from direct XBRL gross profit in the point-in-time panel.,0.6666666666666666,0.0058117900177939,238887251.66666663,False,False,none,False,0.0,False,4,True,True,False,False,False,False,none,True,top300_priority_due_diligence,False,True,True,True,True,high,Top100 and normalization core. Prioritize Phase3 moat review.
60,5393,5393.T,NICHIAS CORPORATION,Glass and Ceramics Products,0.9493374582170688,0.955548083392607,0.1420911664336826,0.2448519948519948,original_gross_profit_over_total_assets,direct_xbrl_gross_profit_panel_confirmed,False,Gross Profit / Total Assets was confirmed from direct XBRL gross profit in the point-in-time panel.,0.8333333333333334,0.0032354199147339,2331036960.592448,False,False,none,False,0.0,False,4,True,True,False,False,False,False,none,True,top300_priority_due_diligence,False,True,True,True,True,high,Top100 and normalization core. Prioritize Phase3 moat review.
61,7649,7649.T,"SUGI HOLDINGS Co.,LTD.",Retail Trade,0.9492256074209257,0.5816520826533422,0.090073032291746,0.5227154743829466,original_gross_profit_over_total_assets,direct_xbrl_gross_profit_panel_confirmed,False,Gross Profit / Total Assets was confirmed from direct XBRL gross profit in the point-in-time panel.,0.6666666666666666,-0.0753364473431632,2393207116.6666665,False,False,none,False,0.0,False,4,True,True,False,False,False,False,none,True,top300_priority_due_diligence,False,True,True,True,True,high,Top100 and normalization core. Prioritize Phase3 moat review.
62,7552,7552.T,HAPPINET CORPORATION,Wholesale Trade,0.9484991509331058,0.884905661906876,0.1159380280562716,0.3699239205612094,original_gross_profit_over_total_assets,direct_xbrl_gross_profit_panel_confirmed,False,Gross Profit / Total Assets was confirmed from direct XBRL gross profit in the point-in-time panel.,0.8333333333333334,-0.0921968603507517,648253933.3333334,False,False,none,False,0.0,False,4,True,True,False,False,True,True,outlier_sensitive,True,outlier_sensitive;phase3_due_diligence,False,True,True,True,True,high,Top100 and normalization core. Prioritize Phase3 moat review.
63,4318,4318.T,"QUICK CO.,LTD.",Services,0.948122795853516,1.2985904460495588,0.2608370162332741,0.850938253822331,original_gross_profit_over_total_assets,direct_xbrl_gross_profit_panel_confirmed,False,Gross Profit / Total Assets was confirmed from direct XBRL gross profit in the point-in-time panel.,0.5,-0.0243737245929763,132203401.66666669,False,False,none,False,0.0,False,4,True,True,False,False,False,False,none,True,top300_priority_due_diligence,False,True,True,True,True,high,Top100 and normalization core. Prioritize Phase3 moat review.
64,2664,2664.T,CAWACHI LIMITED,Retail Trade,0.948035200011343,1.5593440148400604,0.0681486779389143,0.3342518324056492,original_gross_profit_over_total_assets,direct_xbrl_gross_profit_panel_confirmed,False,Gross Profit / Total Assets was confirmed from direct XBRL gross profit in the point-in-time panel.,0.8333333333333334,-0.0123471141210957,400199793.3333333,False,False,none,False,0.0,False,4,True,True,False,False,False,False,none,True,top300_priority_due_diligence,False,True,True,True,True,high,Top100 and normalization core. Prioritize Phase3 moat review.
65,8194,8194.T,LIFE CORPORATION,Retail Trade,0.9479996502868931,0.740864547895805,0.0896559756740959,0.852329436696746,original_gross_profit_over_total_assets,direct_xbrl_gross_profit_panel_confirmed,False,Gross Profit / Total Assets was confirmed from direct XBRL gross profit in the point-in-time panel.,0.6666666666666666,-0.1642203039499328,477797628.3333333,False,False,none,False,0.0,False,4,True,True,False,False,False,False,none,True,top300_priority_due_diligence,False,True,True,True,True,high,Top100 and normalization core. Prioritize Phase3 moat review.
66,6369,6369.T,TOYO KANETSU K.K.,Machinery,0.9475302954476614,2.2203929521027295,0.2077213586998878,0.1963491310279376,original_gross_profit_over_total_assets,direct_xbrl_gross_profit_panel_confirmed,False,Gross Profit / Total Assets was confirmed from direct XBRL gross profit in the point-in-time panel.,1.0,-0.0245331678083457,329005731.6666667,False,False,none,False,0.0,False,4,True,True,False,False,False,False,none,True,top300_priority_due_diligence,False,True,True,True,True,high,Top100 and normalization core. Prioritize Phase3 moat review.
67,8218,8218.T,"KOMERI CO.,LTD.",Retail Trade,0.947410814930544,1.5069430685806602,0.0839318272376056,0.3366799341024825,original_gross_profit_over_total_assets,direct_xbrl_gross_profit_panel_confirmed,False,Gross Profit / Total Assets was confirmed from direct XBRL gross profit in the point-in-time panel.,0.6666666666666666,-0.024755369237089,345641491.6666667,False,False,none,False,0.0,False,4,True,True,False,False,True,True,outlier_sensitive,True,outlier_sensitive;phase3_due_diligence,False,True,True,True,True,high,Top100 and normalization core. Prioritize Phase3 moat review.
68,9104,9104.T,"Mitsui O.S.K.Lines,Ltd.",Marine Transportation,0.947350533257788,1.4728756301975552,0.2305752586651844,0.0568779194103095,original_gross_profit_over_total_assets,direct_xbrl_gross_profit_panel_confirmed,False,Gross Profit / Total Assets was confirmed from direct XBRL gross profit in the point-in-time panel.,0.5,0.0129072208515858,31165115151.666668,False,False,none,False,0.0,False,4,True,True,False,False,False,False,none,True,top300_priority_due_diligence,False,True,True,True,True,high,Top100 and normalization core. Prioritize Phase3 moat review.
69,5410,5410.T,"Godo Steel,Ltd.",Iron and Steel,0.9467916360438228,3.543764964759882,0.298414838367115,0.1425879075696709,original_gross_profit_over_total_assets,direct_xbrl_gross_profit_panel_confirmed,False,Gross Profit / Total Assets was confirmed from direct XBRL gross profit in the point-in-time panel.,0.6666666666666666,-0.0296815830177609,409730553.3333333,False,False,none,False,0.0,False,4,True,True,False,False,False,False,none,True,top300_priority_due_diligence,False,True,True,True,True,high,Top100 and normalization core. Prioritize Phase3 moat review.
70,6770,6770.T,"ALPS ALPINE CO.,LTD.",Electric Appliances,0.9467098565853882,0.912588054476894,0.0954504093656446,0.2364863679012845,original_gross_profit_over_total_assets,direct_xbrl_gross_profit_panel_confirmed,False,Gross Profit / Total Assets was confirmed from direct XBRL gross profit in the point-in-time panel.,1.0,-0.0299149530609404,3605413966.6666665,False,False,none,False,0.0,False,4,True,True,False,False,False,False,none,True,top300_priority_due_diligence,False,True,True,True,True,high,Top100 and normalization core. Prioritize Phase3 moat review.
71,2267,2267.T,"YAKULT HONSHA CO.,LTD.",Foods,0.9466190902028716,0.7837608494669953,0.0681700063568236,0.3419115903077227,original_gross_profit_over_total_assets,direct_xbrl_gross_profit_panel_confirmed,False,Gross Profit / Total Assets was confirmed from direct XBRL gross profit in the point-in-time panel.,0.6666666666666666,-0.0352650177927348,4761358286.666667,False,False,none,False,0.0,False,4,True,True,False,False,False,False,none,True,top300_priority_due_diligence,False,True,True,True,True,high,Top100 and normalization core. Prioritize Phase3 moat review.
72,6430,6430.T,"DAIKOKU DENKI CO.,LTD.",Machinery,0.9463890451018464,1.4680010753754904,0.2504875349508444,0.4661222776211255,original_gross_profit_over_total_assets,direct_xbrl_gross_profit_panel_confirmed,False,Gross Profit / Total Assets was confirmed from direct XBRL gross profit in the point-in-time panel.,0.6666666666666666,0.0010428298740779,161995896.66666666,False,False,none,False,0.0,False,4,True,True,False,False,False,False,none,True,top300_priority_due_diligence,True,True,True,True,True,high,Top100 and normalization core. Prioritize Phase3 moat review.
73,6676,6676.T,BUFFALO INC.,Electric Appliances,0.9463845670489271,1.2518549409299973,0.1669436413443516,0.4161266794219934,original_gross_profit_over_total_assets,direct_xbrl_gross_profit_panel_confirmed,False,Gross Profit / Total Assets was confirmed from direct XBRL gross profit in the point-in-time panel.,1.0,-0.0759991283504031,192503180.0,False,False,none,False,0.0,False,4,True,True,False,False,False,False,none,True,top300_priority_due_diligence,False,True,True,True,True,high,Top100 and normalization core. Prioritize Phase3 moat review.
74,3391,3391.T,TSURUHA HOLDINGS INC.,Retail Trade,0.9463836281390964,1.0160114382977483,0.0514479246487493,0.2694139070778122,original_gross_profit_over_total_assets,direct_xbrl_gross_profit_panel_confirmed,False,Gross Profit / Total Assets was confirmed from direct XBRL gross profit in the point-in-time panel.,0.6666666666666666,-0.0351590947693832,5370741455.0,False,False,none,False,0.0,False,4,True,True,False,False,False,False,none,True,top300_priority_due_diligence,False,True,True,True,True,high,Top100 and normalization core. Prioritize Phase3 moat review.
75,7803,7803.T,Bushiroad Inc.,Other Products,0.9461874584572638,1.4416281315483317,0.2051146799188709,0.4013605395783348,original_gross_profit_over_total_assets,direct_xbrl_gross_profit_panel_confirmed,False,Gross Profit / Total Assets was confirmed from direct XBRL gross profit in the point-in-time panel.,1.0,-0.0443112124392795,159848943.33333334,False,False,none,False,0.0,False,4,True,True,False,False,False,False,none,True,top300_priority_due_diligence,True,True,True,True,True,high,Top100 and normalization core. Prioritize Phase3 moat review.
76,4569,4569.T,"KYORIN Pharmaceutical Co.,Ltd.",Pharmaceutical,0.9461427083403156,2.023624905492668,0.1329629653778107,0.3074869072090405,original_gross_profit_over_total_assets,direct_xbrl_gross_profit_panel_confirmed,False,Gross Profit / Total Assets was confirmed from direct XBRL gross profit in the point-in-time panel.,0.3333333333333333,0.0316512118331147,238764530.0,False,False,none,False,0.0,False,4,True,True,False,False,False,False,none,True,top300_priority_due_diligence,False,True,True,True,True,high,Top100 and normalization core. Prioritize Phase3 moat review.
77,5463,5463.T,Maruichi Steel Tube Ltd.,Iron and Steel,0.945520995557634,2.6031418316717323,0.2047845045798145,0.1029147107608884,original_gross_profit_over_total_assets,direct_xbrl_gross_profit_panel_confirmed,False,Gross Profit / Total Assets was confirmed from direct XBRL gross profit in the point-in-time panel.,0.6666666666666666,0.0003625039904673,926629076.6666666,False,False,none,False,0.0,False,4,True,True,False,False,False,False,none,True,top300_priority_due_diligence,False,True,True,True,True,high,Top100 and normalization core. Prioritize Phase3 moat review.
78,6104,6104.T,"SHIBAURA MACHINE CO.,LTD.",Machinery,0.945357200117282,1.231885103194753,0.1324393975040266,0.2682621350954626,original_gross_profit_over_total_assets,direct_xbrl_gross_profit_panel_confirmed,False,Gross Profit / Total Assets was confirmed from direct XBRL gross profit in the point-in-time panel.,0.6666666666666666,0.0188436301153542,627628233.3333334,False,False,none,False,0.0,False,4,True,True,False,False,True,True,outlier_sensitive,True,outlier_sensitive;phase3_due_diligence,False,True,True,True,True,high,Top100 and normalization core. Prioritize Phase3 moat review.
79,9274,9274.T,"KPP GROUP HOLDINGS CO.,LTD.",Wholesale Trade,0.944817564113154,1.3190651041412866,0.1222739202966637,0.3667703495391083,original_gross_profit_over_total_assets,direct_xbrl_gross_profit_panel_confirmed,False,Gross Profit / Total Assets was confirmed from direct XBRL gross profit in the point-in-time panel.,0.8333333333333334,-0.0091214863113105,270670861.6666667,False,False,none,False,0.0,False,4,True,True,False,False,True,True,outlier_sensitive,True,outlier_sensitive;phase3_due_diligence,False,True,True,True,True,high,Top100 and normalization core. Prioritize Phase3 moat review.
80,8242,8242.T,H2O RETAILING CORPORATION,Retail Trade,0.9447581452449136,1.0340400969264516,0.1177259038307273,0.2764124549101711,original_gross_profit_over_total_assets,direct_xbrl_gross_profit_panel_confirmed,False,Gross Profit / Total Assets was confirmed from direct XBRL gross profit in the point-in-time panel.,0.6666666666666666,-0.0098639180022793,945686011.6666666,False,False,none,False,0.0,False,4,True,True,False,False,True,True,outlier_sensitive,True,outlier_sensitive;phase3_due_diligence,False,True,True,True,True,high,Top100 and normalization core. Prioritize Phase3 moat review.
81,4849,4849.T,en Inc.,Services,0.9443378163125328,0.9300906506250386,0.1469283682134656,0.9208844086965684,original_gross_profit_over_total_assets,direct_xbrl_gross_profit_panel_confirmed,False,Gross Profit / Total Assets was confirmed from direct XBRL gross profit in the point-in-time panel.,0.6666666666666666,-0.0081385248687639,236035853.33333337,False,False,none,False,0.0,False,4,True,True,False,False,False,False,none,True,top300_priority_due_diligence,False,True,True,True,True,high,Top100 and normalization core. Prioritize Phase3 moat review.
82,6310,6310.T,"ISEKI & CO.,LTD.",Machinery,0.9442346539531244,1.9241062540789584,0.0710978212414038,0.2657405418307674,original_gross_profit_over_total_assets,direct_xbrl_gross_profit_panel_confirmed,False,Gross Profit / Total Assets was confirmed from direct XBRL gross profit in the point-in-time panel.,0.8333333333333334,-0.0989299987728791,292670353.3333333,False,False,none,False,0.0,False,4,True,True,False,False,False,False,none,True,top300_priority_due_diligence,False,True,True,True,True,high,Top100 and normalization core. Prioritize Phase3 moat review.
83,4633,4633.T,SAKATA INX CORPORATION,Chemicals,0.9442287796824316,1.105737790644816,0.1149969399798013,0.285273438883576,original_gross_profit_over_total_assets,direct_xbrl_gross_profit_panel_confirmed,False,Gross Profit / Total Assets was confirmed from direct XBRL gross profit in the point-in-time panel.,1.0,-0.0171996763045062,551415293.3333334,False,False,none,False,0.0,False,4,True,True,False,False,True,True,outlier_sensitive,True,outlier_sensitive;phase3_due_diligence,False,True,True,True,True,high,Top100 and normalization core. Prioritize Phase3 moat review.
84,2681,2681.T,GEO HOLDINGS CORPORATION,Retail Trade,0.9441550456585228,1.1161655838869795,0.0571968701643661,0.6751039330398289,original_gross_profit_over_total_assets,direct_xbrl_gross_profit_panel_confirmed,False,Gross Profit / Total Assets was confirmed from direct XBRL gross profit in the point-in-time panel.,0.5,-0.0139523734739591,374649705.0,False,False,none,False,0.0,False,4,True,True,False,False,False,False,none,True,top300_priority_due_diligence,False,True,True,True,True,high,Top100 and normalization core. Prioritize Phase3 moat review.
85,3333,3333.T,"ASAHI CO.,LTD.",Retail Trade,0.9441535764104128,1.2312420551992873,0.0695601177886431,0.691742225881895,original_gross_profit_over_total_assets,direct_xbrl_gross_profit_panel_confirmed,False,Gross Profit / Total Assets was confirmed from direct XBRL gross profit in the point-in-time panel.,0.5,-0.0729406778259452,224447166.66666663,False,False,none,False,0.0,False,4,True,True,False,False,False,False,none,True,top300_priority_due_diligence,False,True,True,True,True,high,Top100 and normalization core. Prioritize Phase3 moat review.
86,3861,3861.T,Oji Holdings Corporation,Pulp and Paper,0.9440694631127288,1.7100859762120166,0.0723712685743478,0.1257590553034619,original_gross_profit_over_total_assets,direct_xbrl_gross_profit_panel_confirmed,False,Gross Profit / Total Assets was confirmed from direct XBRL gross profit in the point-in-time panel.,0.6666666666666666,-0.0172837995800646,3960281667.903646,False,False,none,False,0.0,False,4,True,True,False,False,False,False,none,True,top300_priority_due_diligence,False,True,True,True,True,high,Top100 and normalization core. Prioritize Phase3 moat review.
87,4042,4042.T,TOSOH CORPORATION,Chemicals,0.9437130953518532,1.0710643563818367,0.0848443132960065,0.1951377912119207,original_gross_profit_over_total_assets,direct_xbrl_gross_profit_panel_confirmed,False,Gross Profit / Total Assets was confirmed from direct XBRL gross profit in the point-in-time panel.,1.0,-0.0265614976347283,3747044575.8333335,False,False,none,False,0.0,False,4,True,True,False,False,False,False,none,True,top300_priority_due_diligence,False,True,True,True,True,high,Top100 and normalization core. Prioritize Phase3 moat review.
88,8227,8227.T,"SHIMAMURA Co.,Ltd.",Retail Trade,0.9436372980667536,0.7090697487657511,0.064088067879215,0.4368575270971936,original_gross_profit_over_total_assets,direct_xbrl_gross_profit_panel_confirmed,False,Gross Profit / Total Assets was confirmed from direct XBRL gross profit in the point-in-time panel.,0.8333333333333334,-0.0063355271918816,2906437450.0,False,False,none,False,0.0,False,4,True,True,False,False,False,False,none,True,top300_priority_due_diligence,False,True,True,True,True,high,Top100 and normalization core. Prioritize Phase3 moat review.
89,3134,3134.T,Hamee Corp.,Retail Trade,0.9435894571195192,1.686078356851542,0.2038620670469535,0.7952267744640035,original_gross_profit_over_total_assets,direct_xbrl_gross_profit_panel_confirmed,False,Gross Profit / Total Assets was confirmed from direct XBRL gross profit in the point-in-time panel.,0.5,0.0265300414526736,90865578.33333331,False,False,none,False,0.0,False,4,True,True,False,False,False,False,none,True,top300_priority_due_diligence,False,True,True,True,True,high,Top100 and normalization core. Prioritize Phase3 moat review.
90,4521,4521.T,"KAKEN PHARMACEUTICAL CO.,LTD.",Pharmaceutical,0.9435409573108292,1.0235823318430946,0.1096981169143823,0.3073804497379504,original_gross_profit_over_total_assets,direct_xbrl_gross_profit_panel_confirmed,False,Gross Profit / Total Assets was confirmed from direct XBRL gross profit in the point-in-time panel.,0.8333333333333334,-0.0736427792125288,515517875.0,False,False,none,False,0.0,False,4,True,True,False,False,True,True,outlier_sensitive,True,outlier_sensitive;phase3_due_diligence,False,True,True,True,True,high,Top100 and normalization core. Prioritize Phase3 moat review.
91,9948,9948.T,"ARCS COMPANY,LIMITED",Retail Trade,0.943482983272506,1.1415347904936295,0.0740994838054312,0.5248009736826353,original_gross_profit_over_total_assets,direct_xbrl_gross_profit_panel_confirmed,False,Gross Profit / Total Assets was confirmed from direct XBRL gross profit in the point-in-time panel.,0.8333333333333334,-0.0465223115109294,274269908.3333333,False,False,none,False,0.0,False,4,True,True,False,False,False,False,none,True,top300_priority_due_diligence,False,True,True,True,True,high,Top100 and normalization core. Prioritize Phase3 moat review.
92,7280,7280.T,MITSUBA Corporation,Electric Appliances,0.9430234536436218,1.947709578353597,0.271115355787816,0.15949348493529,original_gross_profit_over_total_assets,direct_xbrl_gross_profit_panel_confirmed,False,Gross Profit / Total Assets was confirmed from direct XBRL gross profit in the point-in-time panel.,0.8333333333333334,-0.0636101610670781,401115181.6666667,False,False,none,False,0.0,False,4,True,True,False,False,False,False,none,True,top300_priority_due_diligence,False,True,True,True,True,high,Top100 and normalization core. Prioritize Phase3 moat review.
93,8088,8088.T,IWATANI  CORPORATION,Wholesale Trade,0.9426417517924492,0.8831789677252955,0.0928848715574843,0.2686455077654742,original_gross_profit_over_total_assets,direct_xbrl_gross_profit_panel_confirmed,False,Gross Profit / Total Assets was confirmed from direct XBRL gross profit in the point-in-time panel.,0.6666666666666666,-0.0124763782641942,2687886657.5,False,False,none,False,0.0,False,4,True,True,False,False,False,False,none,True,top300_priority_due_diligence,False,True,True,True,True,high,Top100 and normalization core. Prioritize Phase3 moat review.
94,9842,9842.T,ARCLANDS CORPORATION,Retail Trade,0.9424661989999432,1.1778426978400742,0.0696389498359479,0.4217230433288178,original_gross_profit_over_total_assets,direct_xbrl_gross_profit_panel_confirmed,False,Gross Profit / Total Assets was confirmed from direct XBRL gross profit in the point-in-time panel.,0.8333333333333334,-0.0442146236880373,359585696.6666667,False,False,none,False,0.0,False,4,True,True,False,False,True,True,outlier_sensitive,True,outlier_sensitive;phase3_due_diligence,False,True,True,True,True,high,Top100 and normalization core. Prioritize Phase3 moat review.
95,2734,2734.T,SALA CORPORATION,Retail Trade,0.9419791661625012,1.4609311671228422,0.0940571927148246,0.2758401743617917,original_gross_profit_over_total_assets,direct_xbrl_gross_profit_panel_confirmed,False,Gross Profit / Total Assets was confirmed from direct XBRL gross profit in the point-in-time panel.,0.6666666666666666,-0.0477535434721669,360192615.0,False,False,none,False,0.0,False,4,True,True,False,False,True,True,outlier_sensitive,True,outlier_sensitive;phase3_due_diligence,False,True,True,True,True,high,Top100 and normalization core. Prioritize Phase3 moat review.
96,1925,1925.T,"DAIWA HOUSE INDUSTRY CO.,LTD.",Construction,0.9419656872449944,1.040679997680401,0.1263631277852053,0.1561944317206063,original_gross_profit_over_total_assets,direct_xbrl_gross_profit_panel_confirmed,False,Gross Profit / Total Assets was confirmed from direct XBRL gross profit in the point-in-time panel.,0.6666666666666666,-0.0133525298158498,9620377458.333334,False,False,none,False,0.0,False,4,True,True,False,False,False,False,none,True,top300_priority_due_diligence,False,True,True,True,True,high,Top100 and normalization core. Prioritize Phase3 moat review.
97,7595,7595.T,ARGO GRAPHICS Inc.,Information & Communication,0.9414507502057248,2.159705644014021,0.2756420917463322,0.2065941209695556,original_gross_profit_over_total_assets,direct_xbrl_gross_profit_panel_confirmed,False,Gross Profit / Total Assets was confirmed from direct XBRL gross profit in the point-in-time panel.,0.5,0.0143264817757121,319902865.0,False,False,none,False,0.0,False,4,True,True,False,False,False,False,none,True,top300_priority_due_diligence,False,True,True,True,True,high,Top100 and normalization core. Prioritize Phase3 moat review.
98,8281,8281.T,"XEBIO holdings CO.,LTD.",Retail Trade,0.9409658063774884,2.839494526849039,0.0227613393961009,0.4788756563819199,original_gross_profit_over_total_assets,direct_xbrl_gross_profit_panel_confirmed,False,Gross Profit / Total Assets was confirmed from direct XBRL gross profit in the point-in-time panel.,0.8333333333333334,-0.0535830457400317,152692603.33333334,False,False,none,False,0.0,False,4,True,True,False,False,False,False,none,True,top300_priority_due_diligence,False,True,True,True,True,high,Top100 and normalization core. Prioritize Phase3 moat review.
99,2491,2491.T,"ValueCommerce Co.,Ltd.",Services,0.9408974052646728,1.9673513104445504,0.0469036122869974,0.4552100111510345,original_gross_profit_over_total_assets,direct_xbrl_gross_profit_panel_confirmed,False,Gross Profit / Total Assets was confirmed from direct XBRL gross profit in the point-in-time panel.,0.6666666666666666,-0.0803716348575586,170931293.33333334,False,False,none,False,0.0,False,4,True,True,False,False,False,False,none,True,top300_priority_due_diligence,False,True,True,True,True,high,Top100 and normalization core. Prioritize Phase3 moat review.
100,5947,5947.T,RINNAI CORPORATION,Metal Products,0.9406144604348736,0.9799956703305742,0.0789314668006302,0.2572792646055135,original_gross_profit_over_total_assets,direct_xbrl_gross_profit_panel_confirmed,False,Gross Profit / Total Assets was confirmed from direct XBRL gross profit in the point-in-time panel.,1.0,-0.0343236397859545,1455609815.0,False,False,none,False,0.0,False,4,True,True,False,False,True,True,outlier_sensitive,True,outlier_sensitive;phase3_due_diligence,False,True,True,True,True,high,Top100 and normalization core. Prioritize Phase3 moat review.
