effective_date,code,ticker,company_name,market,sector_33_code,sector_33,sector_17_code,sector_17,scale_category_code,scale_category,is_financial,close,adj_close,volume,avg_trading_value_60d,history_days,daily_return_mean,annual_volatility,max_drawdown,return_12m_ex_1m,cumulative_return,price_history_days,company_name_ja,revenue,operating_income,ordinary_income,net_income,total_assets,equity,operating_cf,investing_cf,financing_cf,rd_expense,capex,employees,revenue_growth,operating_income_growth,operating_margin,roe,equity_ratio,ocf_margin,rd_ratio,capex_ratio,market_cap,enterprise_value,trailing_pe,forward_pe,price_to_book,dividend_yield,beta,shares_outstanding,ebitda,dividend_yield_clean,pe_for_score,pbr_for_score,is_financial_like,ordinary_margin,net_margin,profitability_score,cash_generation_score,stability_score,competitive_position_score,score_treatment,moat_score,moat_component_profitability,moat_component_cashflow,moat_component_stability,moat_component_competitive_position,transformation_score,transformation_component_valuation_gap,transformation_component_capital_efficiency,transformation_component_shareholder_return,transformation_component_reform_signal,ai_infrastructure_exposure,automation_exposure,data_software_exposure,trust_security_exposure,intangible_investment_score,future_moat_component_ai_infrastructure,future_moat_component_intangible_asset,future_moat_component_automation,future_moat_component_data,future_moat_component_trust,future_moat_score,future_moat_category_flags,future_moat_keyword_evidence,valuation_score,bb_score,momentum_score,risk_score,adjusted_bb_score,price_available,liquid_20m_60d,operating_loss_years_3y,operating_income_years_available,ordinary_loss_years_3y,ordinary_income_years_available,net_loss_years_3y,net_income_years_available,negative_ocf_years_3y,operating_cf_years_available,investment_exclusion_reasons,investment_eligible,score_calculation_target,moat_rank,moat_percentile,transformation_rank,transformation_percentile,future_moat_rank,future_moat_percentile,valuation_rank,valuation_percentile,momentum_rank,momentum_percentile,risk_rank,risk_percentile,adjusted_bb_rank,adjusted_bb_percentile,category,score_rank,role_score_transformation,role_score_future,role_score_moat,role_score_bridge,primary_role,secondary_role,needs_financial_explanation,is_small_cap_candidate,latest_date,previous_close,target_weight,target_investment,shares,actual_investment,actual_weight,cash_remaining,max_weight_limit
20260430,9022,9022.T,Central Japan Railway Company,Prime Market (Domestic),5050,Land Transportation,12,TRANSPORTATION & LOGISTICS,2,TOPIX Large70,False,3386.0,3386.0,2912500.0,11293249795.0,1222.0,0.0001721863958815,0.2327191119661347,-0.3030610509381947,0.2862562232403768,0.0821336008655786,1222.0,東海旅客鉄道株式会社,2033041000000.0,703824000000.0,649294000000.0,464391000000.0,10640544000000.0,4658550000000.0,624550000000.0,,-95532000000.0,,,29144.0,0.1273747952625106,0.3708956092729525,0.3461927231177334,0.0996857391248349,0.437811262281327,0.307199903986196,,,3234494414848.0,7828844576768.0,5.930986,7.976067,0.6381434,0.92,0.159,955255309.0,1036102991872.0,0.92,5.930986,0.6381434,False,0.319370834134678,0.2284218567161213,0.4129531939655757,0.922849052785838,0.8036868230498782,0.6957943761301352,general_operating_margin_ocf_leverage_quality,0.6751421209204138,0.4129531939655757,0.922849052785838,0.8036868230498782,0.6957943761301352,1.8758957916284469,2.6011512534609076,0.3647081800896473,3.002258106600157,0.4710299941417115,0.0,0.0,0.0,0.0,0.0,-0.5452650101398884,0.0,-0.4374900164137864,-0.6316485798498609,-0.6525572050265103,-0.411080513804854,,,2.760599394025213,0.9622823391455616,-0.0092720993553059,-0.7836871543015949,1.0397238446401904,True,True,0.0,3.0,0.0,3.0,0.0,3.0,0.0,3.0,,True,True,62.0,0.9689251146204788,2.0,0.999490575649516,1074.0,0.2269485481406011,2.0,0.999490575649516,842.0,0.5715741212429954,1625.0,0.1726948548140601,1.0,1.0,Transformation Moat,1,1.5564837688922817,0.526414603310336,1.0552686111200742,1.1192404110384715,変わる堀,守る堀,False,False,2026-06-01,3386.0,0.07374327470879048,368716.3735439524,118,399548.0,0.0799096,548.186279296875,0.08
20260430,7181,7181.T,"JAPAN POST INSURANCE Co.,Ltd.",Prime Market (Domestic),7150,Insurance,16,FINANCIALS (EX BANKS),4,TOPIX Mid400,True,1406.0,1406.0,3698000.0,4113656849.5731606,1222.0,0.0008755224106573,0.2836457749213805,-0.2356125904528369,0.499547457469029,1.392947361794664,1222.0,株式会社かんぽ生命保険,,,170981000000.0,124093000000.0,59555692000000.0,3242487000000.0,-1627842000000.0,,60143000000.0,,,18656.0,,,,0.0382709321579392,0.0544446196679236,,,,1523559038976.0,4389452906496.0,9.217859,6.1392016,0.36680195,3.5,0.051,1083612396.0,235690000384.0,0.035,9.217859,0.36680195,True,,,1.2273751865092322,0.0942839489675652,0.1676042809382087,1.3742572226929417,financial_sector_relative_roe_profit_stability_valuation,0.7615246032463526,1.2273751865092322,0.0942839489675652,0.1676042809382087,1.3742572226929417,1.542954843810575,2.5129228508307184,-0.4348484049621836,-0.1911714853066774,-0.3025275512130793,0.0,0.0,0.0,1.0986122886681098,0.0,-0.5452650101398884,0.0,-0.4374900164137864,-0.6316485798498609,1.5320127409750823,-0.1926235192046947,セキュリティ・監査・信頼,"trust_security: security, cyber, inspection, quality, testing, audit",2.027106144727151,0.8604749578742137,0.3698993353137712,-0.7858874466744611,0.976053636073037,True,True,0.0,0.0,0.0,3.0,0.0,3.0,3.0,3.0,,True,True,38.0,0.9811512990320936,3.0,0.998981151299032,1064.0,0.456444218033622,3.0,0.998981151299032,516.0,0.7376464595007641,1626.0,0.1721854304635761,2.0,0.999490575649516,Transformation Moat,2,1.306536536455576,0.544368458946857,1.0041719994189666,1.0064205460059692,変わる堀,守る堀,True,False,2026-06-01,1406.0,0.0692274124388832,346137.06219441595,284,399304.0,0.0798608,548.186279296875,0.08
20260430,9501,9501.T,"Tokyo Electric Power Company Holdings,Incorporated",Prime Market (Domestic),4050,Electric Power and Gas,11,ELECTRIC POWER & GAS,4,TOPIX Mid400,False,558.9000244140625,558.9000244140625,32028700.0,35605341998.17322,1222.0,0.0008460238439197,0.469940697789284,-0.6648306887521163,0.4121170694053112,0.6535503680889423,1222.0,東京電力ホールディングス株式会社,8917288000000.0,234452000000.0,403481000000.0,161846000000.0,21346787000000.0,3786130000000.0,361249000000.0,,194169000000.0,,,38074.0,-0.0404651953427093,-0.159236308345526,0.0262918501678985,0.0427470794716504,0.177362991442225,0.0405110836388821,,,895750242304.0,6608599908352.0,,2.6368184,0.26426095,,-0.008,1602702047.0,726727983104.0,,2.6368184,0.26426095,False,0.0452470526913563,0.0181496885600195,-0.6045854679117583,-0.027293645851091,-0.6848251458774542,-0.1679369105621948,general_operating_margin_ocf_leverage_quality,-0.3889807365198179,-0.6045854679117583,-0.027293645851091,-0.6848251458774542,-0.1679369105621948,2.040370881651407,3.863550910303462,-0.5935411964318268,0.0,-0.734089943681518,1.0986122886681098,0.0,0.0,0.0,0.0,1.6228956389961116,0.0,-0.4374900164137864,-0.6316485798498609,-0.6525572050265103,0.2393676809359459,半導体・光通信・データセンター・電力,"ai_infrastructure: semiconductor, chip, gpu, hbm, data center, datacenter",3.2217824040371363,0.9484761643432604,0.2144728556664387,0.830335228733784,0.8868899270365259,True,True,1.0,3.0,1.0,3.0,0.0,3.0,1.0,3.0,,True,True,1892.0,0.0366785532348446,1.0,1.0,305.0,0.7862964849719817,1.0,1.0,628.0,0.6805909322465614,294.0,0.8507386653082017,3.0,0.998981151299032,Transformation Moat,4,1.4731348332980447,0.6388494486816604,0.5098460476579534,0.931958199170803,変わる堀,生まれる堀,False,False,2026-06-01,558.9000244140625,0.06290340253622531,314517.01268112654,562,314101.8137207031,0.06282036274414063,548.186279296875,0.08
20260430,3449,3449.T,TECHNOFLEX CORPORATION,Standard Market(Domestic),3550,Metal Products,3,CONSTRUCTION & MATERIALS,-,,False,6830.0,6830.0,139100.0,702634568.3333334,1222.0,0.0018707996551113,0.2655215031428141,-0.1479896961605018,4.048340451063108,7.294320707569151,1222.0,株式会社テクノフレックス,26608142000.0,4609699000.0,3924174000.0,3123183000.0,38995023000.0,25688017000.0,5219019000.0,,-2332487000.0,,,809.0,0.1135524323034233,0.5250105424428597,0.173243926614643,0.121581319414418,0.6587511693479448,0.1961436841399899,,,,,,,,,,,,,,,False,0.1474801960993744,0.1173769667945999,0.4045510372478811,0.5271847115222237,0.5978592137853305,0.2288332041956985,general_operating_margin_ocf_leverage_quality,0.4387275245135201,0.4045510372478811,0.5271847115222237,0.5978592137853305,0.2288332041956985,0.1190728255299944,0.0,0.5071393258128266,0.0,0.595364127649972,1.0986122886681098,0.0,0.0,0.0,0.0,1.6228956389961116,0.0,-0.4374900164137864,-0.6316485798498609,-0.6525572050265103,0.2393676809359459,半導体・光通信・データセンター・電力,"ai_infrastructure: semiconductor, chip, gpu, hbm, data center, datacenter",0.0,0.2331967680173384,5.109614166478054,-1.0533377501226089,0.8494919596774049,True,True,0.0,3.0,0.0,3.0,0.0,3.0,0.0,3.0,,True,True,168.0,0.9149261334691798,308.0,0.8436067244014264,305.0,0.7862964849719817,62.0,0.5106979113601631,1.0,0.9946510443199184,1854.0,0.0560366785532348,4.0,0.998471726948548,Core Moat,5,0.4559123406886828,0.4919396958166704,0.8747524860666205,0.5118145786806301,守る堀,生まれる堀,False,False,2026-06-01,6830.0,0.06025092073085859,301254.60365429294,44,300520.0,0.060104,548.186279296875,0.08
20260430,6627,6627.T,"Tera Probe,Inc.",Standard Market(Domestic),3650,Electric Appliances,9,ELECTRIC APPLIANCES & PRECISION INSTRUMENTS,-,,False,11040.0,11040.0,95500.0,1317274283.3333333,1222.0,0.0023263326203263,0.5998656684228829,-0.7400823272046615,3.1645008510296124,6.241571894274277,1222.0,株式会社テラプローブ,41746379000.0,8893949000.0,8750990000.0,6952842000.0,100572987000.0,59928689000.0,20140044000.0,,11838381000.0,,,1127.0,0.0858898018658074,0.1123056961888198,0.2130471962610218,0.1160185900278913,0.5958726173659334,0.4824381055899483,,,,,,,,,,,,,,,False,0.2096227315906847,0.1665495826596122,0.3918096016134114,1.547177052584381,-1.5000750447413025,0.3363018990736263,general_operating_margin_ocf_leverage_quality,0.291172994577254,0.3918096016134114,1.547177052584381,-1.5000750447413025,0.3363018990736263,0.0057916882653901,0.0,0.1144085325854083,0.0,0.0289584413269506,1.3862943611198906,1.3862943611198906,0.0,0.0,0.0,2.1906491179855268,0.0,2.375771403005273,-0.6316485798498609,-0.6525572050265103,0.9723460085165826,半導体・光通信・データセンター・電力;電子部品・精密機器・省人化,"ai_infrastructure: semiconductor, chip, gpu, hbm, data center, datacenter; automation: robot, automation, factory, fa, control, sensor",0.0,0.3805036229944984,5.107432057729099,1.4190347673181185,0.7493433520355965,True,True,0.0,3.0,0.0,3.0,0.0,3.0,0.0,3.0,,True,True,402.0,0.7957208354559347,816.0,0.5848191543555782,2.0,0.957208354559348,62.0,0.5106979113601631,23.0,0.9887926642893532,110.0,0.9444727457972492,6.0,0.9974528782475802,Future Moat,8,0.2968179915741854,0.9029365037234344,0.3424254522009599,0.42259072305703,生まれる堀,守る堀,False,False,2026-06-01,11040.0,0.053147797797683465,265738.9889884173,24,264960.0,0.052992,548.186279296875,0.08
20260430,6524,6524.T,"KOHOKU KOGYO CO.,LTD.",Standard Market(Domestic),3650,Electric Appliances,9,ELECTRIC APPLIANCES & PRECISION INSTRUMENTS,-,,False,6070.0,6070.0,171400.0,1717554650.0,1084.0,0.0017976296840307,0.5438920731585133,-0.5850666409072383,2.3767692198368775,2.7447741188807093,1084.0,湖北工業株式会社,17454000000.0,4624000000.0,4547000000.0,2992000000.0,28319000000.0,23441000000.0,3343000000.0,,-3646000000.0,641000000.0,,1710.0,0.1382337235828095,0.2823342868880141,0.2649249455712157,0.1276396058188643,0.8277481549489741,0.1915320270425117,0.0367251059928956,,,,,,,,,,,,,,False,0.2605133493755013,0.1714220236049043,0.7722001105681365,0.5107545802775781,-1.148853353823924,0.8299250392403015,general_operating_margin_ocf_leverage_quality,0.3341730208515178,0.7722001105681365,0.5107545802775781,-1.148853353823924,0.8299250392403015,0.0820214316395008,0.0,0.4001092743155155,0.0,0.4101071581975043,1.3862943611198906,1.3862943611198906,0.0,0.0,0.7071067811865475,2.1906491179855268,0.7071067811865475,2.375771403005273,-0.6316485798498609,-0.6525572050265103,1.1491227038132197,半導体・光通信・データセンター・電力;電子部品・精密機器・省人化,"ai_infrastructure: semiconductor, chip, gpu, hbm, data center, datacenter; automation: robot, automation, factory, fa, control, sensor",0.0,0.4654940753092964,3.7070682133651744,0.8708229281976265,0.7491186038260512,True,True,0.0,3.0,0.0,3.0,0.0,3.0,0.0,3.0,,True,True,297.0,0.8492103922567499,416.0,0.7885888945491595,1.0,1.0,62.0,0.5106979113601631,41.0,0.979623025980642,278.0,0.8588894549159449,7.0,0.9969434538970964,Future Moat,9,0.3474848853068686,0.9770695042142498,0.4012692005818788,0.4876123146093924,生まれる堀,守る堀,False,False,2026-06-01,6070.0,0.05313185734480047,265659.28672400233,43,261010.0,0.052202,548.186279296875,0.08
20260430,6777,6777.T,santec Holdings Corporation,Standard Market(Domestic),3650,Electric Appliances,9,ELECTRIC APPLIANCES & PRECISION INSTRUMENTS,-,,False,25380.0,25380.0,150300.0,6644598083.333333,1222.0,0.003029606562102,0.5776400668276193,-0.6218053398486106,5.088906370455208,17.217455545476266,1222.0,ｓａｎｔｅｃ　Ｈｏｌｄｉｎｇｓ株式会社,24026716000.0,7429087000.0,7887932000.0,5067844000.0,29527373000.0,21428211000.0,6001678000.0,,-700473000.0,,,350.0,0.2553557856733508,0.3657576332554233,0.3092010993096185,0.2365033646532601,0.7257066519259943,0.2497918566981854,,,298478436352.0,280270340096.0,38.927574,57.394844,12.032057,0.92,1.185,11760380.0,11098999808.0,0.92,38.927574,12.032057,False,0.3282983825171946,0.2109253715738763,1.0355377253305107,0.7183191557220214,-1.3606144055403482,0.5959171156087733,general_operating_margin_ocf_leverage_quality,0.3890785348098691,1.0355377253305107,0.7183191557220214,-1.3606144055403482,0.5959171156087733,0.0599310669096628,-1.0149914471465058,1.0408520110819046,3.002258106600157,0.927163440076188,1.3862943611198906,1.3862943611198906,0.0,0.0,0.0,2.1906491179855268,0.0,2.375771403005273,-0.6316485798498609,-0.6525572050265103,0.9723460085165826,半導体・光通信・データセンター・電力;電子部品・精密機器・省人化,"ai_infrastructure: semiconductor, chip, gpu, hbm, data center, datacenter; automation: robot, automation, factory, fa, control, sensor",-0.3948089729194864,0.3641887837874282,5.109614166478054,1.065049150073305,0.7686452854279032,True,True,0.0,3.0,0.0,3.0,0.0,3.0,0.0,3.0,,True,True,208.0,0.8945491594498217,486.0,0.7529291900152827,2.0,0.957208354559348,1897.0,0.0341314314824248,1.0,0.9946510443199184,213.0,0.8920020376974019,5.0,0.9979623025980642,Future Moat,7,0.2675667465633965,0.9382793213952398,0.3868208380503761,0.437196991497024,生まれる堀,守る堀,False,False,2026-06-01,25380.0,0.05451680340806477,272584.0170403239,10,253800.0,0.05076,548.186279296875,0.08
20260430,8473,8473.T,"SBI Holdings,Inc.",Prime Market (Domestic),7100,Securities and Commodities Futures,16,FINANCIALS (EX BANKS),4,TOPIX Mid400,True,2911.0,2911.0,2920900.0,11570306420.0,1222.0,0.0009976879686571,0.3193809469454736,-0.3174396791500968,0.5681549613673558,1.6347975092028215,1222.0,ＳＢＩホールディングス株式会社,176300000000.0,131256000000.0,112730000000.0,59680000000.0,2209943000000.0,571359000000.0,,,,,,19156.0,0.5654236266123918,0.8058963727044945,0.744503686897334,0.1044527171183091,0.2585401523930707,,,,1881560842240.0,-1703848443904.0,4.6614037,7.1542673,1.0482572,3.26,0.45,646362398.0,883399000064.0,0.0326,4.6614037,1.0482572,True,0.6394214407260351,0.3385138967668746,0.0907482858491979,1.276241950478389,0.7957896349590099,0.8402616248037744,financial_sector_relative_roe_profit_stability_valuation,0.6780326396193734,0.0907482858491979,1.276241950478389,0.7957896349590099,0.8402616248037744,1.0673901772024708,1.989354357412007,0.4021905537105766,-0.2098081798519677,0.1818140445246376,0.0,0.0,0.0,0.0,0.0,-0.5452650101398884,0.0,-0.4374900164137864,-0.6316485798498609,-0.6525572050265103,-0.411080513804854,,,1.7418294328306383,0.6082075969695693,0.4918640554124197,-0.4770781136489973,0.705101813875711,True,True,0.0,3.0,0.0,3.0,0.0,3.0,0.0,0.0,,True,True,59.0,0.9704533876719308,8.0,0.9964340295466124,1074.0,0.2269485481406011,6.0,0.9974528782475802,459.0,0.7666836474783495,1231.0,0.3734080489047376,9.0,0.9959246051961284,Transformation Moat,12,1.0003125110727529,0.3356984606149173,0.6573735223948158,0.7460857626508938,変わる堀,守る堀,True,False,2026-06-01,2911.0,0.05000993006589848,250049.6503294924,85,247435.0,0.049487,548.186279296875,0.08
20260430,9513,9513.T,"Electric Power Development Co.,Ltd.",Prime Market (Domestic),4050,Electric Power and Gas,11,ELECTRIC POWER & GAS,4,TOPIX Mid400,False,3954.0,3954.0,719900.0,5372123065.0,1222.0,0.0010576501326825,0.2605049348436094,-0.1790906796786056,0.6121708880824486,2.092807224323274,1222.0,電源開発株式会社,1383337000000.0,138310000000.0,140598000000.0,102530000000.0,3931480000000.0,1463502000000.0,250335000000.0,,-133697000000.0,,,7127.0,-0.1783211060872911,-0.1326889179762284,0.0999828675152909,0.0700579842050096,0.3722521798406707,0.1809645805758105,,,695936745472.0,2117931368448.0,12.151945,10.946238,0.49702734,2.74,-0.234,176008295.0,217066995712.0,0.0274,12.151945,0.49702734,False,0.1016368390348844,0.0741178758321363,-0.183005014419765,0.4731055251334715,0.6293370488668076,0.0310285897323641,general_operating_margin_ocf_leverage_quality,0.1862977539562844,-0.183005014419765,0.4731055251334715,0.6293370488668076,0.0310285897323641,0.8468416553871603,1.805180729043269,-0.8309889305478545,-0.4261780594259426,-1.2016633652345805,1.0986122886681098,0.0,0.0,0.0,0.0,1.6228956389961116,0.0,-0.4374900164137864,-0.6316485798498609,-0.6525572050265103,0.2393676809359459,半導体・光通信・データセンター・電力,"ai_infrastructure: semiconductor, chip, gpu, hbm, data center, datacenter",1.312225274398718,0.5362438354742669,0.5701119128136252,-0.9943524596167784,0.6926902727173073,True,True,0.0,3.0,0.0,3.0,0.0,3.0,0.0,3.0,,True,True,742.0,0.6225165562913907,14.0,0.9933774834437086,305.0,0.7862964849719817,12.0,0.9943963321446764,424.0,0.7845134997452878,1813.0,0.0769230769230769,11.0,0.9949057564951604,Transformation Moat,14,0.8044958668449506,0.5825244011217613,0.4699096226412063,0.6311557173555856,分散・橋渡し枠,変わる堀,False,False,2026-06-01,3954.0,0.049129631230855064,245648.15615427532,62,245148.0,0.0490296,548.186279296875,0.08
20260430,6387,6387.T,SAMCO INC.,Prime Market (Domestic),3600,Machinery,8,MACHINERY,7,TOPIX Small 2,False,11050.0,11050.0,175200.0,1829675283.3333333,1222.0,0.0015876345592363,0.5170593993152873,-0.7019717216018018,3.5000342331276997,2.6697164395525848,1222.0,サムコ　株式会社,9342282000.0,2342740000.0,2373332000.0,1697328000.0,17774224000.0,13558675000.0,1206003000.0,,-404592000.0,,,191.0,0.092268013589934,0.122594867641957,0.2507674249182373,0.125183913619878,0.762827958058816,0.1290908366927909,,,,,,,,,,,,,,,False,0.2540419995885373,0.1816823769610037,0.6685296352905628,0.2882929074270931,-0.9804843749412798,0.4381463902499121,general_operating_margin_ocf_leverage_quality,0.1975910022701967,0.6685296352905628,0.2882929074270931,-0.9804843749412798,0.4381463902499121,0.012722425036287,0.0,0.1624347016224892,0.0,0.0636121251814353,1.0986122886681098,1.3862943611198906,0.0,0.0,0.0,1.6228956389961116,0.0,2.375771403005273,-0.6316485798498609,-0.6525572050265103,0.8020199648197579,半導体・光通信・データセンター・電力;電子部品・精密機器・省人化,"ai_infrastructure: semiconductor, chip, gpu, hbm, data center, datacenter; automation: robot, automation, factory, fa, control, sensor",0.0,0.3030638963860581,5.109614166478054,1.067502982424961,0.7072750147913675,True,True,0.0,3.0,0.0,3.0,0.0,3.0,1.0,3.0,,True,True,706.0,0.6408558329088131,767.0,0.6097809475292919,169.0,0.8818135506877228,62.0,0.5106979113601631,1.0,0.9946510443199184,212.0,0.8925114620478859,8.0,0.9964340295466124,Future Moat,10,0.2878383140209586,0.8464738500428903,0.3047011975949159,0.3865271682263254,生まれる堀,守る堀,False,True,2026-06-01,11050.0,0.05016406614053675,250820.33070268374,22,243100.0,0.04862,548.186279296875,0.08
20260430,8309,8309.T,"Sumitomo Mitsui Trust Group,Inc.",Prime Market (Domestic),7050,Banks,15,BANKS,2,TOPIX Large70,True,5468.0,5468.0,2643900.0,12596604166.666666,1222.0,0.0011813966034256,0.2731632091504134,-0.2606695465210208,0.4604328227115899,2.522715706868909,1222.0,三井住友トラストグループ株式会社,157127000000.0,150244000000.0,367694000000.0,259138000000.0,78247102000000.0,3127317000000.0,3976669000000.0,,-47585000000.0,,,23125.0,0.4183039435272186,0.4474065694311384,0.9561946705531196,0.0828627222632051,0.0399671926507898,25.308629325322823,,,3811114221568.0,-467693010944.0,12.107793,14.723067,1.0710787,0.87,0.334,696985020.0,,0.87,12.107793,1.0710787,True,2.3401070471656684,1.6492264219389412,0.4151617430380385,1.6577017456966328,0.5689073902824737,1.5742790241673623,financial_sector_relative_roe_profit_stability_valuation,0.9883693293774388,0.4151617430380385,1.6577017456966328,0.5689073902824737,1.5742790241673623,1.0977351104346007,0.1728420691620932,0.1291295170206786,4.784391102079739,-0.0580652147992656,0.0,0.0,0.0,0.0,0.0,-0.5452650101398884,0.0,-0.4374900164137864,-0.6316485798498609,-0.6525572050265103,-0.411080513804854,,,0.8589115515411094,0.5764571550115921,0.3003645875255153,-0.7585850389470676,0.6823521176588505,True,True,0.0,3.0,0.0,3.0,0.0,3.0,0.0,3.0,,True,True,16.0,0.9923586347427408,7.0,0.9969434538970964,1074.0,0.2269485481406011,22.0,0.9893020886398368,563.0,0.7137035150280183,1602.0,0.184411614875191,12.0,0.9943963321446764,Transformation Moat,15,0.8521114738010986,0.3580120129547432,0.7169175693929741,0.7141756891607861,変わる堀,守る堀,True,False,2026-06-01,5468.0,0.04839638902198596,241981.9451099298,44,240592.0,0.0481184,548.186279296875,0.08
20260430,6356,6356.T,"NIPPON GEAR CO.,LTD.",Standard Market(Domestic),3600,Machinery,8,MACHINERY,-,,False,1492.0,1492.0,527500.0,5332541846.666667,1222.0,0.0018517295247381,0.5388403879290268,-0.4792169163431881,2.0098422041820996,3.8617259028626494,1222.0,日本ギア工業株式会社,9555548000.0,2105777000.0,2152900000.0,1550400000.0,15233746000.0,12561580000.0,1289921000.0,,-384305000.0,,,264.0,0.1272292937098107,0.4774873825492756,0.2203721858756818,0.1234239641828496,0.8245890406732527,0.1349918392958729,,,21241489408.0,23802957824.0,12.129095,,3.8963141,0.6,0.395,14236923.0,1256057984.0,0.6,12.129095,3.8963141,False,0.2253036665191782,0.1622512910824162,0.677061702310859,0.3093166403704316,-1.1171551679221152,0.3560793465264513,general_operating_margin_ocf_leverage_quality,0.1620855916222757,0.677061702310859,0.3093166403704316,-1.1171551679221152,0.3560793465264513,0.2645319198849592,-0.0091994918358319,0.5092445170602138,1.7731526023111672,0.591005723332248,1.0986122886681098,1.3862943611198906,0.0,0.0,0.0,1.6228956389961116,0.0,2.375771403005273,-0.6316485798498609,-0.6525572050265103,0.8020199648197579,半導体・光通信・データセンター・電力;電子部品・精密機器・省人化,"ai_infrastructure: semiconductor, chip, gpu, hbm, data center, datacenter; automation: robot, automation, factory, fa, control, sensor",0.3727357169046759,0.4112750044395513,3.0547758514788113,0.6006134762258731,0.6566912419648452,True,True,0.0,3.0,0.0,3.0,0.0,3.0,0.0,3.0,,True,True,821.0,0.5822720326031584,126.0,0.936321956189506,169.0,0.8818135506877228,39.0,0.9806418746816098,60.0,0.9699439633214468,377.0,0.8084564442180336,15.0,0.9928680590932246,Future Moat,20,0.4223690675872892,0.8514266661965604,0.3417321940189163,0.4550528595525291,生まれる堀,変わる堀,False,False,2026-06-01,1492.0,0.04657637016281858,232881.85081409288,156,232752.0,0.0465504,548.186279296875,0.08
20260430,9503,9503.T,"The Kansai Electric Power Company,Incorporated",Prime Market (Domestic),4050,Electric Power and Gas,11,ELECTRIC POWER & GAS,4,TOPIX Mid400,False,2288.5,2288.5,4726200.0,10170685626.666666,1222.0,0.0009621231539307,0.3025433441481986,-0.44769335169837,0.4663709302025981,1.5880941736242589,1222.0,関西電力株式会社,5405733000000.0,468877000000.0,540270000000.0,451137000000.0,12563154000000.0,3107452000000.0,575299000000.0,,137673000000.0,,,31428.0,0.0312632645245176,-0.3567643205498433,0.0867369883048237,0.1451790727580023,0.2473464863998324,0.1064238651816506,,,2549534162944.0,6218482450432.0,6.7068167,6.9658785,0.73788524,3.43,0.201,1114063522.0,822817980416.0,0.0343,6.7068167,0.73788524,False,0.0999438929003707,0.0834552871923197,-0.1401497515451562,0.2075364008233541,0.3655555081296291,-0.0047352398199925,general_operating_margin_ocf_leverage_quality,0.0749957408269611,-0.1401497515451562,0.2075364008233541,0.3655555081296291,-0.0047352398199925,0.8646823918747814,2.0980208850880966,-0.2912612704526855,-0.3996754719897114,-0.6984925555987989,1.0986122886681098,0.0,0.0,0.0,0.0,1.6228956389961116,0.0,-0.4374900164137864,-0.6316485798498609,-0.6525572050265103,0.2393676809359459,半導体・光通信・データセンター・電力,"ai_infrastructure: semiconductor, chip, gpu, hbm, data center, datacenter",1.8129456945318805,0.5824214786773496,0.3109208616486753,-0.2169445887480186,0.635208023717019,True,True,1.0,3.0,1.0,3.0,0.0,3.0,0.0,3.0,,True,True,1124.0,0.4279164544065206,13.0,0.9938869077941924,305.0,0.7862964849719817,4.0,0.998471726948548,554.0,0.7182883341823739,908.0,0.5379521141110545,19.0,0.9908303616912888,Transformation Moat,24,0.8721029216304261,0.3964192245830802,0.4376552255512624,0.6357764551660505,変わる堀,生まれる堀,False,False,2026-06-01,2288.5,0.04505265511766964,225263.27558834822,98,224273.0,0.0448546,548.186279296875,0.08
20260430,4971,4971.T,MEC COMPANY LTD.,Prime Market (Domestic),3200,Chemicals,4,RAW MATERIALS & CHEMICALS,6,TOPIX Small 1,False,11100.0,11100.0,335400.0,2863908933.3333335,1222.0,0.0016418289054507,0.4891852339921811,-0.607191279290515,3.435703362550969,3.178125383093156,1222.0,メック株式会社,26740510000.0,5914601000.0,7224721000.0,5766868000.0,41814028000.0,30472068000.0,3979322000.0,,-2252707000.0,,,508.0,0.2520458349051624,0.5403550527231435,0.2211850484527034,0.1892509559902531,0.7287522742367705,0.1488124946008883,,,,,,,,,,,,,,,False,0.2701788784133137,0.2156603595069802,0.7519679709647513,0.3585560299756523,-0.8055802718288644,0.3582740727648664,general_operating_margin_ocf_leverage_quality,0.2633665575187763,0.7519679709647513,0.3585560299756523,-0.8055802718288644,0.3582740727648664,0.222519382869513,0.0,1.0359785391336065,0.0,1.1125969143475651,1.0986122886681098,0.0,0.0,0.0,0.0,1.6228956389961116,0.0,-0.4374900164137864,-0.6316485798498609,-0.6525572050265103,0.2393676809359459,半導体・光通信・データセンター・電力,"ai_infrastructure: semiconductor, chip, gpu, hbm, data center, datacenter",0.0,0.2064501172537949,5.109614166478054,0.7522456099124031,0.6421869729103602,True,True,0.0,3.0,0.0,3.0,0.0,3.0,0.0,3.0,,True,True,466.0,0.7631176770249618,151.0,0.9235863474274072,305.0,0.7862964849719817,62.0,0.5106979113601631,1.0,0.9946510443199184,320.0,0.8374936321956189,17.0,0.9918492103922568,Core Moat,22,0.3333383587832977,0.5061988585425058,0.7135517774883262,0.3613598443418187,守る堀,生まれる堀,False,True,2026-06-01,11100.0,0.045547642868692464,227738.2143434623,20,222000.0,0.0444,548.186279296875,0.08
20260430,1662,1662.T,"Japan Petroleum Exploration Co.,Ltd.",Prime Market (Domestic),1050,Mining,2,ENERGY RESOURCES,6,TOPIX Small 1,False,1753.0,1753.0,2114000.0,7950185018.333333,1222.0,0.001707695548061,0.3869032163972441,-0.3492947290274684,0.9866826204211236,4.596057976887961,1222.0,石油資源開発株式会社,389104000000.0,75834000000.0,64221000000.0,82848000000.0,681598000000.0,557257000000.0,130766000000.0,,-38671000000.0,,,1653.0,0.0753391957144415,0.0207443996745932,0.1948939101114355,0.1486710799505434,0.8175742886569503,0.3360695341091327,,,448766967808.0,432063578112.0,8.396399,11.62621,0.7150951,2.52,0.175,255999402.0,85965996032.0,0.0252,8.396399,0.7150951,False,0.1650484189316995,0.2129199391422344,0.6921298865390398,1.025704014002188,-0.1637836711198467,0.2872880872040506,general_operating_margin_ocf_leverage_quality,0.5233723470060516,0.6921298865390398,1.025704014002188,-0.1637836711198467,0.2872880872040506,0.8332052111301265,1.7059801185642671,0.1088080009082623,-0.4346281597679295,-0.1126326277233455,0.0,0.0,0.0,0.0,0.0,-0.5452650101398884,0.0,-0.4374900164137864,-0.6316485798498609,-0.6525572050265103,-0.411080513804854,,,1.4022519813847998,0.4523266499506109,1.2358877538358852,-0.1885592174172702,0.5947713470759264,True,True,0.0,3.0,0.0,3.0,0.0,3.0,0.0,3.0,,True,True,118.0,0.9403973509933776,16.0,0.9923586347427408,1074.0,0.2269485481406011,10.0,0.9954151808456444,212.0,0.8925114620478859,886.0,0.5491594498217015,30.0,0.9852266938359654,Transformation Moat,39,0.8087360399442636,0.2588744729900649,0.5242293874207021,0.5964195040128908,守る堀,変わる堀,False,True,2026-06-01,1753.0,0.04218465034002933,210923.25170014665,120,210360.0,0.042072,548.186279296875,0.08
20260430,4368,4368.T,"FUSO CHEMICAL CO.,LTD.",Prime Market (Domestic),3200,Chemicals,4,RAW MATERIALS & CHEMICALS,6,TOPIX Small 1,False,4475.0,4475.0,1908000.0,2355934975.1916504,1222.0,0.0013246777515792,0.3636943087392735,-0.4194148148153577,2.412293716401199,2.6681718907237153,1222.0,扶桑化学工業株式会社,69501527000.0,18460617000.0,16561893000.0,11622785000.0,141502071000.0,104048977000.0,22701537000.0,,-2409233000.0,,,915.0,0.0075825891225,-0.0578744997970311,0.2656145526126354,0.1117049425675756,0.7353176972229615,0.3266336436032549,,,,,,,,,,,,,,,False,0.2382953830640296,0.1672306422850249,0.6282980704940067,0.9920863975695928,-0.0181530080638578,0.478233585351686,general_operating_margin_ocf_leverage_quality,0.5599420395228661,0.6282980704940067,0.9920863975695928,-0.0181530080638578,0.478233585351686,-0.0892150090033764,0.0,-0.2140107710248624,0.0,-0.4460750450168821,1.0986122886681098,0.0,0.0,0.0,0.0,1.6228956389961116,0.0,-0.4374900164137864,-0.6316485798498609,-0.6525572050265103,0.2393676809359459,半導体・光通信・データセンター・電力,"ai_infrastructure: semiconductor, chip, gpu, hbm, data center, datacenter",0.0,0.2174891638867995,3.770220711764384,-0.0929246433583354,0.6038036993990715,True,True,0.0,3.0,0.0,3.0,0.0,3.0,0.0,3.0,,True,True,100.0,0.9495669893020886,1520.0,0.2261844116148751,305.0,0.7862964849719817,62.0,0.5106979113601631,38.0,0.9811512990320936,794.0,0.5960264900662252,27.0,0.9867549668874172,Core Moat,34,0.3054021164310247,0.3830870384656865,0.8103578917691378,0.3942545893772435,守る堀,生まれる堀,False,True,2026-06-01,4475.0,0.04282527740852056,214126.3870426028,47,210325.0,0.042065,548.186279296875,0.08
20260430,6920,6920.T,Lasertec Corporation,Prime Market (Domestic),3650,Electric Appliances,9,ELECTRIC APPLIANCES & PRECISION INSTRUMENTS,2,TOPIX Large70,False,38380.0,38380.0,2395600.0,170069025650.0,1222.0,0.0011701858664441,0.5691391776085571,-0.7664965808552269,1.935143535073598,0.9184169810893408,1222.0,レーザーテック株式会社,251477000000.0,122843000000.0,119444000000.0,84652000000.0,329601000000.0,209900000000.0,77874000000.0,,-24568000000.0,,,1163.0,0.2827498932083228,0.4043536909403522,0.488486024566859,0.4032968080038113,0.6368305921401938,0.3096664903748653,,,3440025272320.0,3516851552256.0,39.684425,35.14105,15.255912,0.82,1.737,89630673.0,126549000192.0,0.82,39.684425,15.255912,False,0.4749698779610063,0.3366192534506138,1.7139234868200914,0.931636856656654,-1.3072732422343551,1.079985813981028,general_operating_margin_ocf_leverage_quality,0.78732494890053,1.7139234868200914,0.931636856656654,-1.3072732422343551,1.079985813981028,0.0152425652993097,-1.040299620444031,1.5894284541708137,2.6181626365098474,1.0696737408410992,1.3862943611198906,1.3862943611198906,0.0,0.0,0.0,2.1906491179855268,0.0,2.375771403005273,-0.6316485798498609,-0.6525572050265103,0.9723460085165826,半導体・光通信・データセンター・電力;電子部品・精密機器・省人化,"ai_infrastructure: semiconductor, chip, gpu, hbm, data center, datacenter; automation: robot, automation, factory, fa, control, sensor",-0.4722784947997788,0.4608701543299943,2.9219827639608416,1.386046800397687,0.6144637506863098,True,True,0.0,3.0,0.0,3.0,0.0,3.0,0.0,3.0,,True,True,36.0,0.9821701477330615,751.0,0.6179317371370352,2.0,0.957208354559348,1910.0,0.0275089149261334,64.0,0.9679062659195108,116.0,0.9414161996943454,23.0,0.9887926642893532,Future Moat,29,0.1952937850438798,0.893647941077096,0.4478513370512808,0.416964473735638,生まれる堀,守る堀,False,False,2026-06-01,38380.0,0.043581350373988276,217906.7518699414,5,191900.0,0.03838,548.186279296875,0.08
20260430,3723,3723.T,NIHON FALCOM CORPORATION,Growth Market(Domestic),5250,Information & Communication,10,"IT & SERVICES, OTHERS",-,,False,2349.0,2349.0,14200.0,35234886.666666664,1222.0,0.0006256541239648,0.3060472156030265,-0.3234979851593452,1.0837021156526625,0.711737418539506,1222.0,日本ファルコム株式会社,2612982000.0,1340777000.0,1364655000.0,903682000.0,11495220000.0,10877198000.0,1013181000.0,,-204897000.0,,,69.0,0.0277911587196164,0.0044878948924877,0.5131214068830172,0.0830804036112976,0.946236609651664,0.3877489397171507,,,,,,,,,,,,,,,False,0.5222596252098177,0.345843178406893,1.2282952672013618,1.2098242551296832,0.3435695047058835,1.1465012638136065,general_operating_margin_ocf_leverage_quality,1.0303735610067954,1.2282952672013618,1.2098242551296832,0.3435695047058835,1.1465012638136065,-0.0605266065816973,0.0,-0.1962228730569102,0.0,-0.3026330329084865,0.0,0.0,1.6094379124341005,0.6931471805599453,0.0,-0.5452650101398884,0.0,-0.4374900164137864,1.8887661908111724,1.5320127409750823,0.1854386963944602,クラウド・SaaS・業務データ;セキュリティ・監査・信頼,"data_software: software, cloud, saas, system, data, digital; trust_security: security, cyber, inspection, quality, testing, audit",0.0,0.3496120255749523,1.408360951484392,-0.5043790269838638,0.5408860234217779,True,True,0.0,3.0,0.0,3.0,0.0,3.0,0.0,3.0,,True,True,12.0,0.9943963321446764,1334.0,0.3209373408048904,537.0,0.6617422312786552,62.0,0.5106979113601631,185.0,0.9062659195109526,1270.0,0.3535404992358634,42.0,0.979113601630158,Discovery,58,0.3313044149950553,0.3897694104100098,0.7031601287115539,0.4589383013933506,守る堀,生まれる堀,False,False,2026-06-01,2349.0,0.03836278913574474,191813.9456787237,81,190269.0,0.0380538,548.186279296875,0.08
20260430,6419,6419.T,Mars Group Holdings Corporation,Prime Market (Domestic),3600,Machinery,8,MACHINERY,6,TOPIX Small 1,False,2978.0,2978.0,107400.0,281123513.3333333,1222.0,0.0008704043827201,0.3067687712421579,-0.3486870403542387,0.0335855639288373,1.3042390415879486,1222.0,株式会社マースグループホールディングス,42864852000.0,12730845000.0,13086719000.0,8716277000.0,87000896000.0,78230262000.0,10651822000.0,,-3069141000.0,,,630.0,0.4190336016253766,0.7108525924872109,0.2969996257073277,0.1114182258522923,0.8991891531783764,0.2484978135466325,,,,,,,,,,,,,,,False,0.3053018589682754,0.203343219288381,0.8645145676000309,0.7137088175362366,0.3390419057465931,0.5629731777042908,general_operating_margin_ocf_leverage_quality,0.6614103197342467,0.8645145676000309,0.7137088175362366,0.3390419057465931,0.5629731777042908,0.3816155592984073,0.0,1.3546447738476013,0.0,1.9080777964920368,1.0986122886681098,1.3862943611198906,0.0,0.0,0.0,1.6228956389961116,0.0,2.375771403005273,-0.6316485798498609,-0.6525572050265103,0.8020199648197579,半導体・光通信・データセンター・電力;電子部品・精密機器・省人化,"ai_infrastructure: semiconductor, chip, gpu, hbm, data center, datacenter; automation: robot, automation, factory, fa, control, sensor",0.0,0.5344329751908032,-0.4584490040528178,-0.4415860241627929,0.5327466772018008,True,True,0.0,3.0,0.0,3.0,0.0,3.0,0.0,3.0,,True,True,64.0,0.9679062659195108,67.0,0.9663779928680593,169.0,0.8818135506877228,62.0,0.5106979113601631,1426.0,0.2740703005603668,1180.0,0.3993886907794192,49.0,0.9755476311767702,Future Moat,67,0.4012809265388368,0.5254628058840949,0.4962175030984452,0.5094623990643966,分散・橋渡し枠,生まれる堀,False,True,2026-06-01,2978.0,0.03778549926464687,188927.49632323434,63,187614.0,0.0375228,548.186279296875,0.08
20260430,6861,6861.T,KEYENCE CORPORATION,Prime Market (Domestic),3650,Electric Appliances,9,ELECTRIC APPLIANCES & PRECISION INSTRUMENTS,1,TOPIX Core30,False,80220.0,80220.0,554800.0,57849066450.0,1222.0,0.0005749180330024,0.3397606898315455,-0.3977630814336361,0.167838655729867,0.53097161134115,1222.0,株式会社キーエンス,1059145000000.0,549775000000.0,561010000000.0,398656000000.0,3289224000000.0,3108552000000.0,409522000000.0,,-83430000000.0,,,12261.0,0.0715510938180177,0.04973492897524,0.5190743477049885,0.1282449191778036,0.945071542710378,0.3866533855137871,,,19455367184384.0,17934799863808.0,43.728058,42.958355,5.6043563,0.69,0.985,242525136.0,612985995264.0,0.69,43.728058,5.6043563,False,0.5296819604492303,0.3763941669931879,1.360545313560397,1.2059210812886076,0.1320250546966609,1.1625741841165491,general_operating_margin_ocf_leverage_quality,1.036590977830933,1.360545313560397,1.2059210812886076,0.1320250546966609,1.1625741841165491,-0.2240851061920483,-0.9573905341280704,0.0659958129505989,2.1188385253924453,-0.0935321212251859,1.3862943611198906,1.3862943611198906,0.0,0.0,0.0,2.1906491179855268,0.0,2.375771403005273,-0.6316485798498609,-0.6525572050265103,0.9723460085165826,半導体・光通信・データセンター・電力;電子部品・精密機器・省人化,"ai_infrastructure: semiconductor, chip, gpu, hbm, data center, datacenter; automation: robot, automation, factory, fa, control, sensor",-0.499316508214554,0.4717623431240594,-0.2197850120184116,-0.2200874457306681,0.471792586495285,True,True,0.0,3.0,0.0,3.0,0.0,3.0,0.0,3.0,,True,True,11.0,0.9949057564951604,1849.0,0.0585838003056546,2.0,0.957208354559348,1917.0,0.0239429444727457,1112.0,0.434029546612328,911.0,0.5364238410596026,77.0,0.9612837493632196,Core Moat,110,0.1600811835150487,0.8978480085255147,0.929177211910073,0.4333150435904604,生まれる堀,守る堀,False,False,2026-06-01,80220.0,0.033462279903307066,167311.39951653534,2,160440.0,0.032088,548.186279296875,0.08
