code,rank_selected,rank_strong_gp_penalty,rank_change_positive_means_lower
7261,1,1,0
7211,2,2,0
9533,3,3,0
9507,4,4,0
7419,5,5,0
8012,6,6,0
2695,7,7,0
4022,8,8,0
1333,9,9,0
1515,10,10,0
8111,11,11,0
9684,12,12,0
6745,13,13,0
9831,14,14,0
8273,15,15,0
5021,16,16,0
1909,17,17,0
6454,18,18,0
8060,19,19,0
1911,20,20,0
3028,21,21,0
2602,22,22,0
2791,23,23,0
9682,24,24,0
5105,25,25,0
9997,26,26,0
5406,27,27,0
8276,28,28,0
1414,29,29,0
3382,30,30,0
3863,31,31,0
4204,32,32,0
8278,33,33,0
1723,34,34,0
2121,35,35,0
1662,36,36,0
9956,37,37,0
7516,38,38,0
4922,39,39,0
2212,40,40,0
3608,41,41,0
6457,42,42,0
3405,43,43,0
2220,44,44,0
2918,45,45,0
3539,46,46,0
8016,47,47,0
9101,48,48,0
6196,49,49,0
4118,50,50,0
6648,51,51,0
2730,52,52,0
1861,53,53,0
4202,54,54,0
5233,55,55,0
6440,56,56,0
1961,57,57,0
6417,58,58,0
7917,59,59,0
5393,60,60,0
7649,61,61,0
7552,62,62,0
4318,63,63,0
2664,64,64,0
8194,65,65,0
6369,66,66,0
8218,67,67,0
9104,68,68,0
5410,69,69,0
6770,70,70,0
2267,71,71,0
6430,72,72,0
6676,73,73,0
3391,74,74,0
7803,75,75,0
4569,76,76,0
5463,77,77,0
6104,78,78,0
9274,79,79,0
8242,80,80,0
4849,81,81,0
6310,82,82,0
4633,83,83,0
2681,84,84,0
3333,85,85,0
3861,86,86,0
4042,87,87,0
8227,88,88,0
3134,89,89,0
4521,90,90,0
9948,91,91,0
7280,92,92,0
8088,93,93,0
9842,94,94,0
2734,95,95,0
1925,96,96,0
7595,97,97,0
8281,98,98,0
2491,99,99,0
5947,100,100,0
4828,101,101,0
8167,102,102,0
9115,103,103,0
1928,104,104,0
3104,105,105,0
8061,106,106,0
9989,107,107,0
8173,108,108,0
4540,109,109,0
2733,110,110,0
8282,111,111,0
2433,112,112,0
8037,113,113,0
7912,114,114,0
3087,115,115,0
2001,116,116,0
9934,117,117,0
2593,118,118,0
9832,119,119,0
3048,120,120,0
2792,121,121,0
8011,122,122,0
6302,123,123,0
6419,124,124,0
7581,125,125,0
2288,126,126,0
6794,127,127,0
1980,128,128,0
3349,129,129,0
5423,130,130,0
8214,131,131,0
2678,132,132,0
2659,133,133,0
9202,134,134,0
3941,135,135,0
9470,136,136,0
6814,137,137,0
4651,138,138,0
2685,139,139,0
6460,140,140,0
6588,141,141,0
4613,142,142,0
4751,143,143,0
7911,144,144,0
3148,145,145,0
3407,146,146,0
2929,147,147,0
2726,148,148,0
2002,149,149,0
7240,150,150,0
7988,151,151,0
2296,152,152,0
5019,153,153,0
2379,154,154,0
5210,155,155,0
3002,156,156,0
6039,157,157,0
9699,158,158,0
4043,159,159,0
2269,160,160,0
9107,161,161,0
5331,162,162,0
5440,163,163,0
3865,164,164,0
9534,165,165,0
6526,166,166,0
5262,167,167,0
7130,168,168,0
7459,169,169,0
7245,170,170,0
6463,171,171,0
2613,172,172,0
2670,173,173,0
8255,174,174,0
5408,175,175,0
7606,176,176,0
6849,177,177,0
9543,178,178,0
4206,179,179,0
4631,180,180,0
6995,181,181,0
7832,182,182,0
4534,183,183,0
8217,184,184,0
1766,185,185,0
7994,186,186,0
9603,187,187,0
6580,188,188,0
6418,189,189,0
3092,190,190,0
9247,191,191,0
3479,192,192,0
9980,193,193,0
9974,194,194,0
6209,195,195,0
6923,196,196,0
5929,197,197,0
4927,198,198,0
3050,199,199,0
4112,200,200,0
6287,201,201,0
7453,202,202,0
2201,203,203,0
9404,204,204,0
7610,205,205,0
7984,206,206,0
7600,207,207,0
5970,208,208,0
7599,209,209,0
5851,210,210,0
2206,211,211,0
3697,212,212,0
1301,213,213,0
9409,214,214,0
9706,215,215,0
9936,216,216,0
6395,217,217,0
8835,218,218,0
7550,219,219,0
6436,220,220,0
8291,221,221,0
4996,222,222,0
9990,223,223,0
4401,224,224,0
5480,225,225,0
7942,226,226,0
7981,227,227,0
6809,228,228,0
6058,229,229,0
7864,230,230,0
9861,231,231,0
2767,232,232,0
2810,233,233,0
6474,234,234,0
7231,235,235,0
3660,236,236,0
4544,237,237,0
4776,238,238,0
2004,239,239,0
1377,240,240,0
4665,241,241,0
2229,242,242,0
6356,243,243,0
3923,244,244,0
6810,245,245,0
2429,246,246,0
7867,247,247,0
7936,248,248,0
2270,249,249,0
5703,250,250,0
4208,251,251,0
3626,252,252,0
4559,253,253,0
3930,254,254,0
2742,255,255,0
8103,256,256,0
1663,257,257,0
3765,258,258,0
6349,259,259,0
7990,260,260,0
4933,261,261,0
5817,262,262,0
9531,263,263,0
6367,264,264,0
3046,265,265,0
7955,266,266,0
7532,267,267,0
4620,268,268,0
8050,269,269,0
7545,270,270,0
9987,271,271,0
3167,272,272,0
3101,273,273,0
7004,274,274,0
9962,275,275,0
9830,276,276,0
6850,277,277,0
9994,278,278,0
2809,279,279,0
4611,280,280,0
8022,281,281,0
8086,282,282,0
7279,283,283,0
3088,284,284,0
2292,285,285,0
4194,286,286,0
6841,287,287,0
1878,288,288,0
7520,289,289,0
3558,290,290,0
2782,291,291,0
6952,292,292,0
5032,293,293,0
8142,294,294,0
8267,295,295,0
7859,296,296,0
7943,297,297,0
6658,298,298,0
4527,299,299,0
9474,300,300,0
5214,301,301,0
6250,302,302,0
9715,303,303,0
7701,304,304,0
8803,305,305,0
3864,306,306,0
4205,307,307,0
5273,308,308,0
8203,309,309,0
7956,310,310,0
7458,311,311,0
9413,312,312,0
6378,313,313,0
7947,314,314,0
6282,315,315,0
1847,316,316,0
9887,317,317,0
4547,318,318,0
2784,319,319,0
6584,320,320,0
4028,321,321,0
4768,322,322,0
6371,323,323,0
9418,324,324,0
1332,325,325,0
2871,326,326,0
1969,327,327,0
8043,328,328,0
9005,329,329,0
7972,330,330,0
7685,331,331,0
8185,332,332,0
6103,333,333,0
8897,334,334,0
8136,335,335,0
5332,336,336,0
6932,337,337,0
6718,338,338,0
4530,339,339,0
4634,340,340,0
6432,341,341,0
7846,342,342,0
9882,343,343,0
7745,344,344,0
6351,345,345,0
4617,346,346,0
3191,347,347,0
5715,348,348,0
6951,349,349,0
5711,350,350,0
9678,351,351,0
4368,352,352,0
4553,353,353,0
9536,354,354,0
4350,355,355,0
7283,356,356,0
9532,357,357,0
7373,358,358,0
6465,359,359,0
5975,360,360,0
7226,361,361,0
9076,362,362,0
6670,363,363,0
4979,364,364,0
8179,365,365,0
2003,366,366,0
2915,367,367,0
4526,368,368,0
8005,369,369,0
4681,370,370,0
9746,371,371,0
3034,372,372,0
7575,373,373,0
7762,374,374,0
2585,375,375,0
3907,376,376,0
3089,377,377,0
4064,378,378,0
8007,379,379,0
5943,380,380,0
4443,381,381,0
3097,382,382,0
7309,383,383,0
9039,384,384,0
6413,385,385,0
2331,386,386,0
6835,387,387,0
4685,388,388,0
7906,389,389,0
4045,390,390,0
1873,391,391,0
7483,392,392,0
6703,393,393,0
3415,394,394,0
4985,395,395,0
3636,396,396,0
7241,397,397,0
8153,398,398,0
6637,399,399,0
3099,400,400,0
7246,401,401,0
4031,402,402,0
3399,403,403,0
3355,404,404,0
6644,405,405,0
8130,406,406,0
5253,407,407,0
2875,408,408,0
6140,409,409,0
3696,410,410,0
3911,411,411,0
6272,412,412,0
6961,413,413,0
6257,414,414,0
5632,415,415,0
9405,416,416,0
3946,417,417,0
8035,418,418,0
6238,419,419,0
9332,420,420,0
5142,421,421,0
9602,422,422,0
4044,423,423,0
9823,424,424,0
7965,425,425,0
9304,426,426,0
6592,427,427,0
5301,428,428,0
3395,429,429,0
7482,430,430,0
4021,431,431,0
6777,432,432,0
6958,433,433,0
7780,434,434,0
3064,435,435,0
7014,436,436,0
9856,437,437,0
6535,438,438,0
7276,439,439,0
8032,440,440,0
2222,441,441,0
9064,442,442,0
5988,443,443,0
2060,444,444,0
5232,445,445,0
5981,446,446,0
6445,447,447,0
6088,448,448,0
8051,449,449,0
7735,450,450,0
3176,451,451,0
3231,452,452,0
8150,453,453,0
9743,454,454,0
3320,455,455,0
3105,456,456,0
6845,457,457,0
6750,458,458,0
4886,459,459,0
7991,460,460,0
7537,461,461,0
9278,462,462,0
9627,463,463,0
3186,464,464,0
8801,465,465,0
9828,466,466,0
3289,467,467,0
6920,468,468,0
6638,469,469,0
9416,470,470,0
2910,471,471,0
7747,472,472,0
4216,473,473,0
6674,474,474,0
6146,475,475,0
3635,476,476,0
5901,477,477,0
8097,478,478,0
3569,479,479,0
6890,480,480,0
7980,481,481,0
9616,482,482,0
4694,483,483,0
2301,484,484,0
7305,485,485,0
5959,486,486,0
3003,487,487,0
7050,488,488,0
4919,489,489,0
6136,490,490,0
3964,491,491,0
3182,492,492,0
7611,493,493,0
4246,494,494,0
5290,495,495,0
4716,496,496,0
4825,497,497,0
8850,498,498,0
7059,499,499,0
8125,500,500,0
3549,501,501,0
6332,502,502,0
8804,503,503,0
5121,504,504,0
7475,505,505,0
7466,506,506,0
9755,507,507,0
4078,508,508,0
6807,509,509,0
3489,510,510,0
4839,511,511,0
3232,512,512,0
8098,513,513,0
7971,514,514,0
4934,515,515,0
5204,516,516,0
6908,517,517,0
2418,518,518,0
4704,519,519,0
6083,520,520,0
9726,521,521,0
5603,522,522,0
2294,523,523,0
3431,524,524,0
6768,525,525,0
8129,526,526,0
7966,527,527,0
9605,528,528,0
3856,529,529,0
5244,530,530,0
4478,531,531,0
4041,532,532,0
2492,533,533,0
5930,534,534,0
9697,535,535,0
7239,536,536,0
3288,537,537,0
7743,538,538,0
2264,539,539,0
7719,540,540,0
6023,541,541,0
3708,542,542,0
5013,543,543,0
3201,544,544,0
2127,545,545,0
8029,546,546,0
5185,547,547,0
6737,548,548,0
4272,549,549,0
4471,550,550,0
9535,551,551,0
6728,552,552,0
6504,553,553,0
2281,554,554,0
6960,555,555,0
7806,556,556,0
4626,557,557,0
2153,558,558,0
4666,559,559,0
9729,560,560,0
9279,561,561,0
6941,562,562,0
7740,563,563,0
8008,564,564,0
9735,565,565,0
7888,566,566,0
7522,567,567,0
5018,568,568,0
2175,569,569,0
4221,570,570,0
9788,571,571,0
5933,572,572,0
6143,573,573,0
6486,574,574,0
7940,575,575,0
8198,576,576,0
5304,577,577,0
8174,578,578,0
3038,579,579,0
2531,580,580,0
3661,581,581,0
3498,582,582,0
6412,583,583,0
6339,584,584,0
6871,585,585,0
6363,586,586,0
6072,587,587,0
7613,588,588,0
4220,589,589,0
7979,590,590,0
4125,591,591,0
3687,592,592,0
4848,593,593,0
9716,594,594,0
6856,595,595,0
9556,596,596,0
7679,597,597,0
7513,598,598,0
7987,599,599,0
1982,600,600,0
5803,601,601,0
2395,602,602,0
7931,603,603,0
6914,604,604,0
4994,605,605,0
7949,606,606,0
6405,607,607,0
4182,608,608,0
9069,609,609,0
4427,610,610,0
2735,611,611,0
4403,612,612,0
3196,613,613,0
6823,614,614,0
3950,615,615,0
8014,616,616,0
6381,617,617,0
4097,618,618,0
4092,619,619,0
6651,620,620,0
2124,621,621,0
8154,622,622,0
9468,623,623,0
6200,624,624,0
4095,625,625,0
6877,626,626,0
4967,627,627,0
4113,628,628,0
6277,629,629,0
5563,630,630,0
3360,631,631,0
6315,632,632,0
2753,633,633,0
6135,634,634,0
8848,635,635,0
5698,636,636,0
3501,637,637,0
7414,638,638,0
7871,639,639,0
6544,640,640,0
4784,641,641,0
7856,642,642,0
6925,643,643,0
2053,644,644,0
6547,645,645,0
3546,646,646,0
7839,647,647,0
4548,648,648,0
6309,649,649,0
7224,650,650,0
9119,651,651,0
9143,652,652,0
3236,653,653,0
4189,654,654,0
1379,655,655,0
5578,656,656,0
4722,657,657,0
2195,658,658,0
5243,659,659,0
1419,660,660,0
7715,661,661,0
9991,662,662,0
6858,663,663,0
8283,664,664,0
6489,665,665,0
6258,666,666,0
6590,667,667,0
1435,668,668,0
6458,669,669,0
9110,670,670,0
1899,671,671,0
5344,672,672,0
5902,673,673,0
6505,674,674,0
6455,675,675,0
8074,676,676,0
6498,677,677,0
2982,678,678,0
7729,679,679,0
6249,680,680,0
4974,681,681,0
4366,682,682,0
5381,683,683,0
4951,684,684,0
6965,685,685,0
9768,686,686,0
8095,687,687,0
6262,688,688,0
6859,689,689,0
4071,690,690,0
5302,691,691,0
1719,692,692,0
9364,693,693,0
2935,694,694,0
5991,695,695,0
3632,696,696,0
6323,697,697,0
6273,698,698,0
9025,699,699,0
6597,700,700,0
7071,701,701,0
8084,702,702,0
7840,703,703,0
9876,704,704,0
4251,705,705,0
4725,706,706,0
4475,707,707,0
8141,708,708,0
9744,709,709,0
3640,710,710,0
3299,711,711,0
6016,712,712,0
5192,713,713,0
1934,714,714,0
6036,715,715,0
9401,716,716,0
3093,717,717,0
3445,718,718,0
6420,719,719,0
9621,720,720,0
8252,721,721,0
6508,722,722,0
3916,723,723,0
4025,724,724,0
6804,725,725,0
7512,726,726,0
9347,727,727,0
3151,728,728,0
5965,729,729,0
7989,730,730,0
9612,731,731,0
9267,732,732,0
7800,733,733,0
3245,734,734,0
4673,735,735,0
8830,736,736,0
4212,737,737,0
9601,738,738,0
8131,739,739,0
7003,740,740,0
5444,741,741,0
3076,742,742,0
5915,743,743,0
7318,744,744,0
3179,745,745,0
5461,746,746,0
7435,747,747,0
8160,748,748,0
4928,749,749,0
9759,750,750,0
5957,751,751,0
7976,752,752,0
6226,753,753,0
6622,754,754,0
9514,755,755,0
7716,756,756,0
7128,757,757,0
7821,758,758,0
5351,759,759,0
2109,760,760,0
6741,761,761,0
4275,762,762,0
9960,763,763,0
7564,764,764,0
3922,765,765,0
6197,766,766,0
2112,767,767,0
2980,768,768,0
4554,769,769,0
3844,770,770,0
4972,771,771,0
3878,772,772,0
6861,773,773,0
7476,774,774,0
7944,775,775,0
9713,776,776,0
6266,777,777,0
3388,778,778,0
2702,779,779,0
6727,780,780,0
7456,781,781,0
2211,782,782,0
7244,783,783,0
4410,784,784,0
4063,785,785,0
9065,786,786,0
4396,787,787,0
8935,788,788,0
1808,789,789,0
5888,790,790,0
3284,791,791,0
4093,792,792,0
6822,793,793,0
7875,794,794,0
9932,795,795,0
3132,796,796,0
4167,797,797,0
1417,798,798,0
1802,799,799,0
7914,800,800,0
8041,801,801,0
5714,802,802,0
7433,803,803,0
4186,804,804,0
4977,805,805,0
6866,806,806,0
8200,807,807,0
9075,808,808,0
6368,809,809,0
6482,810,810,0
2612,811,811,0
7508,812,812,0
7504,813,813,0
3023,814,814,0
4229,815,815,0
3712,816,816,0
6652,817,817,0
6125,818,818,0
5940,819,819,0
2204,820,820,0
5384,821,821,0
1887,822,822,0
6240,823,823,0
4433,824,824,0
3193,825,825,0
4026,826,826,0
3836,827,827,0
6118,828,828,0
7102,829,829,0
9869,830,830,0
4971,831,831,0
8159,832,832,0
4664,833,833,0
9993,834,834,0
6229,835,835,0
5706,836,836,0
5906,837,837,0
3877,838,838,0
2157,839,839,0
2326,840,840,0
1762,841,841,0
9757,842,842,0
6407,843,843,0
9837,844,844,0
4393,845,845,0
6962,846,846,0
2884,847,847,0
2209,848,848,0
7974,849,849,0
6073,850,850,0
4661,851,851,0
6137,852,852,0
1835,853,853,0
9441,854,854,0
7460,855,855,0
7630,856,856,0
7932,857,857,0
9900,858,858,0
7033,859,859,0
2908,860,860,0
3036,861,861,0
1820,862,862,0
7713,863,863,0
6496,864,864,0
4619,865,865,0
4812,866,866,0
2286,867,867,0
3692,868,868,0
6994,869,869,0
6027,870,870,0
3091,871,871,0
1941,872,872,0
6247,873,873,0
6627,874,874,0
8237,875,875,0
2674,876,876,0
4975,877,877,0
6998,878,878,0
4732,879,879,0
6466,880,880,0
6149,881,881,0
7970,882,882,0
6617,883,883,0
9303,884,884,0
2317,885,885,0
4956,886,886,0
1786,887,887,0
9305,888,888,0
9537,889,889,0
2819,890,890,0
6333,891,891,0
6855,892,892,0
6966,893,893,0
8802,894,894,0
9692,895,895,0
1720,896,896,0
6165,897,897,0
9166,898,898,0
9890,899,899,0
7717,900,900,0
4392,901,901,0
9880,902,902,0
3156,903,903,0
6820,904,904,0
6677,905,905,0
4384,906,906,0
6742,907,907,0
7727,908,908,0
4816,909,909,0
8285,910,910,0
1443,911,911,0
6061,912,912,0
6055,913,913,0
5802,914,914,0
3553,915,915,0
8860,916,916,0
9338,917,917,0
9740,918,918,0
8075,919,919,0
7868,920,920,0
2330,921,921,0
2384,922,922,0
7921,923,923,0
9928,924,924,0
3496,925,925,0
2207,926,926,0
6364,927,927,0
8052,928,928,0
3177,929,929,0
5184,930,930,0
2489,931,931,0
5333,932,932,0
6744,933,933,0
9902,934,934,0
3159,935,935,0
7427,936,936,0
1885,937,937,0
4461,938,938,0
4082,939,939,0
4493,940,940,0
7730,941,941,0
6203,942,942,0
7247,943,943,0
4966,944,944,0
4958,945,945,0
4498,946,946,0
5644,947,947,0
9672,948,948,0
5958,949,949,0
9889,950,950,0
3107,951,951,0
4165,952,952,0
4431,953,953,0
4549,954,954,0
1815,955,955,0
1952,956,956,0
1721,957,957,0
8151,958,958,0
1803,959,959,0
6134,960,960,0
3979,961,961,0
9896,962,962,0
2760,963,963,0
1879,964,964,0
5801,965,965,0
9227,966,966,0
5726,967,967,0
6882,968,968,0
8244,969,969,0
9982,970,970,0
9301,971,971,0
1938,972,972,0
2353,973,973,0
1860,974,974,0
2666,975,975,0
6493,976,976,0
9248,977,977,0
8891,978,978,0
6643,979,979,0
4046,980,980,0
8135,981,981,0
8919,982,982,0
4107,983,983,0
7608,984,984,0
5280,985,985,0
6317,986,986,0
1944,987,987,0
4686,988,988,0
6490,989,989,0
6507,990,990,0
9341,991,991,0
9629,992,992,0
9793,993,993,0
7609,994,994,0
4763,995,995,0
6626,996,996,0
1976,997,997,0
2216,998,998,0
4465,999,999,0
1926,1000,1000,0
1871,1001,1001,0
8117,1002,1002,0
6286,1003,1003,0
7521,1004,1004,0
2737,1005,1005,0
6947,1006,1006,0
3741,1007,1007,0
1930,1008,1008,0
9324,1009,1009,0
4595,1010,1010,0
3433,1011,1011,0
7525,1012,1012,0
5285,1013,1013,0
6834,1014,1014,0
4684,1015,1015,0
9467,1016,1016,0
3139,1017,1017,0
1951,1018,1018,0
3662,1019,1019,0
6862,1020,1020,0
6748,1021,1021,0
4013,1022,1022,0
7811,1023,1023,0
4992,1024,1024,0
9551,1025,1025,0
4371,1026,1026,0
8920,1027,1027,0
7438,1028,1028,0
3915,1029,1029,0
3565,1030,1030,0
1882,1031,1031,0
3110,1032,1032,0
1950,1033,1033,0
6255,1034,1034,0
4055,1035,1035,0
7628,1036,1036,0
8079,1037,1037,0
7646,1038,1038,0
2764,1039,1039,0
6402,1040,1040,0
3611,1041,1041,0
7085,1042,1042,0
2692,1043,1043,0
5757,1044,1044,0
6227,1045,1045,0
1959,1046,1046,0
7235,1047,1047,0
2341,1048,1048,0
6800,1049,1049,0
9438,1050,1050,0
6524,1051,1051,0
3271,1052,1052,0
2653,1053,1053,0
3020,1054,1054,0
4317,1055,1055,0
3627,1056,1056,0
4231,1057,1057,0
9619,1058,1058,0
6824,1059,1059,0
5820,1060,1060,0
6336,1061,1061,0
7551,1062,1062,0
6331,1063,1063,0
5208,1064,1064,0
2354,1065,1065,0
3106,1066,1066,0
6383,1067,1067,0
9553,1068,1068,0
1420,1069,1069,0
5449,1070,1070,0
2475,1071,1071,0
8101,1072,1072,0
6284,1073,1073,0
1870,1074,1074,0
4931,1075,1075,0
4377,1076,1076,0
5363,1077,1077,0
1813,1078,1078,0
4481,1079,1079,0
2907,1080,1080,0
6954,1081,1081,0
6459,1082,1082,0
7614,1083,1083,0
8137,1084,1084,0
1852,1085,1085,0
7291,1086,1086,0
3150,1087,1087,0
7995,1088,1088,0
3396,1089,1089,0
3763,1090,1090,0
5946,1091,1091,0
4733,1092,1092,0
1812,1093,1093,0
6517,1094,1094,0
5976,1095,1095,0
9270,1096,1096,0
3457,1097,1097,0
7925,1098,1098,0
7544,1099,1099,0
2158,1100,1100,0
7254,1101,1101,0
7760,1102,1102,0
6358,1103,1103,0
5574,1104,1104,0
3109,1105,1105,0
8059,1106,1106,0
4075,1107,1107,0
6996,1108,1108,0
3945,1109,1109,0
8917,1110,1110,0
6069,1111,1111,0
7818,1112,1112,0
9846,1113,1113,0
6946,1114,1114,0
5011,1115,1115,0
8091,1116,1116,0
5186,1117,1117,0
8030,1118,1118,0
1801,1119,1119,0
7734,1120,1120,0
5805,1121,1121,0
6999,1122,1122,0
5821,1123,1123,0
3547,1124,1124,0
3486,1125,1125,0
7539,1126,1126,0
8163,1127,1127,0
1946,1128,1128,0
5631,1129,1129,0
4463,1130,1130,0
9424,1131,1131,0
4820,1132,1132,0
6071,1133,1133,0
2652,1134,1134,0
9906,1135,1135,0
6653,1136,1136,0
1799,1137,1137,0
5939,1138,1138,0
3675,1139,1139,0
4187,1140,1140,0
7377,1141,1141,0
7409,1142,1142,0
3321,1143,1143,0
4577,1144,1144,0
9845,1145,1145,0
9068,1146,1146,0
6771,1147,1147,0
7421,1148,1148,0
6387,1149,1149,0
7066,1150,1150,0
9722,1151,1151,0
4027,1152,1152,0
9763,1153,1153,0
9827,1154,1154,0
4826,1155,1155,0
1965,1156,1156,0
6929,1157,1157,0
7874,1158,1158,0
5010,1159,1159,0
7510,1160,1160,0
1384,1161,1161,0
1381,1162,1162,0
7938,1163,1163,0
1942,1164,1164,0
6907,1165,1165,0
6485,1166,1166,0
2415,1167,1167,0
5074,1168,1168,0
9412,1169,1169,0
7722,1170,1170,0
2332,1171,1171,0
9310,1172,1172,0
4099,1173,1173,0
3843,1174,1174,0
5592,1175,1175,0
2533,1176,1176,0
3678,1177,1177,0
4449,1178,1178,0
3131,1179,1179,0
3676,1180,1180,0
4224,1181,1181,0
7885,1182,1182,0
4998,1183,1183,0
7812,1184,1184,0
2815,1185,1185,0
7213,1186,1186,0
1718,1187,1187,0
3778,1188,1188,0
3069,1189,1189,0
7963,1190,1190,0
6345,1191,1191,0
7220,1192,1192,0
2469,1193,1193,0
6382,1194,1194,0
6788,1195,1195,0
9824,1196,1196,0
4170,1197,1197,0
7022,1198,1198,0
1867,1199,1199,0
7094,1200,1200,0
4671,1201,1201,0
9262,1202,1202,0
5161,1203,1203,0
4625,1204,1204,0
7711,1205,1205,0
6070,1206,1206,0
4369,1207,1207,0
1945,1208,1208,0
1433,1209,1209,0
4440,1210,1210,0
5956,1211,1211,0
5819,1212,1212,0
3901,1213,1213,0
6328,1214,1214,0
6264,1215,1215,0
6235,1216,1216,0
9790,1217,1217,0
9259,1218,1218,0
6787,1219,1219,0
6194,1220,1220,0
6915,1221,1221,0
5727,1222,1222,0
7236,1223,1223,0
6379,1224,1224,0
5310,1225,1225,0
3297,1226,1226,0
7927,1227,1227,0
1429,1228,1228,0
4098,1229,1229,0
8023,1230,1230,0
5955,1231,1231,0
3935,1232,1232,0
8927,1233,1233,0
2483,1234,1234,0
2927,1235,1235,0
6289,1236,1236,0
5031,1237,1237,0
8158,1238,1238,0
3607,1239,1239,0
8119,1240,1240,0
6357,1241,1241,0
6291,1242,1242,0
4290,1243,1243,0
5659,1244,1244,0
6539,1245,1245,0
6343,1246,1246,0
8918,1247,1247,0
7723,1248,1248,0
3198,1249,1249,0
3580,1250,1250,0
3154,1251,1251,0
7416,1252,1252,0
7962,1253,1253,0
6278,1254,1254,0
9888,1255,1255,0
2983,1256,1256,0
2215,1257,1257,0
3449,1258,1258,0
3854,1259,1259,0
6029,1260,1260,0
5287,1261,1261,0
3513,1262,1262,0
1810,1263,1263,0
3904,1264,1264,0
3551,1265,1265,0
7607,1266,1266,0
6480,1267,1267,0
7769,1268,1268,0
3683,1269,1269,0
3984,1270,1270,0
6082,1271,1271,0
8999,1272,1272,0
3834,1273,1273,0
4414,1274,1274,0
8152,1275,1275,0
2805,1276,1276,0
6306,1277,1277,0
9159,1278,1278,0
3393,1279,1279,0
4936,1280,1280,0
6223,1281,1281,0
6730,1282,1282,0
4341,1283,1283,0
1822,1284,1284,0
9302,1285,1285,0
5368,1286,1286,0
6837,1287,1287,0
9622,1288,1288,0
8230,1289,1289,0
1979,1290,1290,0
9663,1291,1291,0
9081,1292,1292,0
6340,1293,1293,0
4792,1294,1294,0
6176,1295,1295,0
3371,1296,1296,0
1939,1297,1297,0
6864,1298,1298,0
3773,1299,1299,0
3374,1300,1300,0
5218,1301,1301,0
4406,1302,1302,0
8081,1303,1303,0
5283,1304,1304,0
5284,1305,1305,0
5187,1306,1306,0
1780,1307,1307,0
3181,1308,1308,0
3925,1309,1309,0
4284,1310,1310,0
3562,1311,1311,0
7844,1312,1312,0
3221,1313,1313,0
3544,1314,1314,0
4674,1315,1315,0
6976,1316,1316,0
5367,1317,1317,0
5122,1318,1318,0
5816,1319,1319,0
7509,1320,1320,0
7702,1321,1321,0
9628,1322,1322,0
7554,1323,1323,0
5288,1324,1324,0
3665,1325,1325,0
4641,1326,1326,0
9268,1327,1327,0
4479,1328,1328,0
4800,1329,1329,0
6151,1330,1330,0
3423,1331,1331,0
6294,1332,1332,0
5951,1333,1333,0
6298,1334,1334,0
2410,1335,1335,0
9414,1336,1336,0
6899,1337,1337,0
5282,1338,1338,0
2376,1339,1339,0
8928,1340,1340,0
6492,1341,1341,0
1904,1342,1342,0
6668,1343,1343,0
8864,1344,1344,0
7082,1345,1345,0
6199,1346,1346,0
4168,1347,1347,0
9319,1348,1348,0
4072,1349,1349,0
7590,1350,1350,0
9337,1351,1351,0
9083,1352,1352,0
8070,1353,1353,0
9560,1354,1354,0
5699,1355,1355,0
4379,1356,1356,0
3556,1357,1357,0
6927,1358,1358,0
1966,1359,1359,0
6330,1360,1360,0
2173,1361,1361,0
9702,1362,1362,0
1436,1363,1363,0
5137,1364,1364,0
4062,1365,1365,0
7725,1366,1366,0
3004,1367,1367,0
4709,1368,1368,0
6551,1369,1369,0
3649,1370,1370,0
9308,1371,1371,0
1929,1372,1372,0
1898,1373,1373,0
7823,1374,1374,0
4176,1375,1375,0
3010,1376,1376,0
1975,1377,1377,0
7636,1378,1378,0
7908,1379,1379,0
4362,1380,1380,0
6167,1381,1381,0
4750,1382,1382,0
1716,1383,1383,0
3421,1384,1384,0
6663,1385,1385,0
2933,1386,1386,0
3788,1387,1387,0
4658,1388,1388,0
9312,1389,1389,0
8260,1390,1390,0
6033,1391,1391,0
8132,1392,1392,0
1418,1393,1393,0
5621,1394,1394,0
2930,1395,1395,0
6469,1396,1396,0
4218,1397,1397,0
6157,1398,1398,0
9336,1399,1399,0
6239,1400,1400,0
7570,1401,1401,0
4932,1402,1402,0
3817,1403,1403,0
1407,1404,1404,0
1376,1405,1405,0
4326,1406,1406,0
2594,1407,1407,0
8929,1408,1408,0
3180,1409,1409,0
4308,1410,1410,0
4301,1411,1411,0
3001,1412,1412,0
6184,1413,1413,0
8018,1414,1414,0
7490,1415,1415,0
8065,1416,1416,0
7089,1417,1417,0
2922,1418,1418,0
3199,1419,1419,0
3548,1420,1420,0
2198,1421,1421,0
8040,1422,1422,0
7561,1423,1423,0
9739,1424,1424,0
7463,1425,1425,0
7638,1426,1426,0
9979,1427,1427,0
6989,1428,1428,0
4040,1429,1429,0
3837,1430,1430,0
1447,1431,1431,0
6279,1432,1432,0
9273,1433,1433,0
4829,1434,1434,0
5464,1435,1435,0
4258,1436,1436,0
4477,1437,1437,0
3377,1438,1438,0
3561,1439,1439,0
5892,1440,1440,0
9742,1441,1441,0
8089,1442,1442,0
6092,1443,1443,0
2892,1444,1444,0
5038,1445,1445,0
5261,1446,1446,0
4531,1447,1447,0
4058,1448,1448,0
9450,1449,1449,0
4687,1450,1450,0
7417,1451,1451,0
9037,1452,1452,0
7039,1453,1453,0
3352,1454,1454,0
2790,1455,1455,0
1921,1456,1456,0
5936,1457,1457,0
2440,1458,1458,0
5753,1459,1459,0
5132,1460,1460,0
9385,1461,1461,0
6335,1462,1462,0
7836,1463,1463,0
5279,1464,1464,0
2705,1465,1465,0
1914,1466,1466,0
8123,1467,1467,0
4743,1468,1468,0
6099,1469,1469,0
4109,1470,1470,0
2130,1471,1471,0
4418,1472,1472,0
6391,1473,1473,0
7228,1474,1474,0
1948,1475,1475,0
6360,1476,1476,0
3694,1477,1477,0
7841,1478,1478,0
9767,1479,1479,0
9908,1480,1480,0
5125,1481,1481,0
2424,1482,1482,0
7826,1483,1483,0
7819,1484,1484,0
2325,1485,1485,0
2749,1486,1486,0
7746,1487,1487,0
4390,1488,1488,0
4885,1489,1489,0
6678,1490,1490,0
3267,1491,1491,0
3524,1492,1492,0
4925,1493,1493,0
3776,1494,1494,0
7219,1495,1495,0
6875,1496,1496,0
6832,1497,1497,0
3392,1498,1498,0
5660,1499,1499,0
6393,1500,1500,0
8769,1501,1501,0
6785,1502,1502,0
8841,1503,1503,0
9233,1504,1504,0
6158,1505,1505,0
9090,1506,1506,0
7562,1507,1507,0
2751,1508,1508,0
3040,1509,1509,0
6292,1510,1510,0
1893,1511,1511,0
8157,1512,1512,0
8181,1513,1513,0
6316,1514,1514,0
1828,1515,1515,0
2499,1516,1516,0
2752,1517,1517,0
2750,1518,1518,0
4417,1519,1519,0
7358,1520,1520,0
2217,1521,1521,0
3850,1522,1522,0
6560,1523,1523,0
7081,1524,1524,0
4395,1525,1525,0
4659,1526,1526,0
4783,1527,1527,0
9216,1528,1528,0
4462,1529,1529,0
3276,1530,1530,0
7791,1531,1531,0
2114,1532,1532,0
4746,1533,1533,0
4047,1534,1534,0
7351,1535,1535,0
7464,1536,1536,0
3441,1537,1537,0
4771,1538,1538,0
6337,1539,1539,0
7999,1540,1540,0
5036,1541,1541,0
3804,1542,1542,0
9072,1543,1543,0
6905,1544,1544,0
4629,1545,1545,0
2359,1546,1546,0
7065,1547,1547,0
7018,1548,1548,0
5868,1549,1549,0
6863,1550,1550,0
6035,1551,1551,0
3153,1552,1552,0
4668,1553,1553,0
3963,1554,1554,0
3913,1555,1555,0
2462,1556,1556,0
2344,1557,1557,0
4691,1558,1558,0
4714,1559,1559,0
9761,1560,1560,0
6838,1561,1561,0
9366,1562,1562,0
7953,1563,1563,0
3358,1564,1564,0
8085,1565,1565,0
6540,1566,1566,0
6743,1567,1567,0
7814,1568,1568,0
2208,1569,1569,0
1850,1570,1570,0
5237,1571,1571,0
4367,1572,1572,0
2924,1573,1573,0
4970,1574,1574,0
3434,1575,1575,0
7670,1576,1576,0
2708,1577,1577,0
6145,1578,1578,0
5357,1579,1579,0
3710,1580,1580,0
7359,1581,1581,0
3361,1582,1582,0
6572,1583,1583,0
7299,1584,1584,0
3190,1585,1585,0
9904,1586,1586,0
3024,1587,1587,0
3891,1588,1588,0
6171,1589,1589,0
3542,1590,1590,0
1430,1591,1591,0
5891,1592,1592,0
9165,1593,1593,0
3161,1594,1594,0
4718,1595,1595,0
9639,1596,1596,0
3593,1597,1597,0
2722,1598,1598,0
2385,1599,1599,0
7434,1600,1600,0
7461,1601,1601,0
8207,1602,1602,0
3981,1603,1603,0
3440,1604,1604,0
6161,1605,1605,0
6327,1606,1606,0
7477,1607,1607,0
9704,1608,1608,0
6237,1609,1609,0
9782,1610,1610,0
5254,1611,1611,0
3452,1612,1612,0
3896,1613,1613,0
3733,1614,1614,0
6776,1615,1615,0
6912,1616,1616,0
4439,1617,1617,0
2305,1618,1618,0
6038,1619,1619,0
2669,1620,1620,0
3300,1621,1621,0
7486,1622,1622,0
6231,1623,1623,0
9446,1624,1624,0
8275,1625,1625,0
1967,1626,1626,0
3071,1627,1627,0
3939,1628,1628,0
3771,1629,1629,0
2266,1630,1630,0
1434,1631,1631,0
9539,1632,1632,0
2932,1633,1633,0
9564,1634,1634,0
2303,1635,1635,0
7217,1636,1636,0
7447,1637,1637,0
4262,1638,1638,0
3928,1639,1639,0
4248,1640,1640,0
7218,1641,1641,0
6150,1642,1642,0
7292,1643,1643,0
3031,1644,1644,0
7370,1645,1645,0
5941,1646,1646,0
4238,1647,1647,0
4838,1648,1648,0
4323,1649,1649,0
3968,1650,1650,0
7374,1651,1651,0
8104,1652,1652,0
2485,1653,1653,0
6230,1654,1654,0
8871,1655,1655,0
3359,1656,1656,0
3652,1657,1657,0
2180,1658,1658,0
9867,1659,1659,0
2882,1660,1660,0
7352,1661,1661,0
4274,1662,1662,0
9271,1663,1663,0
8076,1664,1664,0
7425,1665,1665,0
3951,1666,1666,0
7271,1667,1667,0
6494,1668,1668,0
3054,1669,1669,0
5986,1670,1670,0
3135,1671,1671,0
6307,1672,1672,0
3030,1673,1673,0
7131,1674,1674,0
6819,1675,1675,0
7064,1676,1676,0
7804,1677,1677,0
7481,1678,1678,0
2411,1679,1679,0
7480,1680,1680,0
8066,1681,1681,0
4570,1682,1682,0
6093,1683,1683,0
3446,1684,1684,0
7850,1685,1685,0
3035,1686,1686,0
9171,1687,1687,0
5189,1688,1688,0
4761,1689,1689,0
7795,1690,1690,0
7678,1691,1691,0
6224,1692,1692,0
3947,1693,1693,0
9369,1694,1694,0
8904,1695,1695,0
4558,1696,1696,0
3997,1697,1697,0
2497,1698,1698,0
9633,1699,1699,0
9428,1700,1700,0
7986,1701,1701,0
6853,1702,1702,0
7619,1703,1703,0
7827,1704,1704,0
4299,1705,1705,0
5974,1706,1706,0
5984,1707,1707,0
4054,1708,1708,0
7596,1709,1709,0
7538,1710,1710,0
6138,1711,1711,0
3921,1712,1712,0
3195,1713,1713,0
3204,1714,1714,0
3021,1715,1715,0
9368,1716,1716,0
3172,1717,1717,0
3420,1718,1718,0
4343,1719,1719,0
4245,1720,1720,0
2874,1721,1721,0
3353,1722,1722,0
6633,1723,1723,0
4644,1724,1724,0
9976,1725,1725,0
4662,1726,1726,0
9010,1727,1727,0
4015,1728,1728,0
2747,1729,1729,0
9791,1730,1730,0
3011,1731,1731,0
5724,1732,1732,0
2498,1733,1733,0
4923,1734,1734,0
8219,1735,1735,0
7068,1736,1736,0
4074,1737,1737,0
6928,1738,1738,0
2813,1739,1739,0
3698,1740,1740,0
3329,1741,1741,0
6561,1742,1742,0
3799,1743,1743,0
4345,1744,1744,0
4765,1745,1745,0
4809,1746,1746,0
6400,1747,1747,0
9343,1748,1748,0
9351,1749,1749,0
4476,1750,1750,0
9265,1751,1751,0
3166,1752,1752,0
3475,1753,1753,0
7442,1754,1754,0
4012,1755,1755,0
3375,1756,1756,0
2540,1757,1757,0
4628,1758,1758,0
6554,1759,1759,0
6245,1760,1760,0
4243,1761,1761,0
3480,1762,1762,0
5599,1763,1763,0
4627,1764,1764,0
3096,1765,1765,0
8147,1766,1766,0
6342,1767,1767,0
7683,1768,1768,0
6497,1769,1769,0
5858,1770,1770,0
5571,1771,1771,0
9558,1772,1772,0
8818,1773,1773,0
4430,1774,1774,0
3937,1775,1775,0
5982,1776,1776,0
3386,1777,1777,0
3280,1778,1778,0
3583,1779,1779,0
4270,1780,1780,0
9554,1781,1781,0
5587,1782,1782,0
1905,1783,1783,0
4450,1784,1784,0
6424,1785,1785,0
3077,1786,1786,0
3955,1787,1787,0
7793,1788,1788,0
6091,1789,1789,0
4412,1790,1790,0
3744,1791,1791,0
7444,1792,1792,0
7080,1793,1793,0
9647,1794,1794,0
7637,1795,1795,0
3302,1796,1796,0
3418,1797,1797,0
3895,1798,1798,0
7371,1799,1799,0
2573,1800,1800,0
4347,1801,1801,0
4657,1802,1802,0
7775,1803,1803,0
4389,1804,1804,0
2329,1805,1805,0
1446,1806,1806,0
9733,1807,1807,0
3454,1808,1808,0
5582,1809,1809,0
6919,1810,1810,0
7634,1811,1811,0
9306,1812,1812,0
5079,1813,1813,0
4494,1814,1814,0
1724,1815,1815,0
5697,1816,1816,0
7317,1817,1817,0
6763,1818,1818,0
3835,1819,1819,0
6538,1820,1820,0
7919,1821,1821,0
3157,1822,1822,0
5588,1823,1823,0
5194,1824,1824,0
5034,1825,1825,0
7134,1826,1826,0
3417,1827,1827,0
7807,1828,1828,0
3178,1829,1829,0
5983,1830,1830,0
6338,1831,1831,0
9381,1832,1832,0
8914,1833,1833,0
6049,1834,1834,0
9753,1835,1835,0
5885,1836,1836,0
9221,1837,1837,0
3184,1838,1838,0
6248,1839,1839,0
2425,1840,1840,0
6620,1841,1841,0
2488,1842,1842,0
3943,1843,1843,0
7087,1844,1844,0
9478,1845,1845,0
9959,1846,1846,0
4832,1847,1847,0
9709,1848,1848,0
2436,1849,1849,0
4420,1850,1850,0
7808,1851,1851,0
2698,1852,1852,0
7877,1853,1853,0
4019,1854,1854,0
6096,1855,1855,0
6570,1856,1856,0
3075,1857,1857,0
8077,1858,1858,0
6874,1859,1859,0
6182,1860,1860,0
5870,1861,1861,0
7222,1862,1862,0
3435,1863,1863,0
7809,1864,1864,0
7369,1865,1865,0
2449,1866,1866,0
3160,1867,1867,0
3512,1868,1868,0
4574,1869,1869,0
9632,1870,1870,0
3892,1871,1871,0
4811,1872,1872,0
7726,1873,1873,0
4623,1874,1874,0
5138,1875,1875,0
5355,1876,1876,0
6062,1877,1877,0
8908,1878,1878,0
6185,1879,1879,0
6870,1880,1880,0
3826,1881,1881,0
6384,1882,1882,0
6086,1883,1883,0
2055,1884,1884,0
8225,1885,1885,0
6557,1886,1886,0
6564,1887,1887,0
9850,1888,1888,0
1840,1889,1889,0
2820,1890,1890,0
2307,1891,1891,0
5590,1892,1892,0
4492,1893,1893,0
5903,1894,1894,0
7692,1895,1895,0
6180,1896,1896,0
4667,1897,1897,0
9731,1898,1898,0
3958,1899,1899,0
7487,1900,1900,0
3648,1901,1901,0
4772,1902,1902,0
6736,1903,1903,0
3183,1904,1904,0
4973,1905,1905,0
5921,1906,1906,0
3992,1907,1907,0
6365,1908,1908,0
4094,1909,1909,0
5658,1910,1910,0
3912,1911,1911,0
5133,1912,1912,0
4719,1913,1913,0
9017,1914,1914,0
1844,1915,1915,0
7505,1916,1916,0
2122,1917,1917,0
4736,1918,1918,0
7208,1919,1919,0
8144,1920,1920,0
4495,1921,1921,0
2163,1922,1922,0
7088,1923,1923,0
7049,1924,1924,0
5997,1925,1925,0
5248,1926,1926,0
4177,1927,1927,0
4391,1928,1928,0
3842,1929,1929,0
2676,1930,1930,0
6325,1931,1931,0
4524,1932,1932,0
3277,1933,1933,0
4801,1934,1934,0
2221,1935,1935,0
7361,1936,1936,0
6040,1937,1937,0
2461,1938,1938,0
2984,1939,1939,0
9363,1940,1940,0
9311,1941,1941,0
4120,1942,1942,0
2481,1943,1943,0
6647,1944,1944,0
7030,1945,1945,0
9074,1946,1946,0
9029,1947,1947,0
7781,1948,1948,0
5922,1949,1949,0
2009,1950,1950,0
4767,1951,1951,0
4372,1952,1952,0
7805,1953,1953,0
5591,1954,1954,0
9644,1955,1955,0
5992,1956,1956,0
1807,1957,1957,0
2831,1958,1958,0
4237,1959,1959,0
3633,1960,1960,0
1450,1961,1961,0
7506,1962,1962,0
2804,1963,1963,0
9691,1964,1964,0
1717,1965,1965,0
7126,1966,1966,0
6599,1967,1967,0
9242,1968,1968,0
3914,1969,1969,0
6031,1970,1970,0
9780,1971,1971,0
7939,1972,1972,0
7833,1973,1973,0
7643,1974,1974,0
3242,1975,1975,0
3625,1976,1976,0
9872,1977,1977,0
7863,1978,1978,0
5388,1979,1979,0
2268,1980,1980,0
4847,1981,1981,0
1758,1982,1982,0
7368,1983,1983,0
3293,1984,1984,0
4735,1985,1985,0
8115,1986,1986,0
6195,1987,1987,0
6488,1988,1988,0
6969,1989,1989,0
5071,1990,1990,0
7072,1991,1991,0
9930,1992,1992,0
3068,1993,1993,0
2315,1994,1994,0
3944,1995,1995,0
9795,1996,1996,0
3954,1997,1997,0
5869,1998,1998,0
3970,1999,1999,0
7624,2000,2000,0
9769,2001,2001,0
2903,2002,2002,0
9701,2003,2003,0
3598,2004,2004,0
6189,2005,2005,0
7122,2006,2006,0
8996,2007,2007,0
6545,2008,2008,0
4556,2009,2009,0
2934,2010,2010,0
3791,2011,2011,0
7567,2012,2012,0
2689,2013,2013,0
2304,2014,2014,0
6888,2015,2015,0
4926,2016,2016,0
6267,2017,2017,0
6484,2018,2018,0
4011,2019,2019,0
2335,2020,2020,0
5446,2021,2021,0
4198,2022,2022,0
7043,2023,2023,0
5257,2024,2024,0
2464,2025,2025,0
1770,2026,2026,0
3965,2027,2027,0
5609,2028,2028,0
1726,2029,2029,0
9419,2030,2030,0
7061,2031,2031,0
9686,2032,2032,0
1764,2033,2033,0
7284,2034,2034,0
2428,2035,2035,0
2789,2036,2036,0
6044,2037,2037,0
9353,2038,2038,0
7849,2039,2039,0
4256,2040,2040,0
9063,2041,2041,0
7782,2042,2042,0
2373,2043,2043,0
9857,2044,2044,0
9380,2045,2045,0
7792,2046,2046,0
1853,2047,2047,0
6233,2048,2048,0
9799,2049,2049,0
2311,2050,2050,0
4310,2051,2051,0
7523,2052,2052,0
1997,2053,2053,0
7896,2054,2054,0
7073,2055,2055,0
7687,2056,2056,0
9996,2057,2057,0
4261,2058,2058,0
9698,2059,2059,0
6322,2060,2060,0
3777,2061,2061,0
7694,2062,2062,0
9059,2063,2063,0
3266,2064,2064,0
6565,2065,2065,0
9913,2066,2066,0
7112,2067,2067,0
3550,2068,2068,0
5586,2069,2069,0
7918,2070,2070,0
1795,2071,2071,0
9927,2072,2072,0
3294,2073,2073,0
3560,2074,2074,0
2961,2075,2075,0
4287,2076,2076,0
6392,2077,2077,0
6022,2078,2078,0
9272,2079,2079,0
3597,2080,2080,0
7079,2081,2081,0
4320,2082,2082,0
9816,2083,2083,0
3577,2084,2084,0
9818,2085,2085,0
2938,2086,2086,0
9423,2087,2087,0
5966,2088,2088,0
4624,2089,2089,0
6518,2090,2090,0
4437,2091,2091,0
9941,2092,2092,0
9060,2093,2093,0
5576,2094,2094,0
5900,2095,2095,0
3372,2096,2096,0
4960,2097,2097,0
9367,2098,2098,0
3918,2099,2099,0
7673,2100,2100,0
6625,2101,2101,0
6246,2102,2102,0
9220,2103,2103,0
9360,2104,2104,0
8912,2105,2105,0
5033,2106,2106,0
7110,2107,2107,0
3437,2108,2108,0
6050,2109,2109,0
2736,2110,2110,0
2923,2111,2111,0
5945,2112,2112,0
4397,2113,2113,0
3839,2114,2114,0
4334,2115,2115,0
7813,2116,2116,0
7883,2117,2117,0
4754,2118,2118,0
9322,2119,2119,0
6193,2120,2120,0
2911,2121,2121,0
4990,2122,2122,0
5572,2123,2123,0
3920,2124,2124,0
7021,2125,2125,0
9145,2126,2126,0
9162,2127,2127,0
4441,2128,2128,0
3940,2129,2129,0
4374,2130,2130,0
4264,2131,2131,0
1981,2132,2132,0
6144,2133,2133,0
7264,2134,2134,0
2164,2135,2135,0
2477,2136,2136,0
1776,2137,2137,0
5971,2138,2138,0
9685,2139,2139,0
3929,2140,2140,0
5532,2141,2141,0
9346,2142,2142,0
2323,2143,2143,0
1826,2144,2144,0
1736,2145,2145,0
9466,2146,2146,0
4193,2147,2147,0
4386,2148,2148,0
5533,2149,2149,0
6901,2150,2150,0
9057,2151,2151,0
7399,2152,2152,0
5256,2153,2153,0
2901,2154,2154,0
6549,2155,2155,0
3934,2156,2156,0
6543,2157,2157,0
3927,2158,2158,0
7265,2159,2159,0
3800,2160,2160,0
4539,2161,2161,0
5602,2162,2162,0
4442,2163,2163,0
9687,2164,2164,0
7975,2165,2165,0
8138,2166,2166,0
7057,2167,2167,0
5356,2168,2168,0
4728,2169,2169,0
7446,2170,2170,0
1994,2171,2171,0
9036,2172,2172,0
6654,2173,2173,0
7810,2174,2174,0
2185,2175,2175,0
3426,2176,2176,0
2877,2177,2177,0
7133,2178,2178,0
5015,2179,2179,0
4335,2180,2180,0
4356,2181,2181,0
7555,2182,2182,0
3848,2183,2183,0
2999,2184,2184,0
9034,2185,2185,0
3140,2186,2186,0
7686,2187,2187,0
9240,2188,2188,0
3766,2189,2189,0
7515,2190,2190,0
7353,2191,2191,0
2654,2192,2192,0
6042,2193,2193,0
7115,2194,2194,0
4076,2195,2195,0
3063,2196,2196,0
2818,2197,2197,0
6018,2198,2198,0
5589,2199,2199,0
3996,2200,2200,0
5029,2201,2201,0
6848,2202,2202,0
4486,2203,2203,0
6894,2204,2204,0
3082,2205,2205,0
5126,2206,2206,0
6403,2207,2207,0
9218,2208,2208,0
4197,2209,2209,0
7120,2210,2210,0
2378,2211,2211,0
2668,2212,2212,0
5451,2213,2213,0
2179,2214,2214,0
4482,2215,2215,0
4171,2216,2216,0
3306,2217,2217,0
9361,2218,2218,0
6778,2219,2219,0
2970,2220,2220,0
6757,2221,2221,0
3494,2222,2222,0
9264,2223,2223,0
4429,2224,2224,0
7367,2225,2225,0
3045,2226,2226,0
3169,2227,2227,0
2139,2228,2228,0
3671,2229,2229,0
4491,2230,2230,0
6568,2231,2231,0
7472,2232,2232,0
4172,2233,2233,0
7698,2234,2234,0
4642,2235,2235,0
2816,2236,2236,0
6045,2237,2237,0
9986,2238,2238,0
6546,2239,2239,0
7625,2240,2240,0
2916,2241,2241,0
7502,2242,2242,0
9340,2243,2243,0
4008,2244,2244,0
3248,2245,2245,0
4409,2246,2246,0
5969,2247,2247,0
3173,2248,2248,0
9206,2249,2249,0
5458,2250,2250,0
4255,2251,2251,0
3772,2252,2252,0
2300,2253,2253,0
6467,2254,2254,0
6090,2255,2255,0
3123,2256,2256,0
9307,2257,2257,0
6964,2258,2258,0
5199,2259,2259,0
2349,2260,2260,0
1787,2261,2261,0
9355,2262,2262,0
1491,2263,2263,0
3566,2264,2264,0
7273,2265,2265,0
4920,2266,2266,0
3477,2267,2267,0
2936,2268,2268,0
6346,2269,2269,0
9950,2270,2270,0
5542,2271,2271,0
9903,2272,2272,0
3537,2273,2273,0
6159,2274,2274,0
2894,2275,2275,0
6904,2276,2276,0
2993,2277,2277,0
5575,2278,2278,0
4388,2279,2279,0
5967,2280,2280,0
7857,2281,2281,0
2904,2282,2282,0
7902,2283,2283,0
1431,2284,2284,0
4464,2285,2285,0
9640,2286,2286,0
5695,2287,2287,0
4060,2288,2288,0
9339,2289,2289,0
9651,2290,2290,0
3969,2291,2291,0
9820,2292,2292,0
6265,2293,2293,0
8836,2294,2294,0
2393,2295,2295,0
8039,2296,2296,0
9929,2297,2297,0
1788,2298,2298,0
4762,2299,2299,0
9365,2300,2300,0
7129,2301,2301,0
2169,2302,2302,0
7044,2303,2303,0
7565,2304,2304,0
4068,2305,2305,0
9955,2306,2306,0
5028,2307,2307,0
4650,2308,2308,0
7084,2309,2309,0
9476,2310,2310,0
7462,2311,2311,0
8118,2312,2312,0
6563,2313,2313,0
9344,2314,2314,0
3723,2315,2315,0
2408,2316,2316,0
7621,2317,2317,0
2795,2318,2318,0
9325,2319,2319,0
7443,2320,2320,0
4484,2321,2321,0
2391,2322,2322,0
9475,2323,2323,0
7531,2324,2324,0
7314,2325,2325,0
2814,2326,2326,0
5570,2327,2327,0
3988,2328,2328,0
7749,2329,2329,0
5952,2330,2330,0
4102,2331,2331,0
8898,2332,2332,0
9362,2333,2333,0
3682,2334,2334,0
7847,2335,2335,0
7500,2336,2336,0
4421,2337,2337,0
4247,2338,2338,0
7046,2339,2339,0
3841,2340,2340,0
5990,2341,2341,0
5268,2342,2342,0
5484,2343,2343,0
2226,2344,2344,0
7069,2345,2345,0
2937,2346,2346,0
7114,2347,2347,0
9723,2348,2348,0
3317,2349,2349,0
2224,2350,2350,0
9408,2351,2351,0
7097,2352,2352,0
3948,2353,2353,0
3521,2354,2354,0
6087,2355,2355,0
1793,2356,2356,0
9656,2357,2357,0
7075,2358,2358,0
6566,2359,2359,0
9067,2360,2360,0
9256,2361,2361,0
4496,2362,2362,0
4428,2363,2363,0
7682,2364,2364,0
9225,2365,2365,0
5078,2366,2366,0
6537,2367,2367,0
2136,2368,2368,0
7040,2369,2369,0
1897,2370,2370,0
4487,2371,2371,0
7096,2372,2372,0
3202,2373,2373,0
9051,2374,2374,0
5580,2375,2375,0
2778,2376,2376,0
4705,2377,2377,0
9245,2378,2378,0
7681,2379,2379,0
9445,2380,2380,0
1968,2381,2381,0
2798,2382,2382,0
9720,2383,2383,0
4645,2384,2384,0
3138,2385,2385,0
3623,2386,2386,0
8045,2387,2387,0
4398,2388,2388,0
3816,2389,2389,0
4196,2390,2390,0
2806,2391,2391,0
9073,2392,2392,0
1992,2393,2393,0
3461,2394,2394,0
9087,2395,2395,0
3065,2396,2396,0
5867,2397,2397,0
3079,2398,2398,0
5742,2399,2399,0
2683,2400,2400,0
1401,2401,2401,0
6078,2402,2402,0
3802,2403,2403,0
1438,2404,2404,0
9376,2405,2405,0
2186,2406,2406,0
2480,2407,2407,0
4447,2408,2408,0
4769,2409,2409,0
3695,2410,2410,0
9173,2411,2411,0
6063,2412,2412,0
7091,2413,2413,0
6380,2414,2414,0
9246,2415,2415,0
9313,2416,2416,0
3041,2417,2417,0
7037,2418,2418,0
8945,2419,2419,0
4752,2420,2420,0
4766,2421,2421,0
3286,2422,2422,0
3484,2423,2423,0
6396,2424,2424,0
3465,2425,2425,0
9562,2426,2426,0
3469,2427,2427,0
3058,2428,2428,0
9635,2429,2429,0
8946,2430,2430,0
4918,2431,2431,0
9249,2432,2432,0
2597,2433,2433,0
6986,2434,2434,0
5250,2435,2435,0
2780,2436,2436,0
3908,2437,2437,0
1380,2438,2438,0
9223,2439,2439,0
3670,2440,2440,0
2146,2441,2441,0
7851,2442,2442,0
9778,2443,2443,0
2673,2444,2444,0
9326,2445,2445,0
8934,2446,2446,0
2872,2447,2447,0
3536,2448,2448,0
6334,2449,2449,0
9679,2450,2450,0
5962,2451,2451,0
1514,2452,2452,0
5134,2453,2453,0
4394,2454,2454,0
2700,2455,2455,0
7375,2456,2456,0
2479,2457,2457,0
2404,2458,2458,0
4635,2459,2459,0
5911,2460,2460,0
2152,2461,2461,0
2926,2462,2462,0
6707,2463,2463,0
3986,2464,2464,0
8093,2465,2465,0
9661,2466,2466,0
9345,2467,2467,0
4917,2468,2468,0
8226,2469,2469,0
9557,2470,2470,0
7255,2471,2471,0
4968,2472,2472,0
3192,2473,2473,0
7695,2474,2474,0
3252,2475,2475,0
6366,2476,2476,0
2991,2477,2477,0
4361,2478,2478,0
4760,2479,2479,0
7721,2480,2480,0
7494,2481,2481,0
4678,2482,2482,0
3646,2483,2483,0
8869,2484,2484,0
9636,2485,2485,0
6577,2486,2486,0
8881,2487,2487,0
3903,2488,2488,0
5252,2489,2489,0
5491,2490,2490,0
2693,2491,2491,0
3482,2492,2492,0
1814,2493,2493,0
8844,2494,2494,0
4370,2495,2495,0
7997,2496,2496,0
8877,2497,2497,0
2156,2498,2498,0
5445,2499,2499,0
3639,2500,2500,0
4017,2501,2501,0
9253,2502,2502,0
3083,2503,2503,0
7140,2504,2504,0
7412,2505,2505,0
1964,2506,2506,0
3974,2507,2507,0
9342,2508,2508,0
7266,2509,2509,0
4240,2510,2510,0
6254,2511,2511,0
2108,2512,2512,0
6840,2513,2513,0
1833,2514,2514,0
4057,2515,2515,0
7898,2516,2516,0
2337,2517,2517,0
8057,2518,2518,0
1960,2519,2519,0
2986,2520,2520,0
4890,2521,2521,0
2138,2522,2522,0
8202,2523,2523,0
6013,2524,2524,0
6147,2525,2525,0
8892,2526,2526,0
6324,2527,2527,0
4416,2528,2528,0
4914,2529,2529,0
3444,2530,2530,0
4707,2531,2531,0
6074,2532,2532,0
4419,2533,2533,0
5380,2534,2534,0
2981,2535,2535,0
7601,2536,2536,0
3416,2537,2537,0
9244,2538,2538,0
7042,2539,2539,0
7937,2540,2540,0
7214,2541,2541,0
3559,2542,2542,0
4375,2543,2543,0
8078,2544,2544,0
1888,2545,2545,0
7878,2546,2546,0
2445,2547,2547,0
6047,2548,2548,0
8127,2549,2549,0
2975,2550,2550,0
6408,2551,2551,0
8931,2552,2552,0
5909,2553,2553,0
6836,2554,2554,0
2788,2555,2555,0
9914,2556,2556,0
3798,2557,2557,0
3443,2558,2558,0
9193,2559,2559,0
7067,2560,2560,0
6706,2561,2561,0
9765,2562,2562,0
7269,2563,2563,0
9214,2564,2564,0
7215,2565,2565,0
3758,2566,2566,0
7363,2567,2567,0
4935,2568,2568,0
5527,2569,2569,0
4512,2570,2570,0
4444,2571,2571,0
1518,2572,2572,0
5535,2573,2573,0
2586,2574,2574,0
5247,2575,2575,0
8013,2576,2576,0
3985,2577,2577,0
3223,2578,2578,0
1382,2579,2579,0
6208,2580,2580,0
1972,2581,2581,0
8165,2582,2582,0
6918,2583,2583,0
1827,2584,2584,0
9417,2585,2585,0
4016,2586,2586,0
3825,2587,2587,0
8166,2588,2588,0
5025,2589,2589,0
5729,2590,2590,0
9565,2591,2591,0
7201,2592,2592,0
6675,2593,2593,0
3933,2594,2594,0
1811,2595,2595,0
8006,2596,2596,0
3238,2597,2597,0
9501,2598,2712,114
4178,2599,2598,-1
5918,2600,2599,-1
4059,2601,2600,-1
3222,2602,2601,-1
9254,2603,2602,-1
4616,2604,2603,-1
9215,2605,2604,-1
9212,2606,2605,-1
7897,2607,2606,-1
4116,2608,2607,-1
3719,2609,2608,-1
4387,2610,2609,-1
2493,2611,2610,-1
5923,2612,2611,-1
5741,2613,2612,-1
4241,2614,2613,-1
7413,2615,2614,-1
4889,2616,2615,-1
7362,2617,2616,-1
9513,2618,2728,110
2435,2619,2617,-2
9509,2620,2731,111
4175,2621,2618,-3
9506,2622,2735,113
4337,2623,2619,-4
1768,2624,2620,-4
8938,2625,2621,-4
6513,2626,2622,-4
9449,2627,2623,-4
7034,2628,2624,-4
4234,2629,2625,-4
2590,2630,2626,-4
3246,2631,2627,-4
9504,2632,2738,106
9505,2633,2740,107
3350,2634,2628,-6
9022,2635,2741,106
8139,2636,2629,-7
1848,2637,2630,-7
8233,2638,2631,-7
1383,2639,2632,-7
2181,2640,2633,-7
9508,2641,2747,106
8995,2642,2634,-8
9503,2643,2749,106
2998,2644,2635,-9
3467,2645,2636,-9
8046,2646,2637,-9
3571,2647,2638,-9
6898,2648,2639,-9
3880,2649,2640,-9
5973,2650,2641,-9
9502,2651,2758,107
7916,2652,2642,-10
9517,2653,2643,-10
4385,2654,2644,-10
9021,2655,2760,105
3495,2656,2645,-11
6629,2657,2646,-11
6532,2658,2647,-11
4676,2659,2648,-11
9048,2660,2762,102
1444,2661,2649,-12
4404,2662,2650,-12
6472,2663,2651,-12
3042,2664,2652,-12
7946,2665,2653,-12
4228,2666,2654,-12
4061,2667,2655,-12
7095,2668,2656,-12
5928,2669,2657,-12
5471,2670,2658,-12
7083,2671,2659,-12
5949,2672,2660,-12
9552,2673,2661,-12
2978,2674,2662,-12
4415,2675,2663,-12
9024,2676,2772,96
4480,2677,2664,-13
4980,2678,2665,-13
1798,2679,2666,-13
4331,2680,2667,-13
3490,2681,2668,-13
9563,2682,2669,-13
3900,2683,2670,-13
9009,2684,2780,96
9849,2685,2671,-14
9042,2686,2783,97
4680,2687,2672,-15
3932,2688,2673,-15
3538,2689,2674,-15
9041,2690,2784,94
6470,2691,2675,-16
9001,2692,2785,93
9511,2693,2787,94
9044,2694,2790,96
3241,2695,2676,-19
4119,2696,2677,-19
9142,2697,2792,95
9020,2698,2794,96
9031,2699,2795,96
4997,2700,2678,-22
9007,2701,2797,96
3931,2702,2679,-23
3326,2703,2680,-23
1866,2704,2681,-23
4538,2705,2682,-23
2607,2706,2683,-23
9045,2707,2798,91
7357,2708,2684,-24
4413,2709,2685,-24
5076,2710,2686,-24
5337,2711,2687,-24
3657,2712,2688,-24
3993,2713,2689,-24
4249,2714,2690,-24
5162,2715,2691,-24
4004,2716,2692,-24
9003,2717,2802,85
5702,2718,2693,-25
5391,2719,2694,-25
3760,2720,2695,-25
6080,2721,2696,-25
5942,2722,2697,-25
5537,2723,2698,-25
9006,2724,2805,81
6635,2725,2699,-26
2438,2726,2700,-26
4053,2727,2701,-26
7041,2728,2702,-26
5269,2729,2703,-26
7366,2730,2704,-26
9439,2731,2705,-26
4488,2732,2706,-26
5856,2733,2707,-26
4051,2734,2708,-26
9229,2735,2709,-26
7820,2736,2710,-26
4242,2737,2711,-26
4976,2738,2713,-25
6615,2739,2714,-25
3053,2740,2715,-25
4880,2741,2716,-25
7822,2742,2717,-25
7514,2743,2718,-25
9252,2744,2719,-25
6664,2745,2720,-25
3858,2746,2721,-25
9127,2747,2816,69
3111,2748,2722,-26
5612,2749,2723,-26
7571,2750,2724,-26
6186,2751,2725,-26
3168,2752,2726,-26
6059,2753,2727,-26
9436,2754,2818,64
2876,2755,2729,-26
7277,2756,2730,-26
6614,2757,2732,-25
2694,2758,2733,-25
4434,2759,2734,-25
9052,2760,2822,62
9835,2761,2736,-25
9204,2762,2823,61
6495,2763,2737,-26
6533,2764,2739,-25
7356,2765,2742,-23
2687,2766,2743,-23
3645,2767,2744,-23
7297,2768,2745,-23
9812,2769,2746,-23
3793,2770,2748,-22
9046,2771,2833,62
2796,2772,2750,-22
6428,2773,2751,-22
7604,2774,2752,-22
4376,2775,2753,-22
2162,2776,2754,-22
8887,2777,2755,-22
3953,2778,2756,-22
3674,2779,2757,-22
7422,2780,2759,-21
7058,2781,2761,-20
3779,2782,2763,-19
3690,2783,2764,-19
4069,2784,2765,-19
5950,2785,2766,-19
2883,2786,2767,-19
3080,2787,2768,-19
9895,2788,2769,-19
3768,2789,2770,-19
4579,2790,2841,51
7524,2791,2771,-20
5035,2792,2773,-19
7202,2793,2774,-19
3439,2794,2775,-19
7062,2795,2776,-19
6156,2796,2777,-19
2168,2797,2778,-19
9708,2798,2848,50
6578,2799,2779,-20
9241,2800,2781,-19
5704,2801,2782,-19
3401,2802,2786,-16
6772,2803,2788,-15
7272,2804,2789,-15
6178,2805,2850,45
8025,2806,2791,-15
9843,2807,2793,-14
3143,2808,2796,-12
3121,2809,2799,-10
5136,2810,2852,42
7048,2811,2854,43
3622,2812,2800,-12
9421,2813,2801,-12
2997,2814,2803,-11
6037,2815,2861,46
8289,2816,2804,-12
7985,2817,2806,-11
8247,2818,2807,-11
3315,2819,2808,-11
9012,2820,2869,49
5932,2821,2809,-12
3205,2822,2810,-12
5139,2823,2873,50
9049,2824,2875,51
7860,2825,2811,-14
6222,2826,2812,-14
3991,2827,2878,51
7238,2828,2813,-15
4499,2829,2814,-15
6695,2830,2815,-15
9237,2831,2884,53
1963,2832,2817,-15
7031,2833,2819,-14
7952,2834,2820,-14
4552,2835,2821,-14
3436,2836,2824,-12
6963,2837,2825,-12
7212,2838,2826,-12
3998,2839,2827,-12
8105,2840,2828,-12
6054,2841,2829,-12
3529,2842,2830,-12
6390,2843,2831,-12
6769,2844,2832,-12
7602,2845,2834,-11
4380,2846,2904,58
8894,2847,2835,-12
3653,2848,2836,-12
5129,2849,2837,-12
5871,2850,2838,-12
3641,2851,2839,-12
4360,2852,2840,-12
4840,2853,2842,-11
3261,2854,2843,-11
5216,2855,2844,-11
4316,2856,2845,-11
4446,2857,2846,-11
7162,2858,2927,69
6630,2859,2847,-12
6694,2860,2849,-11
9008,2861,2937,76
4169,2862,2851,-11
9130,2863,2943,80
7078,2864,2853,-11
7774,2865,2855,-10
5258,2866,2856,-10
9885,2867,2857,-10
4445,2868,2960,92
6228,2869,2858,-11
3557,2870,2859,-11
5721,2871,2860,-11
2183,2872,2862,-10
3187,2873,2863,-10
5026,2874,2864,-10
7957,2875,2865,-10
4564,2876,2866,-10
3851,2877,2867,-10
6926,2878,2868,-10
9033,2879,2982,103
6425,2880,2870,-10
6218,2881,2871,-10
6943,2882,2872,-10
6612,2883,2874,-9
7127,2884,2876,-8
6619,2885,2877,-8
3663,2886,2879,-7
4259,2887,2880,-7
3600,2888,2881,-7
2931,2889,2882,-7
5884,2890,2883,-7
5541,2891,2885,-6
6659,2892,2886,-6
3796,2893,2887,-6
2293,2894,2888,-6
6699,2895,2889,-6
2917,2896,2890,-6
7035,2897,2891,-6
4174,2898,2892,-6
9219,2899,2893,-6
4014,2900,2894,-6
3936,2901,2895,-6
9854,2902,2896,-6
5852,2903,2897,-6
7887,2904,2898,-6
5619,2905,2899,-6
6844,2906,2900,-6
7677,2907,2901,-6
3994,2908,2902,-6
5985,2909,2903,-6
6522,2910,2905,-5
6521,2911,2906,-5
6081,2912,2907,-5
3103,2913,2908,-5
3905,2914,2909,-5
5246,2915,2910,-5
9946,2916,2911,-5
3656,2917,2912,-5
6867,2918,2913,-5
3668,2919,2914,-5
9235,2920,2915,-5
4884,2921,2916,-5
4584,2922,2917,-5
4344,2923,2918,-5
6997,2924,2919,-5
3070,2925,2920,-5
7707,2926,2921,-5
3840,2927,2922,-5
2342,2928,2923,-5
4448,2929,2924,-5
8944,2930,2925,-5
4814,2931,2926,-5
2484,2932,2928,-4
4222,2933,2929,-4
4888,2934,2930,-4
7922,2935,2931,-4
7578,2936,2932,-4
7294,2937,2933,-4
4100,2938,2934,-4
6552,2939,2935,-4
2321,2940,2936,-4
5994,2941,2938,-3
6798,2942,2939,-3
7837,2943,2940,-3
7640,2944,2941,-3
6613,2945,2942,-3
2437,2946,2944,-2
6232,2947,2945,-2
9213,2948,2946,-2
3137,2949,2947,-2
6955,2950,2948,-2
4192,2951,2949,-2
6433,2952,2950,-2
6666,2953,2951,-2
9444,2954,2952,-2
7872,2955,2953,-2
4978,2956,2954,-2
6616,2957,2955,-2
6094,2958,2956,-2
4588,2959,2957,-2
3059,2960,2958,-2
9625,2961,2959,-2
7038,2962,2961,-1
2375,2963,2962,-1
4591,2964,3064,100
7794,2965,2963,-2
2345,2966,2964,-2
3189,2967,2965,-2
6634,2968,2966,-2
6198,2969,2967,-2
9878,2970,2968,-2
3917,2971,2969,-2
9972,2972,2970,-2
4199,2973,2971,-2
3747,2974,2972,-2
4894,2975,2973,-2
9330,2976,2974,-2
7527,2977,2975,-2
6656,2978,2976,-2
4425,2979,2977,-2
7879,2980,2978,-2
7138,2981,2979,-2
4382,2982,2980,-2
4056,2983,2981,-2
2454,2984,2983,-1
4929,2985,2984,-1
7036,2986,3072,86
4572,2987,2985,-2
7815,2988,2986,-2
4378,2989,2987,-2
4586,2990,2988,-2
4571,2991,2989,-2
9978,2992,2990,-2
6347,2993,2991,-2
7928,2994,2992,-2
3686,2995,2993,-2
7501,2996,2994,-2
3976,2997,2995,-2
6046,2998,2996,-2
3967,2999,2997,-2
3175,3000,2998,-2
3926,3001,2999,-2
3422,3002,3000,-2
2776,3003,3001,-2
5998,3004,3002,-2
3726,3005,3003,-2
6897,3006,3004,-2
2962,3007,3005,-2
3664,3008,3006,-2
7060,3009,3007,-2
4892,3010,3008,-2
3987,3011,3009,-2
5242,3012,3010,-2
9258,3013,3011,-2
4592,3014,3078,64
6177,3015,3012,-3
4583,3016,3013,-3
5905,3017,3014,-3
6155,3018,3015,-3
4883,3019,3081,62
4166,3020,3016,-4
9969,3021,3017,-4
7674,3022,3018,-4
4615,3023,3019,-4
2762,3024,3020,-4
4020,3025,3021,-4
3647,3026,3022,-4
3845,3027,3023,-4
9853,3028,3024,-4
6276,3029,3025,-4
9760,3030,3026,-4
6548,3031,3027,-4
2340,3032,3028,-4
9238,3033,3029,-4
4422,3034,3030,-4
7776,3035,3031,-4
4937,3036,3032,-4
6982,3037,3033,-4
3067,3038,3034,-4
7135,3039,3035,-4
7077,3040,3036,-4
7983,3041,3037,-4
4124,3042,3038,-4
4576,3043,3039,-4
9561,3044,3040,-4
7615,3045,3041,-4
4263,3046,3091,45
4265,3047,3042,-5
3474,3048,3043,-5
6942,3049,3044,-5
4490,3050,3092,42
2370,3051,3045,-6
7709,3052,3046,-6
5987,3053,3047,-6
4288,3054,3048,-6
9082,3055,3049,-6
7360,3056,3050,-6
6190,3057,3051,-6
3672,3058,3052,-6
3807,3059,3053,-6
9425,3060,3054,-6
6662,3061,3055,-6
3815,3062,3056,-6
6775,3063,3057,-6
3370,3064,3058,-6
5618,3065,3059,-6
4679,3066,3060,-6
7901,3067,3061,-6
4599,3068,3097,29
6786,3069,3062,-7
3634,3070,3063,-7
4891,3071,3098,27
4896,3072,3099,27
5131,3073,3065,-8
7426,3074,3066,-8
7886,3075,3067,-8
3909,3076,3068,-8
5240,3077,3069,-8
3803,3078,3070,-8
6977,3079,3071,-8
8143,3080,3073,-7
7376,3081,3074,-7
9331,3082,3075,-7
7093,3083,3076,-7
4833,3084,3077,-7
4052,3085,3079,-6
3624,3086,3080,-6
6579,3087,3082,-5
8254,3088,3083,-5
3910,3089,3084,-5
7865,3090,3085,-5
9327,3091,3086,-5
4424,3092,3087,-5
2459,3093,3088,-5
4720,3094,3089,-5
7585,3095,3090,-5
7689,3096,3093,-3
9236,3097,3094,-3
6558,3098,3095,-3
5616,3099,3096,-3
